INSERT INTO brand(id, brand_name)
VALUES
	(1, 'Sloan');
INSERT INTO category(id, category_name, parent_id)
VALUES
	(1, 'Living', null),
	(2, 'Sectionals', 1),
	(3, 'Chaise sectionals', 2);
INSERT INTO product(product_id, product_name, brand_id, category_id)
VALUES
	(1, 'Sloan Left Chaise Sectional', 1, 3),
	(2, 'Sloan Leather Left Chaise Sectional', 1, 3),
	(3, 'Sloan Right Chaise Sectional', 1, 3),
	(4, 'Sloan Leather Right Chaise Sectional', 1, 3);
INSERT INTO option(product_id, option_id, option_name)
VALUES
	(1, 1, 'material_type'),
	(1, 2, 'legs_type'),
	(2, 1, 'material_type'),
	(2, 2, 'legs_type'),
	(3, 1, 'material_type'),
	(3, 2, 'legs_type'),
	(4, 1, 'material_type'),
	(4, 2, 'legs_type');
INSERT INTO option_value(product_id, option_id, value_id, value_name, sku, image)
VALUES
	(1, 1, 1, 'Opal', 'BI-132', 'https://media.interiordefine.com/media//swatches/thumbnail/1635282882_bi-132_perf-textured-weave_opal.jpg'),
	(1, 1, 2, 'Abyss', 'BI-134', 'https://media.interiordefine.com/media//swatches/thumbnail/1635283281_bi-134_perf-textured-weave_abyss.jpg'),
	(1, 1, 3, 'Pepper', 'BI-133', 'https://media.interiordefine.com/media//swatches/thumbnail/1636491418_bi-133_perf-textured-weave_pepper.jpg'),
	(1, 1, 4, 'Coral', 'SE-161', 'https://media.interiordefine.com/media//swatches/thumbnail/1636664642_se-161_perf-velvet_coral.jpg'),
	(1, 1, 5, 'Rust', 'SE-167', 'https://media.interiordefine.com/media//swatches/thumbnail/1636664691_se-167_perf-velvet_rust.jpg'),
	(1, 1, 6, 'Wine', 'SE-171', 'https://media.interiordefine.com/media//swatches/thumbnail/1636664736_se-171_perf-velvet_wine.jpg'),
	(1, 1, 7, 'Fawn', 'SE-172', 'https://media.interiordefine.com/media//swatches/thumbnail/1636664855_se-172_perf-velvet_fawn.jpg'),
	(1, 1, 8, 'Marigold', 'SE-170', 'https://media.interiordefine.com/media//swatches/thumbnail/1636664921_se-170_perf-velvet_marigold.jpg'),
	(1, 1, 9, 'Sage', 'SE-173', 'https://media.interiordefine.com/media//swatches/thumbnail/1636664968_se-173_perf-velvet_sage.jpg'),
	(1, 1, 10, 'Peacock', 'SE-166', 'https://media.interiordefine.com/media//swatches/thumbnail/1636665016_se-166_perf-velvet_peacock.jpg'),
	(1, 2, 1, 'Oiled Walnut', 'Leg001-1', 'https://d2cquv6wfilehq.cloudfront.net/media/legs/thumbnail/tapered_round_wood_legs_oiled_walnut_2.jpg'),
	(1, 2, 2, 'Natural Oak', 'Leg001-2', 'https://d2cquv6wfilehq.cloudfront.net/media/legs/thumbnail/tapered_round_wood_legs_white_oak_2.jpg'),
	(1, 2, 3, 'Painted Black', 'Leg001-3', 'https://d2cquv6wfilehq.cloudfront.net/media/legs/thumbnail/tapered_round_wood_legs_painted_black_2.jpg'),
	(1, 2, 4, 'Chrome Plated', 'Leg008-1', 'https://d2cquv6wfilehq.cloudfront.net/media/legs/thumbnail/sloan_metal_legs_chrome-plated_v2.jpg'),
	(1, 2, 5, 'Brass Plated', 'Leg008-3', 'https://d2cquv6wfilehq.cloudfront.net/media/legs/thumbnail/sloan_metal_legs_brass-plated_v2.jpg'),
	(1, 2, 6, 'Matte Black', 'Leg008-2', 'https://d2cquv6wfilehq.cloudfront.net/media/legs/thumbnail/sloan_metal_legs_matte_black_v2.jpg'),
	(1, 2, 7, 'Natural Oak', 'Leg002-2', 'https://d2cquv6wfilehq.cloudfront.net/media/legs/thumbnail/tapered_square_wood_legs_white_oak_2.jpg'),
	(1, 2, 8, 'Painted Black', 'Leg002-3', 'https://d2cquv6wfilehq.cloudfront.net/media/legs/thumbnail/tapered_square_wood_legs_painted_black_1.jpg'),
	(1, 2, 9, 'Oiled Walnut', 'Leg002-4', 'https://d2cquv6wfilehq.cloudfront.net/media/legs/thumbnail/tapered_square_wood_legs_oiled_walnut_1.jpg'),
	(1, 2, 10, 'Matte Black', 'Leg014-2', 'https://d2cquv6wfilehq.cloudfront.net/media/legs/thumbnail/tapered_turned_leg_in_matte_black.jpg'),
	(2, 1, 1, 'Palomino', '2210A', 'https://media.interiordefine.com/media//swatches/thumbnail/1635282325_2210a_leather_palomino.jpg'),
	(2, 1, 2, 'Fossil', 'LTHR-02', 'https://media.interiordefine.com/media//swatches/thumbnail/1635460822_lthr-02_pigment-dyed-leather_fossil.jpg'),
	(2, 1, 3, 'Pecan', '8519A', 'https://media.interiordefine.com/media//swatches/thumbnail/1635282459_8519a_leather_pecan.jpg'),
	(2, 1, 4, 'Cognac', 'LTHR-01', 'https://media.interiordefine.com/media//swatches/thumbnail/1635460763_lthr-01_pigment-dyed-leather_cognac.jpg'),
	(2, 1, 5, 'Flint', 'LTHR-03', 'https://media.interiordefine.com/media//swatches/thumbnail/1635460886_lthr-03_pigment-dyed-leather_flint.jpg'),
	(2, 1, 6, 'Hunter', 'LTHR-05', 'https://media.interiordefine.com/media//swatches/thumbnail/1635461001_lthr-05_pigment-dyed-leather_hunter.jpg'),
	(2, 1, 7, 'Marine Blue', 'LTHR-04', 'https://media.interiordefine.com/media//swatches/thumbnail/1635460947_lthr-04_pigment-dyed-leather_marine-blue.jpg'),
	(2, 1, 8, 'Nightfall', 'LTHR-06', 'https://media.interiordefine.com/media//swatches/thumbnail/1635461089_lthr-06_pigment-dyed-leather_nightfall.jpg'),
	(2, 2, 1, 'Chrome Plated', 'Leg008-1', 'https://d2cquv6wfilehq.cloudfront.net/media/legs/thumbnail/sloan_metal_legs_chrome-plated_v2.jpg'),
	(2, 2, 2, 'Brass Plated', 'Leg008-3', 'https://d2cquv6wfilehq.cloudfront.net/media/legs/thumbnail/sloan_metal_legs_brass-plated_v2.jpg'),
	(2, 2, 3, 'Matte Black', 'Leg008-2', 'https://d2cquv6wfilehq.cloudfront.net/media/legs/thumbnail/sloan_metal_legs_matte_black_v2.jpg'),
	(2, 2, 4, 'Oiled Walnut', 'Leg001-1', 'https://d2cquv6wfilehq.cloudfront.net/media/legs/thumbnail/tapered_round_wood_legs_oiled_walnut_2.jpg'),
	(2, 2, 5, 'Natural Oak', 'Leg001-2', 'https://d2cquv6wfilehq.cloudfront.net/media/legs/thumbnail/tapered_round_wood_legs_white_oak_2.jpg'),
	(2, 2, 6, 'Painted Black', 'Leg001-3', 'https://d2cquv6wfilehq.cloudfront.net/media/legs/thumbnail/tapered_round_wood_legs_painted_black_2.jpg'),
	(2, 2, 7, 'Natural Oak', 'Leg002-2', 'https://d2cquv6wfilehq.cloudfront.net/media/legs/thumbnail/tapered_square_wood_legs_white_oak_2.jpg'),
	(2, 2, 8, 'Painted Black', 'Leg002-3', 'https://d2cquv6wfilehq.cloudfront.net/media/legs/thumbnail/tapered_square_wood_legs_painted_black_1.jpg'),
	(2, 2, 9, 'Oiled Walnut', 'Leg002-4', 'https://d2cquv6wfilehq.cloudfront.net/media/legs/thumbnail/tapered_square_wood_legs_oiled_walnut_1.jpg'),
	(2, 2, 10, 'Matte Black', 'Leg014-2', 'https://d2cquv6wfilehq.cloudfront.net/media/legs/thumbnail/tapered_turned_leg_in_matte_black.jpg'),
	(3, 1, 1, 'Opal', 'BI-132', 'https://media.interiordefine.com/media//swatches/thumbnail/1635282882_bi-132_perf-textured-weave_opal.jpg'),
	(3, 1, 2, 'Abyss', 'BI-134', 'https://media.interiordefine.com/media//swatches/thumbnail/1635283281_bi-134_perf-textured-weave_abyss.jpg'),
	(3, 1, 3, 'Pepper', 'BI-133', 'https://media.interiordefine.com/media//swatches/thumbnail/1636491418_bi-133_perf-textured-weave_pepper.jpg'),
	(3, 1, 4, 'Coral', 'SE-161', 'https://media.interiordefine.com/media//swatches/thumbnail/1636664642_se-161_perf-velvet_coral.jpg'),
	(3, 1, 5, 'Rust', 'SE-167', 'https://media.interiordefine.com/media//swatches/thumbnail/1636664691_se-167_perf-velvet_rust.jpg'),
	(3, 1, 6, 'Wine', 'SE-171', 'https://media.interiordefine.com/media//swatches/thumbnail/1636664736_se-171_perf-velvet_wine.jpg'),
	(3, 1, 7, 'Fawn', 'SE-172', 'https://media.interiordefine.com/media//swatches/thumbnail/1636664855_se-172_perf-velvet_fawn.jpg'),
	(3, 1, 8, 'Marigold', 'SE-170', 'https://media.interiordefine.com/media//swatches/thumbnail/1636664921_se-170_perf-velvet_marigold.jpg'),
	(3, 1, 9, 'Sage', 'SE-173', 'https://media.interiordefine.com/media//swatches/thumbnail/1636664968_se-173_perf-velvet_sage.jpg'),
	(3, 1, 10, 'Peacock', 'SE-166', 'https://media.interiordefine.com/media//swatches/thumbnail/1636665016_se-166_perf-velvet_peacock.jpg'),
	(3, 2, 1, 'Oiled Walnut', 'Leg001-1', 'https://d2cquv6wfilehq.cloudfront.net/media/legs/thumbnail/tapered_round_wood_legs_oiled_walnut_2.jpg'),
	(3, 2, 2, 'Natural Oak', 'Leg001-2', 'https://d2cquv6wfilehq.cloudfront.net/media/legs/thumbnail/tapered_round_wood_legs_white_oak_2.jpg'),
	(3, 2, 3, 'Painted Black', 'Leg001-3', 'https://d2cquv6wfilehq.cloudfront.net/media/legs/thumbnail/tapered_round_wood_legs_painted_black_2.jpg'),
	(3, 2, 4, 'Chrome Plated', 'Leg008-1', 'https://d2cquv6wfilehq.cloudfront.net/media/legs/thumbnail/sloan_metal_legs_chrome-plated_v2.jpg'),
	(3, 2, 5, 'Brass Plated', 'Leg008-3', 'https://d2cquv6wfilehq.cloudfront.net/media/legs/thumbnail/sloan_metal_legs_brass-plated_v2.jpg'),
	(3, 2, 6, 'Matte Black', 'Leg008-2', 'https://d2cquv6wfilehq.cloudfront.net/media/legs/thumbnail/sloan_metal_legs_matte_black_v2.jpg'),
	(3, 2, 7, 'Natural Oak', 'Leg002-2', 'https://d2cquv6wfilehq.cloudfront.net/media/legs/thumbnail/tapered_square_wood_legs_white_oak_2.jpg'),
	(3, 2, 8, 'Painted Black', 'Leg002-3', 'https://d2cquv6wfilehq.cloudfront.net/media/legs/thumbnail/tapered_square_wood_legs_painted_black_1.jpg'),
	(3, 2, 9, 'Oiled Walnut', 'Leg002-4', 'https://d2cquv6wfilehq.cloudfront.net/media/legs/thumbnail/tapered_square_wood_legs_oiled_walnut_1.jpg'),
	(3, 2, 10, 'Matte Black', 'Leg014-2', 'https://d2cquv6wfilehq.cloudfront.net/media/legs/thumbnail/tapered_turned_leg_in_matte_black.jpg'),
	(4, 1, 1, 'Palomino', '2210A', 'https://media.interiordefine.com/media//swatches/thumbnail/1635282325_2210a_leather_palomino.jpg'),
	(4, 1, 2, 'Fossil', 'LTHR-02', 'https://media.interiordefine.com/media//swatches/thumbnail/1635460822_lthr-02_pigment-dyed-leather_fossil.jpg'),
	(4, 1, 3, 'Pecan', '8519A', 'https://media.interiordefine.com/media//swatches/thumbnail/1635282459_8519a_leather_pecan.jpg'),
	(4, 1, 4, 'Cognac', 'LTHR-01', 'https://media.interiordefine.com/media//swatches/thumbnail/1635460763_lthr-01_pigment-dyed-leather_cognac.jpg'),
	(4, 1, 5, 'Flint', 'LTHR-03', 'https://media.interiordefine.com/media//swatches/thumbnail/1635460886_lthr-03_pigment-dyed-leather_flint.jpg'),
	(4, 1, 6, 'Hunter', 'LTHR-05', 'https://media.interiordefine.com/media//swatches/thumbnail/1635461001_lthr-05_pigment-dyed-leather_hunter.jpg'),
	(4, 1, 7, 'Marine Blue', 'LTHR-04', 'https://media.interiordefine.com/media//swatches/thumbnail/1635460947_lthr-04_pigment-dyed-leather_marine-blue.jpg'),
	(4, 1, 8, 'Nightfall', 'LTHR-06', 'https://media.interiordefine.com/media//swatches/thumbnail/1635461089_lthr-06_pigment-dyed-leather_nightfall.jpg'),
	(4, 2, 1, 'Chrome Plated', 'Leg008-1', 'https://d2cquv6wfilehq.cloudfront.net/media/legs/thumbnail/sloan_metal_legs_chrome-plated_v2.jpg'),
	(4, 2, 2, 'Brass Plated', 'Leg008-3', 'https://d2cquv6wfilehq.cloudfront.net/media/legs/thumbnail/sloan_metal_legs_brass-plated_v2.jpg'),
	(4, 2, 3, 'Matte Black', 'Leg008-2', 'https://d2cquv6wfilehq.cloudfront.net/media/legs/thumbnail/sloan_metal_legs_matte_black_v2.jpg'),
	(4, 2, 4, 'Oiled Walnut', 'Leg001-1', 'https://d2cquv6wfilehq.cloudfront.net/media/legs/thumbnail/tapered_round_wood_legs_oiled_walnut_2.jpg'),
	(4, 2, 5, 'Natural Oak', 'Leg001-2', 'https://d2cquv6wfilehq.cloudfront.net/media/legs/thumbnail/tapered_round_wood_legs_white_oak_2.jpg'),
	(4, 2, 6, 'Painted Black', 'Leg001-3', 'https://d2cquv6wfilehq.cloudfront.net/media/legs/thumbnail/tapered_round_wood_legs_painted_black_2.jpg'),
	(4, 2, 7, 'Natural Oak', 'Leg002-2', 'https://d2cquv6wfilehq.cloudfront.net/media/legs/thumbnail/tapered_square_wood_legs_white_oak_2.jpg'),
	(4, 2, 8, 'Painted Black', 'Leg002-3', 'https://d2cquv6wfilehq.cloudfront.net/media/legs/thumbnail/tapered_square_wood_legs_painted_black_1.jpg'),
	(4, 2, 9, 'Oiled Walnut', 'Leg002-4', 'https://d2cquv6wfilehq.cloudfront.net/media/legs/thumbnail/tapered_square_wood_legs_oiled_walnut_1.jpg'),
	(4, 2, 10, 'Matte Black', 'Leg014-2', 'https://d2cquv6wfilehq.cloudfront.net/media/legs/thumbnail/tapered_turned_leg_in_matte_black.jpg');
INSERT INTO product_variant(product_id, variant_id, image)
VALUES
	(1, 1, 'https://content.cylindo.com/api/v2/4472/products/SLON.FABRIC.SECT.CSLEFT/frames/1/SLON.FABRIC.SECT.CSLEFT.JPG?background=FFFFFF&feature=COLOR:BI-132&feature=FINISH:Leg001-1&feature=CUSHIONS:CUSHION-2&feature=DEPTH:DEPTH-36&feature=CHAISE%20LENGTH:CHAISE-63&feature=CHAISE%20WIDTH:CHAISEWIDTH-35'),
	(1, 2, 'https://content.cylindo.com/api/v2/4472/products/SLON.FABRIC.SECT.CSLEFT/frames/1/SLON.FABRIC.SECT.CSLEFT.JPG?background=FFFFFF&feature=COLOR:BI-132&feature=FINISH:Leg001-2&feature=CUSHIONS:CUSHION-2&feature=DEPTH:DEPTH-36&feature=CHAISE%20LENGTH:CHAISE-63&feature=CHAISE%20WIDTH:CHAISEWIDTH-35'),
	(1, 3, 'https://content.cylindo.com/api/v2/4472/products/SLON.FABRIC.SECT.CSLEFT/frames/1/SLON.FABRIC.SECT.CSLEFT.JPG?background=FFFFFF&feature=COLOR:BI-132&feature=FINISH:Leg001-3&feature=CUSHIONS:CUSHION-2&feature=DEPTH:DEPTH-36&feature=CHAISE%20LENGTH:CHAISE-63&feature=CHAISE%20WIDTH:CHAISEWIDTH-35'),
	(1, 4, 'https://content.cylindo.com/api/v2/4472/products/SLON.FABRIC.SECT.CSLEFT/frames/1/SLON.FABRIC.SECT.CSLEFT.JPG?background=FFFFFF&feature=COLOR:BI-132&feature=FINISH:Leg008-1&feature=CUSHIONS:CUSHION-2&feature=DEPTH:DEPTH-36&feature=CHAISE%20LENGTH:CHAISE-63&feature=CHAISE%20WIDTH:CHAISEWIDTH-35'),
	(1, 5, 'https://content.cylindo.com/api/v2/4472/products/SLON.FABRIC.SECT.CSLEFT/frames/1/SLON.FABRIC.SECT.CSLEFT.JPG?background=FFFFFF&feature=COLOR:BI-132&feature=FINISH:Leg008-3&feature=CUSHIONS:CUSHION-2&feature=DEPTH:DEPTH-36&feature=CHAISE%20LENGTH:CHAISE-63&feature=CHAISE%20WIDTH:CHAISEWIDTH-35'),
	(1, 6, 'https://content.cylindo.com/api/v2/4472/products/SLON.FABRIC.SECT.CSLEFT/frames/1/SLON.FABRIC.SECT.CSLEFT.JPG?background=FFFFFF&feature=COLOR:BI-132&feature=FINISH:Leg008-2&feature=CUSHIONS:CUSHION-2&feature=DEPTH:DEPTH-36&feature=CHAISE%20LENGTH:CHAISE-63&feature=CHAISE%20WIDTH:CHAISEWIDTH-35'),
	(1, 7, 'https://content.cylindo.com/api/v2/4472/products/SLON.FABRIC.SECT.CSLEFT/frames/1/SLON.FABRIC.SECT.CSLEFT.JPG?background=FFFFFF&feature=COLOR:BI-132&feature=FINISH:Leg002-2&feature=CUSHIONS:CUSHION-2&feature=DEPTH:DEPTH-36&feature=CHAISE%20LENGTH:CHAISE-63&feature=CHAISE%20WIDTH:CHAISEWIDTH-35'),
	(1, 8, 'https://content.cylindo.com/api/v2/4472/products/SLON.FABRIC.SECT.CSLEFT/frames/1/SLON.FABRIC.SECT.CSLEFT.JPG?background=FFFFFF&feature=COLOR:BI-132&feature=FINISH:Leg002-3&feature=CUSHIONS:CUSHION-2&feature=DEPTH:DEPTH-36&feature=CHAISE%20LENGTH:CHAISE-63&feature=CHAISE%20WIDTH:CHAISEWIDTH-35'),
	(1, 9, 'https://content.cylindo.com/api/v2/4472/products/SLON.FABRIC.SECT.CSLEFT/frames/1/SLON.FABRIC.SECT.CSLEFT.JPG?background=FFFFFF&feature=COLOR:BI-132&feature=FINISH:Leg002-4&feature=CUSHIONS:CUSHION-2&feature=DEPTH:DEPTH-36&feature=CHAISE%20LENGTH:CHAISE-63&feature=CHAISE%20WIDTH:CHAISEWIDTH-35'),
	(1, 10, 'https://content.cylindo.com/api/v2/4472/products/SLON.FABRIC.SECT.CSLEFT/frames/1/SLON.FABRIC.SECT.CSLEFT.JPG?background=FFFFFF&feature=COLOR:BI-132&feature=FINISH:Leg014-2&feature=CUSHIONS:CUSHION-2&feature=DEPTH:DEPTH-36&feature=CHAISE%20LENGTH:CHAISE-63&feature=CHAISE%20WIDTH:CHAISEWIDTH-35'),
	(1, 11, 'https://content.cylindo.com/api/v2/4472/products/SLON.FABRIC.SECT.CSLEFT/frames/1/SLON.FABRIC.SECT.CSLEFT.JPG?background=FFFFFF&feature=COLOR:BI-134&feature=FINISH:Leg001-1&feature=CUSHIONS:CUSHION-2&feature=DEPTH:DEPTH-36&feature=CHAISE%20LENGTH:CHAISE-63&feature=CHAISE%20WIDTH:CHAISEWIDTH-35'),
	(1, 12, 'https://content.cylindo.com/api/v2/4472/products/SLON.FABRIC.SECT.CSLEFT/frames/1/SLON.FABRIC.SECT.CSLEFT.JPG?background=FFFFFF&feature=COLOR:BI-134&feature=FINISH:Leg001-2&feature=CUSHIONS:CUSHION-2&feature=DEPTH:DEPTH-36&feature=CHAISE%20LENGTH:CHAISE-63&feature=CHAISE%20WIDTH:CHAISEWIDTH-35'),
	(1, 13, 'https://content.cylindo.com/api/v2/4472/products/SLON.FABRIC.SECT.CSLEFT/frames/1/SLON.FABRIC.SECT.CSLEFT.JPG?background=FFFFFF&feature=COLOR:BI-134&feature=FINISH:Leg001-3&feature=CUSHIONS:CUSHION-2&feature=DEPTH:DEPTH-36&feature=CHAISE%20LENGTH:CHAISE-63&feature=CHAISE%20WIDTH:CHAISEWIDTH-35'),
	(1, 14, 'https://content.cylindo.com/api/v2/4472/products/SLON.FABRIC.SECT.CSLEFT/frames/1/SLON.FABRIC.SECT.CSLEFT.JPG?background=FFFFFF&feature=COLOR:BI-134&feature=FINISH:Leg008-1&feature=CUSHIONS:CUSHION-2&feature=DEPTH:DEPTH-36&feature=CHAISE%20LENGTH:CHAISE-63&feature=CHAISE%20WIDTH:CHAISEWIDTH-35'),
	(1, 15, 'https://content.cylindo.com/api/v2/4472/products/SLON.FABRIC.SECT.CSLEFT/frames/1/SLON.FABRIC.SECT.CSLEFT.JPG?background=FFFFFF&feature=COLOR:BI-134&feature=FINISH:Leg008-3&feature=CUSHIONS:CUSHION-2&feature=DEPTH:DEPTH-36&feature=CHAISE%20LENGTH:CHAISE-63&feature=CHAISE%20WIDTH:CHAISEWIDTH-35'),
	(1, 16, 'https://content.cylindo.com/api/v2/4472/products/SLON.FABRIC.SECT.CSLEFT/frames/1/SLON.FABRIC.SECT.CSLEFT.JPG?background=FFFFFF&feature=COLOR:BI-134&feature=FINISH:Leg008-2&feature=CUSHIONS:CUSHION-2&feature=DEPTH:DEPTH-36&feature=CHAISE%20LENGTH:CHAISE-63&feature=CHAISE%20WIDTH:CHAISEWIDTH-35'),
	(1, 17, 'https://content.cylindo.com/api/v2/4472/products/SLON.FABRIC.SECT.CSLEFT/frames/1/SLON.FABRIC.SECT.CSLEFT.JPG?background=FFFFFF&feature=COLOR:BI-134&feature=FINISH:Leg002-2&feature=CUSHIONS:CUSHION-2&feature=DEPTH:DEPTH-36&feature=CHAISE%20LENGTH:CHAISE-63&feature=CHAISE%20WIDTH:CHAISEWIDTH-35'),
	(1, 18, 'https://content.cylindo.com/api/v2/4472/products/SLON.FABRIC.SECT.CSLEFT/frames/1/SLON.FABRIC.SECT.CSLEFT.JPG?background=FFFFFF&feature=COLOR:BI-134&feature=FINISH:Leg002-3&feature=CUSHIONS:CUSHION-2&feature=DEPTH:DEPTH-36&feature=CHAISE%20LENGTH:CHAISE-63&feature=CHAISE%20WIDTH:CHAISEWIDTH-35'),
	(1, 19, 'https://content.cylindo.com/api/v2/4472/products/SLON.FABRIC.SECT.CSLEFT/frames/1/SLON.FABRIC.SECT.CSLEFT.JPG?background=FFFFFF&feature=COLOR:BI-134&feature=FINISH:Leg002-4&feature=CUSHIONS:CUSHION-2&feature=DEPTH:DEPTH-36&feature=CHAISE%20LENGTH:CHAISE-63&feature=CHAISE%20WIDTH:CHAISEWIDTH-35'),
	(1, 20, 'https://content.cylindo.com/api/v2/4472/products/SLON.FABRIC.SECT.CSLEFT/frames/1/SLON.FABRIC.SECT.CSLEFT.JPG?background=FFFFFF&feature=COLOR:BI-134&feature=FINISH:Leg014-2&feature=CUSHIONS:CUSHION-2&feature=DEPTH:DEPTH-36&feature=CHAISE%20LENGTH:CHAISE-63&feature=CHAISE%20WIDTH:CHAISEWIDTH-35'),
	(1, 21, 'https://content.cylindo.com/api/v2/4472/products/SLON.FABRIC.SECT.CSLEFT/frames/1/SLON.FABRIC.SECT.CSLEFT.JPG?background=FFFFFF&feature=COLOR:BI-133&feature=FINISH:Leg001-1&feature=CUSHIONS:CUSHION-2&feature=DEPTH:DEPTH-36&feature=CHAISE%20LENGTH:CHAISE-63&feature=CHAISE%20WIDTH:CHAISEWIDTH-35'),
	(1, 22, 'https://content.cylindo.com/api/v2/4472/products/SLON.FABRIC.SECT.CSLEFT/frames/1/SLON.FABRIC.SECT.CSLEFT.JPG?background=FFFFFF&feature=COLOR:BI-133&feature=FINISH:Leg001-2&feature=CUSHIONS:CUSHION-2&feature=DEPTH:DEPTH-36&feature=CHAISE%20LENGTH:CHAISE-63&feature=CHAISE%20WIDTH:CHAISEWIDTH-35'),
	(1, 23, 'https://content.cylindo.com/api/v2/4472/products/SLON.FABRIC.SECT.CSLEFT/frames/1/SLON.FABRIC.SECT.CSLEFT.JPG?background=FFFFFF&feature=COLOR:BI-133&feature=FINISH:Leg001-3&feature=CUSHIONS:CUSHION-2&feature=DEPTH:DEPTH-36&feature=CHAISE%20LENGTH:CHAISE-63&feature=CHAISE%20WIDTH:CHAISEWIDTH-35'),
	(1, 24, 'https://content.cylindo.com/api/v2/4472/products/SLON.FABRIC.SECT.CSLEFT/frames/1/SLON.FABRIC.SECT.CSLEFT.JPG?background=FFFFFF&feature=COLOR:BI-133&feature=FINISH:Leg008-1&feature=CUSHIONS:CUSHION-2&feature=DEPTH:DEPTH-36&feature=CHAISE%20LENGTH:CHAISE-63&feature=CHAISE%20WIDTH:CHAISEWIDTH-35'),
	(1, 25, 'https://content.cylindo.com/api/v2/4472/products/SLON.FABRIC.SECT.CSLEFT/frames/1/SLON.FABRIC.SECT.CSLEFT.JPG?background=FFFFFF&feature=COLOR:BI-133&feature=FINISH:Leg008-3&feature=CUSHIONS:CUSHION-2&feature=DEPTH:DEPTH-36&feature=CHAISE%20LENGTH:CHAISE-63&feature=CHAISE%20WIDTH:CHAISEWIDTH-35'),
	(1, 26, 'https://content.cylindo.com/api/v2/4472/products/SLON.FABRIC.SECT.CSLEFT/frames/1/SLON.FABRIC.SECT.CSLEFT.JPG?background=FFFFFF&feature=COLOR:BI-133&feature=FINISH:Leg008-2&feature=CUSHIONS:CUSHION-2&feature=DEPTH:DEPTH-36&feature=CHAISE%20LENGTH:CHAISE-63&feature=CHAISE%20WIDTH:CHAISEWIDTH-35'),
	(1, 27, 'https://content.cylindo.com/api/v2/4472/products/SLON.FABRIC.SECT.CSLEFT/frames/1/SLON.FABRIC.SECT.CSLEFT.JPG?background=FFFFFF&feature=COLOR:BI-133&feature=FINISH:Leg002-2&feature=CUSHIONS:CUSHION-2&feature=DEPTH:DEPTH-36&feature=CHAISE%20LENGTH:CHAISE-63&feature=CHAISE%20WIDTH:CHAISEWIDTH-35'),
	(1, 28, 'https://content.cylindo.com/api/v2/4472/products/SLON.FABRIC.SECT.CSLEFT/frames/1/SLON.FABRIC.SECT.CSLEFT.JPG?background=FFFFFF&feature=COLOR:BI-133&feature=FINISH:Leg002-3&feature=CUSHIONS:CUSHION-2&feature=DEPTH:DEPTH-36&feature=CHAISE%20LENGTH:CHAISE-63&feature=CHAISE%20WIDTH:CHAISEWIDTH-35'),
	(1, 29, 'https://content.cylindo.com/api/v2/4472/products/SLON.FABRIC.SECT.CSLEFT/frames/1/SLON.FABRIC.SECT.CSLEFT.JPG?background=FFFFFF&feature=COLOR:BI-133&feature=FINISH:Leg002-4&feature=CUSHIONS:CUSHION-2&feature=DEPTH:DEPTH-36&feature=CHAISE%20LENGTH:CHAISE-63&feature=CHAISE%20WIDTH:CHAISEWIDTH-35'),
	(1, 30, 'https://content.cylindo.com/api/v2/4472/products/SLON.FABRIC.SECT.CSLEFT/frames/1/SLON.FABRIC.SECT.CSLEFT.JPG?background=FFFFFF&feature=COLOR:BI-133&feature=FINISH:Leg014-2&feature=CUSHIONS:CUSHION-2&feature=DEPTH:DEPTH-36&feature=CHAISE%20LENGTH:CHAISE-63&feature=CHAISE%20WIDTH:CHAISEWIDTH-35'),
	(1, 31, 'https://content.cylindo.com/api/v2/4472/products/SLON.FABRIC.SECT.CSLEFT/frames/1/SLON.FABRIC.SECT.CSLEFT.JPG?background=FFFFFF&feature=COLOR:SE-161&feature=FINISH:Leg001-1&feature=CUSHIONS:CUSHION-2&feature=DEPTH:DEPTH-36&feature=CHAISE%20LENGTH:CHAISE-63&feature=CHAISE%20WIDTH:CHAISEWIDTH-35'),
	(1, 32, 'https://content.cylindo.com/api/v2/4472/products/SLON.FABRIC.SECT.CSLEFT/frames/1/SLON.FABRIC.SECT.CSLEFT.JPG?background=FFFFFF&feature=COLOR:SE-161&feature=FINISH:Leg001-2&feature=CUSHIONS:CUSHION-2&feature=DEPTH:DEPTH-36&feature=CHAISE%20LENGTH:CHAISE-63&feature=CHAISE%20WIDTH:CHAISEWIDTH-35'),
	(1, 33, 'https://content.cylindo.com/api/v2/4472/products/SLON.FABRIC.SECT.CSLEFT/frames/1/SLON.FABRIC.SECT.CSLEFT.JPG?background=FFFFFF&feature=COLOR:SE-161&feature=FINISH:Leg001-3&feature=CUSHIONS:CUSHION-2&feature=DEPTH:DEPTH-36&feature=CHAISE%20LENGTH:CHAISE-63&feature=CHAISE%20WIDTH:CHAISEWIDTH-35'),
	(1, 34, 'https://content.cylindo.com/api/v2/4472/products/SLON.FABRIC.SECT.CSLEFT/frames/1/SLON.FABRIC.SECT.CSLEFT.JPG?background=FFFFFF&feature=COLOR:SE-161&feature=FINISH:Leg008-1&feature=CUSHIONS:CUSHION-2&feature=DEPTH:DEPTH-36&feature=CHAISE%20LENGTH:CHAISE-63&feature=CHAISE%20WIDTH:CHAISEWIDTH-35'),
	(1, 35, 'https://content.cylindo.com/api/v2/4472/products/SLON.FABRIC.SECT.CSLEFT/frames/1/SLON.FABRIC.SECT.CSLEFT.JPG?background=FFFFFF&feature=COLOR:SE-161&feature=FINISH:Leg008-3&feature=CUSHIONS:CUSHION-2&feature=DEPTH:DEPTH-36&feature=CHAISE%20LENGTH:CHAISE-63&feature=CHAISE%20WIDTH:CHAISEWIDTH-35'),
	(1, 36, 'https://content.cylindo.com/api/v2/4472/products/SLON.FABRIC.SECT.CSLEFT/frames/1/SLON.FABRIC.SECT.CSLEFT.JPG?background=FFFFFF&feature=COLOR:SE-161&feature=FINISH:Leg008-2&feature=CUSHIONS:CUSHION-2&feature=DEPTH:DEPTH-36&feature=CHAISE%20LENGTH:CHAISE-63&feature=CHAISE%20WIDTH:CHAISEWIDTH-35'),
	(1, 37, 'https://content.cylindo.com/api/v2/4472/products/SLON.FABRIC.SECT.CSLEFT/frames/1/SLON.FABRIC.SECT.CSLEFT.JPG?background=FFFFFF&feature=COLOR:SE-161&feature=FINISH:Leg002-2&feature=CUSHIONS:CUSHION-2&feature=DEPTH:DEPTH-36&feature=CHAISE%20LENGTH:CHAISE-63&feature=CHAISE%20WIDTH:CHAISEWIDTH-35'),
	(1, 38, 'https://content.cylindo.com/api/v2/4472/products/SLON.FABRIC.SECT.CSLEFT/frames/1/SLON.FABRIC.SECT.CSLEFT.JPG?background=FFFFFF&feature=COLOR:SE-161&feature=FINISH:Leg002-3&feature=CUSHIONS:CUSHION-2&feature=DEPTH:DEPTH-36&feature=CHAISE%20LENGTH:CHAISE-63&feature=CHAISE%20WIDTH:CHAISEWIDTH-35'),
	(1, 39, 'https://content.cylindo.com/api/v2/4472/products/SLON.FABRIC.SECT.CSLEFT/frames/1/SLON.FABRIC.SECT.CSLEFT.JPG?background=FFFFFF&feature=COLOR:SE-161&feature=FINISH:Leg002-4&feature=CUSHIONS:CUSHION-2&feature=DEPTH:DEPTH-36&feature=CHAISE%20LENGTH:CHAISE-63&feature=CHAISE%20WIDTH:CHAISEWIDTH-35'),
	(1, 40, 'https://content.cylindo.com/api/v2/4472/products/SLON.FABRIC.SECT.CSLEFT/frames/1/SLON.FABRIC.SECT.CSLEFT.JPG?background=FFFFFF&feature=COLOR:SE-161&feature=FINISH:Leg014-2&feature=CUSHIONS:CUSHION-2&feature=DEPTH:DEPTH-36&feature=CHAISE%20LENGTH:CHAISE-63&feature=CHAISE%20WIDTH:CHAISEWIDTH-35'),
	(1, 41, 'https://content.cylindo.com/api/v2/4472/products/SLON.FABRIC.SECT.CSLEFT/frames/1/SLON.FABRIC.SECT.CSLEFT.JPG?background=FFFFFF&feature=COLOR:SE-167&feature=FINISH:Leg001-1&feature=CUSHIONS:CUSHION-2&feature=DEPTH:DEPTH-36&feature=CHAISE%20LENGTH:CHAISE-63&feature=CHAISE%20WIDTH:CHAISEWIDTH-35'),
	(1, 42, 'https://content.cylindo.com/api/v2/4472/products/SLON.FABRIC.SECT.CSLEFT/frames/1/SLON.FABRIC.SECT.CSLEFT.JPG?background=FFFFFF&feature=COLOR:SE-167&feature=FINISH:Leg001-2&feature=CUSHIONS:CUSHION-2&feature=DEPTH:DEPTH-36&feature=CHAISE%20LENGTH:CHAISE-63&feature=CHAISE%20WIDTH:CHAISEWIDTH-35'),
	(1, 43, 'https://content.cylindo.com/api/v2/4472/products/SLON.FABRIC.SECT.CSLEFT/frames/1/SLON.FABRIC.SECT.CSLEFT.JPG?background=FFFFFF&feature=COLOR:SE-167&feature=FINISH:Leg001-3&feature=CUSHIONS:CUSHION-2&feature=DEPTH:DEPTH-36&feature=CHAISE%20LENGTH:CHAISE-63&feature=CHAISE%20WIDTH:CHAISEWIDTH-35'),
	(1, 44, 'https://content.cylindo.com/api/v2/4472/products/SLON.FABRIC.SECT.CSLEFT/frames/1/SLON.FABRIC.SECT.CSLEFT.JPG?background=FFFFFF&feature=COLOR:SE-167&feature=FINISH:Leg008-1&feature=CUSHIONS:CUSHION-2&feature=DEPTH:DEPTH-36&feature=CHAISE%20LENGTH:CHAISE-63&feature=CHAISE%20WIDTH:CHAISEWIDTH-35'),
	(1, 45, 'https://content.cylindo.com/api/v2/4472/products/SLON.FABRIC.SECT.CSLEFT/frames/1/SLON.FABRIC.SECT.CSLEFT.JPG?background=FFFFFF&feature=COLOR:SE-167&feature=FINISH:Leg008-3&feature=CUSHIONS:CUSHION-2&feature=DEPTH:DEPTH-36&feature=CHAISE%20LENGTH:CHAISE-63&feature=CHAISE%20WIDTH:CHAISEWIDTH-35'),
	(1, 46, 'https://content.cylindo.com/api/v2/4472/products/SLON.FABRIC.SECT.CSLEFT/frames/1/SLON.FABRIC.SECT.CSLEFT.JPG?background=FFFFFF&feature=COLOR:SE-167&feature=FINISH:Leg008-2&feature=CUSHIONS:CUSHION-2&feature=DEPTH:DEPTH-36&feature=CHAISE%20LENGTH:CHAISE-63&feature=CHAISE%20WIDTH:CHAISEWIDTH-35'),
	(1, 47, 'https://content.cylindo.com/api/v2/4472/products/SLON.FABRIC.SECT.CSLEFT/frames/1/SLON.FABRIC.SECT.CSLEFT.JPG?background=FFFFFF&feature=COLOR:SE-167&feature=FINISH:Leg002-2&feature=CUSHIONS:CUSHION-2&feature=DEPTH:DEPTH-36&feature=CHAISE%20LENGTH:CHAISE-63&feature=CHAISE%20WIDTH:CHAISEWIDTH-35'),
	(1, 48, 'https://content.cylindo.com/api/v2/4472/products/SLON.FABRIC.SECT.CSLEFT/frames/1/SLON.FABRIC.SECT.CSLEFT.JPG?background=FFFFFF&feature=COLOR:SE-167&feature=FINISH:Leg002-3&feature=CUSHIONS:CUSHION-2&feature=DEPTH:DEPTH-36&feature=CHAISE%20LENGTH:CHAISE-63&feature=CHAISE%20WIDTH:CHAISEWIDTH-35'),
	(1, 49, 'https://content.cylindo.com/api/v2/4472/products/SLON.FABRIC.SECT.CSLEFT/frames/1/SLON.FABRIC.SECT.CSLEFT.JPG?background=FFFFFF&feature=COLOR:SE-167&feature=FINISH:Leg002-4&feature=CUSHIONS:CUSHION-2&feature=DEPTH:DEPTH-36&feature=CHAISE%20LENGTH:CHAISE-63&feature=CHAISE%20WIDTH:CHAISEWIDTH-35'),
	(1, 50, 'https://content.cylindo.com/api/v2/4472/products/SLON.FABRIC.SECT.CSLEFT/frames/1/SLON.FABRIC.SECT.CSLEFT.JPG?background=FFFFFF&feature=COLOR:SE-167&feature=FINISH:Leg014-2&feature=CUSHIONS:CUSHION-2&feature=DEPTH:DEPTH-36&feature=CHAISE%20LENGTH:CHAISE-63&feature=CHAISE%20WIDTH:CHAISEWIDTH-35'),
	(1, 51, 'https://content.cylindo.com/api/v2/4472/products/SLON.FABRIC.SECT.CSLEFT/frames/1/SLON.FABRIC.SECT.CSLEFT.JPG?background=FFFFFF&feature=COLOR:SE-171&feature=FINISH:Leg001-1&feature=CUSHIONS:CUSHION-2&feature=DEPTH:DEPTH-36&feature=CHAISE%20LENGTH:CHAISE-63&feature=CHAISE%20WIDTH:CHAISEWIDTH-35'),
	(1, 52, 'https://content.cylindo.com/api/v2/4472/products/SLON.FABRIC.SECT.CSLEFT/frames/1/SLON.FABRIC.SECT.CSLEFT.JPG?background=FFFFFF&feature=COLOR:SE-171&feature=FINISH:Leg001-2&feature=CUSHIONS:CUSHION-2&feature=DEPTH:DEPTH-36&feature=CHAISE%20LENGTH:CHAISE-63&feature=CHAISE%20WIDTH:CHAISEWIDTH-35'),
	(1, 53, 'https://content.cylindo.com/api/v2/4472/products/SLON.FABRIC.SECT.CSLEFT/frames/1/SLON.FABRIC.SECT.CSLEFT.JPG?background=FFFFFF&feature=COLOR:SE-171&feature=FINISH:Leg001-3&feature=CUSHIONS:CUSHION-2&feature=DEPTH:DEPTH-36&feature=CHAISE%20LENGTH:CHAISE-63&feature=CHAISE%20WIDTH:CHAISEWIDTH-35'),
	(1, 54, 'https://content.cylindo.com/api/v2/4472/products/SLON.FABRIC.SECT.CSLEFT/frames/1/SLON.FABRIC.SECT.CSLEFT.JPG?background=FFFFFF&feature=COLOR:SE-171&feature=FINISH:Leg008-1&feature=CUSHIONS:CUSHION-2&feature=DEPTH:DEPTH-36&feature=CHAISE%20LENGTH:CHAISE-63&feature=CHAISE%20WIDTH:CHAISEWIDTH-35'),
	(1, 55, 'https://content.cylindo.com/api/v2/4472/products/SLON.FABRIC.SECT.CSLEFT/frames/1/SLON.FABRIC.SECT.CSLEFT.JPG?background=FFFFFF&feature=COLOR:SE-171&feature=FINISH:Leg008-3&feature=CUSHIONS:CUSHION-2&feature=DEPTH:DEPTH-36&feature=CHAISE%20LENGTH:CHAISE-63&feature=CHAISE%20WIDTH:CHAISEWIDTH-35'),
	(1, 56, 'https://content.cylindo.com/api/v2/4472/products/SLON.FABRIC.SECT.CSLEFT/frames/1/SLON.FABRIC.SECT.CSLEFT.JPG?background=FFFFFF&feature=COLOR:SE-171&feature=FINISH:Leg008-2&feature=CUSHIONS:CUSHION-2&feature=DEPTH:DEPTH-36&feature=CHAISE%20LENGTH:CHAISE-63&feature=CHAISE%20WIDTH:CHAISEWIDTH-35'),
	(1, 57, 'https://content.cylindo.com/api/v2/4472/products/SLON.FABRIC.SECT.CSLEFT/frames/1/SLON.FABRIC.SECT.CSLEFT.JPG?background=FFFFFF&feature=COLOR:SE-171&feature=FINISH:Leg002-2&feature=CUSHIONS:CUSHION-2&feature=DEPTH:DEPTH-36&feature=CHAISE%20LENGTH:CHAISE-63&feature=CHAISE%20WIDTH:CHAISEWIDTH-35'),
	(1, 58, 'https://content.cylindo.com/api/v2/4472/products/SLON.FABRIC.SECT.CSLEFT/frames/1/SLON.FABRIC.SECT.CSLEFT.JPG?background=FFFFFF&feature=COLOR:SE-171&feature=FINISH:Leg002-3&feature=CUSHIONS:CUSHION-2&feature=DEPTH:DEPTH-36&feature=CHAISE%20LENGTH:CHAISE-63&feature=CHAISE%20WIDTH:CHAISEWIDTH-35'),
	(1, 59, 'https://content.cylindo.com/api/v2/4472/products/SLON.FABRIC.SECT.CSLEFT/frames/1/SLON.FABRIC.SECT.CSLEFT.JPG?background=FFFFFF&feature=COLOR:SE-171&feature=FINISH:Leg002-4&feature=CUSHIONS:CUSHION-2&feature=DEPTH:DEPTH-36&feature=CHAISE%20LENGTH:CHAISE-63&feature=CHAISE%20WIDTH:CHAISEWIDTH-35'),
	(1, 60, 'https://content.cylindo.com/api/v2/4472/products/SLON.FABRIC.SECT.CSLEFT/frames/1/SLON.FABRIC.SECT.CSLEFT.JPG?background=FFFFFF&feature=COLOR:SE-171&feature=FINISH:Leg014-2&feature=CUSHIONS:CUSHION-2&feature=DEPTH:DEPTH-36&feature=CHAISE%20LENGTH:CHAISE-63&feature=CHAISE%20WIDTH:CHAISEWIDTH-35'),
	(1, 61, 'https://content.cylindo.com/api/v2/4472/products/SLON.FABRIC.SECT.CSLEFT/frames/1/SLON.FABRIC.SECT.CSLEFT.JPG?background=FFFFFF&feature=COLOR:SE-172&feature=FINISH:Leg001-1&feature=CUSHIONS:CUSHION-2&feature=DEPTH:DEPTH-36&feature=CHAISE%20LENGTH:CHAISE-63&feature=CHAISE%20WIDTH:CHAISEWIDTH-35'),
	(1, 62, 'https://content.cylindo.com/api/v2/4472/products/SLON.FABRIC.SECT.CSLEFT/frames/1/SLON.FABRIC.SECT.CSLEFT.JPG?background=FFFFFF&feature=COLOR:SE-172&feature=FINISH:Leg001-2&feature=CUSHIONS:CUSHION-2&feature=DEPTH:DEPTH-36&feature=CHAISE%20LENGTH:CHAISE-63&feature=CHAISE%20WIDTH:CHAISEWIDTH-35'),
	(1, 63, 'https://content.cylindo.com/api/v2/4472/products/SLON.FABRIC.SECT.CSLEFT/frames/1/SLON.FABRIC.SECT.CSLEFT.JPG?background=FFFFFF&feature=COLOR:SE-172&feature=FINISH:Leg001-3&feature=CUSHIONS:CUSHION-2&feature=DEPTH:DEPTH-36&feature=CHAISE%20LENGTH:CHAISE-63&feature=CHAISE%20WIDTH:CHAISEWIDTH-35'),
	(1, 64, 'https://content.cylindo.com/api/v2/4472/products/SLON.FABRIC.SECT.CSLEFT/frames/1/SLON.FABRIC.SECT.CSLEFT.JPG?background=FFFFFF&feature=COLOR:SE-172&feature=FINISH:Leg008-1&feature=CUSHIONS:CUSHION-2&feature=DEPTH:DEPTH-36&feature=CHAISE%20LENGTH:CHAISE-63&feature=CHAISE%20WIDTH:CHAISEWIDTH-35'),
	(1, 65, 'https://content.cylindo.com/api/v2/4472/products/SLON.FABRIC.SECT.CSLEFT/frames/1/SLON.FABRIC.SECT.CSLEFT.JPG?background=FFFFFF&feature=COLOR:SE-172&feature=FINISH:Leg008-3&feature=CUSHIONS:CUSHION-2&feature=DEPTH:DEPTH-36&feature=CHAISE%20LENGTH:CHAISE-63&feature=CHAISE%20WIDTH:CHAISEWIDTH-35'),
	(1, 66, 'https://content.cylindo.com/api/v2/4472/products/SLON.FABRIC.SECT.CSLEFT/frames/1/SLON.FABRIC.SECT.CSLEFT.JPG?background=FFFFFF&feature=COLOR:SE-172&feature=FINISH:Leg008-2&feature=CUSHIONS:CUSHION-2&feature=DEPTH:DEPTH-36&feature=CHAISE%20LENGTH:CHAISE-63&feature=CHAISE%20WIDTH:CHAISEWIDTH-35'),
	(1, 67, 'https://content.cylindo.com/api/v2/4472/products/SLON.FABRIC.SECT.CSLEFT/frames/1/SLON.FABRIC.SECT.CSLEFT.JPG?background=FFFFFF&feature=COLOR:SE-172&feature=FINISH:Leg002-2&feature=CUSHIONS:CUSHION-2&feature=DEPTH:DEPTH-36&feature=CHAISE%20LENGTH:CHAISE-63&feature=CHAISE%20WIDTH:CHAISEWIDTH-35'),
	(1, 68, 'https://content.cylindo.com/api/v2/4472/products/SLON.FABRIC.SECT.CSLEFT/frames/1/SLON.FABRIC.SECT.CSLEFT.JPG?background=FFFFFF&feature=COLOR:SE-172&feature=FINISH:Leg002-3&feature=CUSHIONS:CUSHION-2&feature=DEPTH:DEPTH-36&feature=CHAISE%20LENGTH:CHAISE-63&feature=CHAISE%20WIDTH:CHAISEWIDTH-35'),
	(1, 69, 'https://content.cylindo.com/api/v2/4472/products/SLON.FABRIC.SECT.CSLEFT/frames/1/SLON.FABRIC.SECT.CSLEFT.JPG?background=FFFFFF&feature=COLOR:SE-172&feature=FINISH:Leg002-4&feature=CUSHIONS:CUSHION-2&feature=DEPTH:DEPTH-36&feature=CHAISE%20LENGTH:CHAISE-63&feature=CHAISE%20WIDTH:CHAISEWIDTH-35'),
	(1, 70, 'https://content.cylindo.com/api/v2/4472/products/SLON.FABRIC.SECT.CSLEFT/frames/1/SLON.FABRIC.SECT.CSLEFT.JPG?background=FFFFFF&feature=COLOR:SE-172&feature=FINISH:Leg014-2&feature=CUSHIONS:CUSHION-2&feature=DEPTH:DEPTH-36&feature=CHAISE%20LENGTH:CHAISE-63&feature=CHAISE%20WIDTH:CHAISEWIDTH-35'),
	(1, 71, 'https://content.cylindo.com/api/v2/4472/products/SLON.FABRIC.SECT.CSLEFT/frames/1/SLON.FABRIC.SECT.CSLEFT.JPG?background=FFFFFF&feature=COLOR:SE-170&feature=FINISH:Leg001-1&feature=CUSHIONS:CUSHION-2&feature=DEPTH:DEPTH-36&feature=CHAISE%20LENGTH:CHAISE-63&feature=CHAISE%20WIDTH:CHAISEWIDTH-35'),
	(1, 72, 'https://content.cylindo.com/api/v2/4472/products/SLON.FABRIC.SECT.CSLEFT/frames/1/SLON.FABRIC.SECT.CSLEFT.JPG?background=FFFFFF&feature=COLOR:SE-170&feature=FINISH:Leg001-2&feature=CUSHIONS:CUSHION-2&feature=DEPTH:DEPTH-36&feature=CHAISE%20LENGTH:CHAISE-63&feature=CHAISE%20WIDTH:CHAISEWIDTH-35'),
	(1, 73, 'https://content.cylindo.com/api/v2/4472/products/SLON.FABRIC.SECT.CSLEFT/frames/1/SLON.FABRIC.SECT.CSLEFT.JPG?background=FFFFFF&feature=COLOR:SE-170&feature=FINISH:Leg001-3&feature=CUSHIONS:CUSHION-2&feature=DEPTH:DEPTH-36&feature=CHAISE%20LENGTH:CHAISE-63&feature=CHAISE%20WIDTH:CHAISEWIDTH-35'),
	(1, 74, 'https://content.cylindo.com/api/v2/4472/products/SLON.FABRIC.SECT.CSLEFT/frames/1/SLON.FABRIC.SECT.CSLEFT.JPG?background=FFFFFF&feature=COLOR:SE-170&feature=FINISH:Leg008-1&feature=CUSHIONS:CUSHION-2&feature=DEPTH:DEPTH-36&feature=CHAISE%20LENGTH:CHAISE-63&feature=CHAISE%20WIDTH:CHAISEWIDTH-35'),
	(1, 75, 'https://content.cylindo.com/api/v2/4472/products/SLON.FABRIC.SECT.CSLEFT/frames/1/SLON.FABRIC.SECT.CSLEFT.JPG?background=FFFFFF&feature=COLOR:SE-170&feature=FINISH:Leg008-3&feature=CUSHIONS:CUSHION-2&feature=DEPTH:DEPTH-36&feature=CHAISE%20LENGTH:CHAISE-63&feature=CHAISE%20WIDTH:CHAISEWIDTH-35'),
	(1, 76, 'https://content.cylindo.com/api/v2/4472/products/SLON.FABRIC.SECT.CSLEFT/frames/1/SLON.FABRIC.SECT.CSLEFT.JPG?background=FFFFFF&feature=COLOR:SE-170&feature=FINISH:Leg008-2&feature=CUSHIONS:CUSHION-2&feature=DEPTH:DEPTH-36&feature=CHAISE%20LENGTH:CHAISE-63&feature=CHAISE%20WIDTH:CHAISEWIDTH-35'),
	(1, 77, 'https://content.cylindo.com/api/v2/4472/products/SLON.FABRIC.SECT.CSLEFT/frames/1/SLON.FABRIC.SECT.CSLEFT.JPG?background=FFFFFF&feature=COLOR:SE-170&feature=FINISH:Leg002-2&feature=CUSHIONS:CUSHION-2&feature=DEPTH:DEPTH-36&feature=CHAISE%20LENGTH:CHAISE-63&feature=CHAISE%20WIDTH:CHAISEWIDTH-35'),
	(1, 78, 'https://content.cylindo.com/api/v2/4472/products/SLON.FABRIC.SECT.CSLEFT/frames/1/SLON.FABRIC.SECT.CSLEFT.JPG?background=FFFFFF&feature=COLOR:SE-170&feature=FINISH:Leg002-3&feature=CUSHIONS:CUSHION-2&feature=DEPTH:DEPTH-36&feature=CHAISE%20LENGTH:CHAISE-63&feature=CHAISE%20WIDTH:CHAISEWIDTH-35'),
	(1, 79, 'https://content.cylindo.com/api/v2/4472/products/SLON.FABRIC.SECT.CSLEFT/frames/1/SLON.FABRIC.SECT.CSLEFT.JPG?background=FFFFFF&feature=COLOR:SE-170&feature=FINISH:Leg002-4&feature=CUSHIONS:CUSHION-2&feature=DEPTH:DEPTH-36&feature=CHAISE%20LENGTH:CHAISE-63&feature=CHAISE%20WIDTH:CHAISEWIDTH-35'),
	(1, 80, 'https://content.cylindo.com/api/v2/4472/products/SLON.FABRIC.SECT.CSLEFT/frames/1/SLON.FABRIC.SECT.CSLEFT.JPG?background=FFFFFF&feature=COLOR:SE-170&feature=FINISH:Leg014-2&feature=CUSHIONS:CUSHION-2&feature=DEPTH:DEPTH-36&feature=CHAISE%20LENGTH:CHAISE-63&feature=CHAISE%20WIDTH:CHAISEWIDTH-35'),
	(1, 81, 'https://content.cylindo.com/api/v2/4472/products/SLON.FABRIC.SECT.CSLEFT/frames/1/SLON.FABRIC.SECT.CSLEFT.JPG?background=FFFFFF&feature=COLOR:SE-173&feature=FINISH:Leg001-1&feature=CUSHIONS:CUSHION-2&feature=DEPTH:DEPTH-36&feature=CHAISE%20LENGTH:CHAISE-63&feature=CHAISE%20WIDTH:CHAISEWIDTH-35'),
	(1, 82, 'https://content.cylindo.com/api/v2/4472/products/SLON.FABRIC.SECT.CSLEFT/frames/1/SLON.FABRIC.SECT.CSLEFT.JPG?background=FFFFFF&feature=COLOR:SE-173&feature=FINISH:Leg001-2&feature=CUSHIONS:CUSHION-2&feature=DEPTH:DEPTH-36&feature=CHAISE%20LENGTH:CHAISE-63&feature=CHAISE%20WIDTH:CHAISEWIDTH-35'),
	(1, 83, 'https://content.cylindo.com/api/v2/4472/products/SLON.FABRIC.SECT.CSLEFT/frames/1/SLON.FABRIC.SECT.CSLEFT.JPG?background=FFFFFF&feature=COLOR:SE-173&feature=FINISH:Leg001-3&feature=CUSHIONS:CUSHION-2&feature=DEPTH:DEPTH-36&feature=CHAISE%20LENGTH:CHAISE-63&feature=CHAISE%20WIDTH:CHAISEWIDTH-35'),
	(1, 84, 'https://content.cylindo.com/api/v2/4472/products/SLON.FABRIC.SECT.CSLEFT/frames/1/SLON.FABRIC.SECT.CSLEFT.JPG?background=FFFFFF&feature=COLOR:SE-173&feature=FINISH:Leg008-1&feature=CUSHIONS:CUSHION-2&feature=DEPTH:DEPTH-36&feature=CHAISE%20LENGTH:CHAISE-63&feature=CHAISE%20WIDTH:CHAISEWIDTH-35'),
	(1, 85, 'https://content.cylindo.com/api/v2/4472/products/SLON.FABRIC.SECT.CSLEFT/frames/1/SLON.FABRIC.SECT.CSLEFT.JPG?background=FFFFFF&feature=COLOR:SE-173&feature=FINISH:Leg008-3&feature=CUSHIONS:CUSHION-2&feature=DEPTH:DEPTH-36&feature=CHAISE%20LENGTH:CHAISE-63&feature=CHAISE%20WIDTH:CHAISEWIDTH-35'),
	(1, 86, 'https://content.cylindo.com/api/v2/4472/products/SLON.FABRIC.SECT.CSLEFT/frames/1/SLON.FABRIC.SECT.CSLEFT.JPG?background=FFFFFF&feature=COLOR:SE-173&feature=FINISH:Leg008-2&feature=CUSHIONS:CUSHION-2&feature=DEPTH:DEPTH-36&feature=CHAISE%20LENGTH:CHAISE-63&feature=CHAISE%20WIDTH:CHAISEWIDTH-35'),
	(1, 87, 'https://content.cylindo.com/api/v2/4472/products/SLON.FABRIC.SECT.CSLEFT/frames/1/SLON.FABRIC.SECT.CSLEFT.JPG?background=FFFFFF&feature=COLOR:SE-173&feature=FINISH:Leg002-2&feature=CUSHIONS:CUSHION-2&feature=DEPTH:DEPTH-36&feature=CHAISE%20LENGTH:CHAISE-63&feature=CHAISE%20WIDTH:CHAISEWIDTH-35'),
	(1, 88, 'https://content.cylindo.com/api/v2/4472/products/SLON.FABRIC.SECT.CSLEFT/frames/1/SLON.FABRIC.SECT.CSLEFT.JPG?background=FFFFFF&feature=COLOR:SE-173&feature=FINISH:Leg002-3&feature=CUSHIONS:CUSHION-2&feature=DEPTH:DEPTH-36&feature=CHAISE%20LENGTH:CHAISE-63&feature=CHAISE%20WIDTH:CHAISEWIDTH-35'),
	(1, 89, 'https://content.cylindo.com/api/v2/4472/products/SLON.FABRIC.SECT.CSLEFT/frames/1/SLON.FABRIC.SECT.CSLEFT.JPG?background=FFFFFF&feature=COLOR:SE-173&feature=FINISH:Leg002-4&feature=CUSHIONS:CUSHION-2&feature=DEPTH:DEPTH-36&feature=CHAISE%20LENGTH:CHAISE-63&feature=CHAISE%20WIDTH:CHAISEWIDTH-35'),
	(1, 90, 'https://content.cylindo.com/api/v2/4472/products/SLON.FABRIC.SECT.CSLEFT/frames/1/SLON.FABRIC.SECT.CSLEFT.JPG?background=FFFFFF&feature=COLOR:SE-173&feature=FINISH:Leg014-2&feature=CUSHIONS:CUSHION-2&feature=DEPTH:DEPTH-36&feature=CHAISE%20LENGTH:CHAISE-63&feature=CHAISE%20WIDTH:CHAISEWIDTH-35'),
	(1, 91, 'https://content.cylindo.com/api/v2/4472/products/SLON.FABRIC.SECT.CSLEFT/frames/1/SLON.FABRIC.SECT.CSLEFT.JPG?background=FFFFFF&feature=COLOR:SE-166&feature=FINISH:Leg001-1&feature=CUSHIONS:CUSHION-2&feature=DEPTH:DEPTH-36&feature=CHAISE%20LENGTH:CHAISE-63&feature=CHAISE%20WIDTH:CHAISEWIDTH-35'),
	(1, 92, 'https://content.cylindo.com/api/v2/4472/products/SLON.FABRIC.SECT.CSLEFT/frames/1/SLON.FABRIC.SECT.CSLEFT.JPG?background=FFFFFF&feature=COLOR:SE-166&feature=FINISH:Leg001-2&feature=CUSHIONS:CUSHION-2&feature=DEPTH:DEPTH-36&feature=CHAISE%20LENGTH:CHAISE-63&feature=CHAISE%20WIDTH:CHAISEWIDTH-35'),
	(1, 93, 'https://content.cylindo.com/api/v2/4472/products/SLON.FABRIC.SECT.CSLEFT/frames/1/SLON.FABRIC.SECT.CSLEFT.JPG?background=FFFFFF&feature=COLOR:SE-166&feature=FINISH:Leg001-3&feature=CUSHIONS:CUSHION-2&feature=DEPTH:DEPTH-36&feature=CHAISE%20LENGTH:CHAISE-63&feature=CHAISE%20WIDTH:CHAISEWIDTH-35'),
	(1, 94, 'https://content.cylindo.com/api/v2/4472/products/SLON.FABRIC.SECT.CSLEFT/frames/1/SLON.FABRIC.SECT.CSLEFT.JPG?background=FFFFFF&feature=COLOR:SE-166&feature=FINISH:Leg008-1&feature=CUSHIONS:CUSHION-2&feature=DEPTH:DEPTH-36&feature=CHAISE%20LENGTH:CHAISE-63&feature=CHAISE%20WIDTH:CHAISEWIDTH-35'),
	(1, 95, 'https://content.cylindo.com/api/v2/4472/products/SLON.FABRIC.SECT.CSLEFT/frames/1/SLON.FABRIC.SECT.CSLEFT.JPG?background=FFFFFF&feature=COLOR:SE-166&feature=FINISH:Leg008-3&feature=CUSHIONS:CUSHION-2&feature=DEPTH:DEPTH-36&feature=CHAISE%20LENGTH:CHAISE-63&feature=CHAISE%20WIDTH:CHAISEWIDTH-35'),
	(1, 96, 'https://content.cylindo.com/api/v2/4472/products/SLON.FABRIC.SECT.CSLEFT/frames/1/SLON.FABRIC.SECT.CSLEFT.JPG?background=FFFFFF&feature=COLOR:SE-166&feature=FINISH:Leg008-2&feature=CUSHIONS:CUSHION-2&feature=DEPTH:DEPTH-36&feature=CHAISE%20LENGTH:CHAISE-63&feature=CHAISE%20WIDTH:CHAISEWIDTH-35'),
	(1, 97, 'https://content.cylindo.com/api/v2/4472/products/SLON.FABRIC.SECT.CSLEFT/frames/1/SLON.FABRIC.SECT.CSLEFT.JPG?background=FFFFFF&feature=COLOR:SE-166&feature=FINISH:Leg002-2&feature=CUSHIONS:CUSHION-2&feature=DEPTH:DEPTH-36&feature=CHAISE%20LENGTH:CHAISE-63&feature=CHAISE%20WIDTH:CHAISEWIDTH-35'),
	(1, 98, 'https://content.cylindo.com/api/v2/4472/products/SLON.FABRIC.SECT.CSLEFT/frames/1/SLON.FABRIC.SECT.CSLEFT.JPG?background=FFFFFF&feature=COLOR:SE-166&feature=FINISH:Leg002-3&feature=CUSHIONS:CUSHION-2&feature=DEPTH:DEPTH-36&feature=CHAISE%20LENGTH:CHAISE-63&feature=CHAISE%20WIDTH:CHAISEWIDTH-35'),
	(1, 99, 'https://content.cylindo.com/api/v2/4472/products/SLON.FABRIC.SECT.CSLEFT/frames/1/SLON.FABRIC.SECT.CSLEFT.JPG?background=FFFFFF&feature=COLOR:SE-166&feature=FINISH:Leg002-4&feature=CUSHIONS:CUSHION-2&feature=DEPTH:DEPTH-36&feature=CHAISE%20LENGTH:CHAISE-63&feature=CHAISE%20WIDTH:CHAISEWIDTH-35'),
	(1, 100, 'https://content.cylindo.com/api/v2/4472/products/SLON.FABRIC.SECT.CSLEFT/frames/1/SLON.FABRIC.SECT.CSLEFT.JPG?background=FFFFFF&feature=COLOR:SE-166&feature=FINISH:Leg014-2&feature=CUSHIONS:CUSHION-2&feature=DEPTH:DEPTH-36&feature=CHAISE%20LENGTH:CHAISE-63&feature=CHAISE%20WIDTH:CHAISEWIDTH-35'),
	(2, 1, 'https://content.cylindo.com/api/v2/4472/products/SLON.LEATHR.SECT.CSLEFT/frames/1/SLON.LEATHR.SECT.CSLEFT.JPG?background=FFFFFF&feature=COLOR:2210A&feature=FINISH:Leg008-1&feature=CUSHIONS:CUSHION-2&feature=DEPTH:DEPTH-36&feature=CHAISE%20LENGTH:CHAISE-63&feature=CHAISE%20WIDTH:CHAISEWIDTH-35'),
	(2, 2, 'https://content.cylindo.com/api/v2/4472/products/SLON.LEATHR.SECT.CSLEFT/frames/1/SLON.LEATHR.SECT.CSLEFT.JPG?background=FFFFFF&feature=COLOR:2210A&feature=FINISH:Leg008-3&feature=CUSHIONS:CUSHION-2&feature=DEPTH:DEPTH-36&feature=CHAISE%20LENGTH:CHAISE-63&feature=CHAISE%20WIDTH:CHAISEWIDTH-35'),
	(2, 3, 'https://content.cylindo.com/api/v2/4472/products/SLON.LEATHR.SECT.CSLEFT/frames/1/SLON.LEATHR.SECT.CSLEFT.JPG?background=FFFFFF&feature=COLOR:2210A&feature=FINISH:Leg008-2&feature=CUSHIONS:CUSHION-2&feature=DEPTH:DEPTH-36&feature=CHAISE%20LENGTH:CHAISE-63&feature=CHAISE%20WIDTH:CHAISEWIDTH-35'),
	(2, 4, 'https://content.cylindo.com/api/v2/4472/products/SLON.LEATHR.SECT.CSLEFT/frames/1/SLON.LEATHR.SECT.CSLEFT.JPG?background=FFFFFF&feature=COLOR:2210A&feature=FINISH:Leg001-1&feature=CUSHIONS:CUSHION-2&feature=DEPTH:DEPTH-36&feature=CHAISE%20LENGTH:CHAISE-63&feature=CHAISE%20WIDTH:CHAISEWIDTH-35'),
	(2, 5, 'https://content.cylindo.com/api/v2/4472/products/SLON.LEATHR.SECT.CSLEFT/frames/1/SLON.LEATHR.SECT.CSLEFT.JPG?background=FFFFFF&feature=COLOR:2210A&feature=FINISH:Leg001-2&feature=CUSHIONS:CUSHION-2&feature=DEPTH:DEPTH-36&feature=CHAISE%20LENGTH:CHAISE-63&feature=CHAISE%20WIDTH:CHAISEWIDTH-35'),
	(2, 6, 'https://content.cylindo.com/api/v2/4472/products/SLON.LEATHR.SECT.CSLEFT/frames/1/SLON.LEATHR.SECT.CSLEFT.JPG?background=FFFFFF&feature=COLOR:2210A&feature=FINISH:Leg001-3&feature=CUSHIONS:CUSHION-2&feature=DEPTH:DEPTH-36&feature=CHAISE%20LENGTH:CHAISE-63&feature=CHAISE%20WIDTH:CHAISEWIDTH-35'),
	(2, 7, 'https://content.cylindo.com/api/v2/4472/products/SLON.LEATHR.SECT.CSLEFT/frames/1/SLON.LEATHR.SECT.CSLEFT.JPG?background=FFFFFF&feature=COLOR:2210A&feature=FINISH:Leg002-2&feature=CUSHIONS:CUSHION-2&feature=DEPTH:DEPTH-36&feature=CHAISE%20LENGTH:CHAISE-63&feature=CHAISE%20WIDTH:CHAISEWIDTH-35'),
	(2, 8, 'https://content.cylindo.com/api/v2/4472/products/SLON.LEATHR.SECT.CSLEFT/frames/1/SLON.LEATHR.SECT.CSLEFT.JPG?background=FFFFFF&feature=COLOR:2210A&feature=FINISH:Leg002-3&feature=CUSHIONS:CUSHION-2&feature=DEPTH:DEPTH-36&feature=CHAISE%20LENGTH:CHAISE-63&feature=CHAISE%20WIDTH:CHAISEWIDTH-35'),
	(2, 9, 'https://content.cylindo.com/api/v2/4472/products/SLON.LEATHR.SECT.CSLEFT/frames/1/SLON.LEATHR.SECT.CSLEFT.JPG?background=FFFFFF&feature=COLOR:2210A&feature=FINISH:Leg002-4&feature=CUSHIONS:CUSHION-2&feature=DEPTH:DEPTH-36&feature=CHAISE%20LENGTH:CHAISE-63&feature=CHAISE%20WIDTH:CHAISEWIDTH-35'),
	(2, 10, 'https://content.cylindo.com/api/v2/4472/products/SLON.LEATHR.SECT.CSLEFT/frames/1/SLON.LEATHR.SECT.CSLEFT.JPG?background=FFFFFF&feature=COLOR:2210A&feature=FINISH:Leg014-2&feature=CUSHIONS:CUSHION-2&feature=DEPTH:DEPTH-36&feature=CHAISE%20LENGTH:CHAISE-63&feature=CHAISE%20WIDTH:CHAISEWIDTH-35'),
	(2, 11, 'https://content.cylindo.com/api/v2/4472/products/SLON.LEATHR.SECT.CSLEFT/frames/1/SLON.LEATHR.SECT.CSLEFT.JPG?background=FFFFFF&feature=COLOR:LTHR-02&feature=FINISH:Leg008-1&feature=CUSHIONS:CUSHION-2&feature=DEPTH:DEPTH-36&feature=CHAISE%20LENGTH:CHAISE-63&feature=CHAISE%20WIDTH:CHAISEWIDTH-35'),
	(2, 12, 'https://content.cylindo.com/api/v2/4472/products/SLON.LEATHR.SECT.CSLEFT/frames/1/SLON.LEATHR.SECT.CSLEFT.JPG?background=FFFFFF&feature=COLOR:LTHR-02&feature=FINISH:Leg008-3&feature=CUSHIONS:CUSHION-2&feature=DEPTH:DEPTH-36&feature=CHAISE%20LENGTH:CHAISE-63&feature=CHAISE%20WIDTH:CHAISEWIDTH-35'),
	(2, 13, 'https://content.cylindo.com/api/v2/4472/products/SLON.LEATHR.SECT.CSLEFT/frames/1/SLON.LEATHR.SECT.CSLEFT.JPG?background=FFFFFF&feature=COLOR:LTHR-02&feature=FINISH:Leg008-2&feature=CUSHIONS:CUSHION-2&feature=DEPTH:DEPTH-36&feature=CHAISE%20LENGTH:CHAISE-63&feature=CHAISE%20WIDTH:CHAISEWIDTH-35'),
	(2, 14, 'https://content.cylindo.com/api/v2/4472/products/SLON.LEATHR.SECT.CSLEFT/frames/1/SLON.LEATHR.SECT.CSLEFT.JPG?background=FFFFFF&feature=COLOR:LTHR-02&feature=FINISH:Leg001-1&feature=CUSHIONS:CUSHION-2&feature=DEPTH:DEPTH-36&feature=CHAISE%20LENGTH:CHAISE-63&feature=CHAISE%20WIDTH:CHAISEWIDTH-35'),
	(2, 15, 'https://content.cylindo.com/api/v2/4472/products/SLON.LEATHR.SECT.CSLEFT/frames/1/SLON.LEATHR.SECT.CSLEFT.JPG?background=FFFFFF&feature=COLOR:LTHR-02&feature=FINISH:Leg001-2&feature=CUSHIONS:CUSHION-2&feature=DEPTH:DEPTH-36&feature=CHAISE%20LENGTH:CHAISE-63&feature=CHAISE%20WIDTH:CHAISEWIDTH-35'),
	(2, 16, 'https://content.cylindo.com/api/v2/4472/products/SLON.LEATHR.SECT.CSLEFT/frames/1/SLON.LEATHR.SECT.CSLEFT.JPG?background=FFFFFF&feature=COLOR:LTHR-02&feature=FINISH:Leg001-3&feature=CUSHIONS:CUSHION-2&feature=DEPTH:DEPTH-36&feature=CHAISE%20LENGTH:CHAISE-63&feature=CHAISE%20WIDTH:CHAISEWIDTH-35'),
	(2, 17, 'https://content.cylindo.com/api/v2/4472/products/SLON.LEATHR.SECT.CSLEFT/frames/1/SLON.LEATHR.SECT.CSLEFT.JPG?background=FFFFFF&feature=COLOR:LTHR-02&feature=FINISH:Leg002-2&feature=CUSHIONS:CUSHION-2&feature=DEPTH:DEPTH-36&feature=CHAISE%20LENGTH:CHAISE-63&feature=CHAISE%20WIDTH:CHAISEWIDTH-35'),
	(2, 18, 'https://content.cylindo.com/api/v2/4472/products/SLON.LEATHR.SECT.CSLEFT/frames/1/SLON.LEATHR.SECT.CSLEFT.JPG?background=FFFFFF&feature=COLOR:LTHR-02&feature=FINISH:Leg002-3&feature=CUSHIONS:CUSHION-2&feature=DEPTH:DEPTH-36&feature=CHAISE%20LENGTH:CHAISE-63&feature=CHAISE%20WIDTH:CHAISEWIDTH-35'),
	(2, 19, 'https://content.cylindo.com/api/v2/4472/products/SLON.LEATHR.SECT.CSLEFT/frames/1/SLON.LEATHR.SECT.CSLEFT.JPG?background=FFFFFF&feature=COLOR:LTHR-02&feature=FINISH:Leg002-4&feature=CUSHIONS:CUSHION-2&feature=DEPTH:DEPTH-36&feature=CHAISE%20LENGTH:CHAISE-63&feature=CHAISE%20WIDTH:CHAISEWIDTH-35'),
	(2, 20, 'https://content.cylindo.com/api/v2/4472/products/SLON.LEATHR.SECT.CSLEFT/frames/1/SLON.LEATHR.SECT.CSLEFT.JPG?background=FFFFFF&feature=COLOR:LTHR-02&feature=FINISH:Leg014-2&feature=CUSHIONS:CUSHION-2&feature=DEPTH:DEPTH-36&feature=CHAISE%20LENGTH:CHAISE-63&feature=CHAISE%20WIDTH:CHAISEWIDTH-35'),
	(2, 21, 'https://content.cylindo.com/api/v2/4472/products/SLON.LEATHR.SECT.CSLEFT/frames/1/SLON.LEATHR.SECT.CSLEFT.JPG?background=FFFFFF&feature=COLOR:8519A&feature=FINISH:Leg008-1&feature=CUSHIONS:CUSHION-2&feature=DEPTH:DEPTH-36&feature=CHAISE%20LENGTH:CHAISE-63&feature=CHAISE%20WIDTH:CHAISEWIDTH-35'),
	(2, 22, 'https://content.cylindo.com/api/v2/4472/products/SLON.LEATHR.SECT.CSLEFT/frames/1/SLON.LEATHR.SECT.CSLEFT.JPG?background=FFFFFF&feature=COLOR:8519A&feature=FINISH:Leg008-3&feature=CUSHIONS:CUSHION-2&feature=DEPTH:DEPTH-36&feature=CHAISE%20LENGTH:CHAISE-63&feature=CHAISE%20WIDTH:CHAISEWIDTH-35'),
	(2, 23, 'https://content.cylindo.com/api/v2/4472/products/SLON.LEATHR.SECT.CSLEFT/frames/1/SLON.LEATHR.SECT.CSLEFT.JPG?background=FFFFFF&feature=COLOR:8519A&feature=FINISH:Leg008-2&feature=CUSHIONS:CUSHION-2&feature=DEPTH:DEPTH-36&feature=CHAISE%20LENGTH:CHAISE-63&feature=CHAISE%20WIDTH:CHAISEWIDTH-35'),
	(2, 24, 'https://content.cylindo.com/api/v2/4472/products/SLON.LEATHR.SECT.CSLEFT/frames/1/SLON.LEATHR.SECT.CSLEFT.JPG?background=FFFFFF&feature=COLOR:8519A&feature=FINISH:Leg001-1&feature=CUSHIONS:CUSHION-2&feature=DEPTH:DEPTH-36&feature=CHAISE%20LENGTH:CHAISE-63&feature=CHAISE%20WIDTH:CHAISEWIDTH-35'),
	(2, 25, 'https://content.cylindo.com/api/v2/4472/products/SLON.LEATHR.SECT.CSLEFT/frames/1/SLON.LEATHR.SECT.CSLEFT.JPG?background=FFFFFF&feature=COLOR:8519A&feature=FINISH:Leg001-2&feature=CUSHIONS:CUSHION-2&feature=DEPTH:DEPTH-36&feature=CHAISE%20LENGTH:CHAISE-63&feature=CHAISE%20WIDTH:CHAISEWIDTH-35'),
	(2, 26, 'https://content.cylindo.com/api/v2/4472/products/SLON.LEATHR.SECT.CSLEFT/frames/1/SLON.LEATHR.SECT.CSLEFT.JPG?background=FFFFFF&feature=COLOR:8519A&feature=FINISH:Leg001-3&feature=CUSHIONS:CUSHION-2&feature=DEPTH:DEPTH-36&feature=CHAISE%20LENGTH:CHAISE-63&feature=CHAISE%20WIDTH:CHAISEWIDTH-35'),
	(2, 27, 'https://content.cylindo.com/api/v2/4472/products/SLON.LEATHR.SECT.CSLEFT/frames/1/SLON.LEATHR.SECT.CSLEFT.JPG?background=FFFFFF&feature=COLOR:8519A&feature=FINISH:Leg002-2&feature=CUSHIONS:CUSHION-2&feature=DEPTH:DEPTH-36&feature=CHAISE%20LENGTH:CHAISE-63&feature=CHAISE%20WIDTH:CHAISEWIDTH-35'),
	(2, 28, 'https://content.cylindo.com/api/v2/4472/products/SLON.LEATHR.SECT.CSLEFT/frames/1/SLON.LEATHR.SECT.CSLEFT.JPG?background=FFFFFF&feature=COLOR:8519A&feature=FINISH:Leg002-3&feature=CUSHIONS:CUSHION-2&feature=DEPTH:DEPTH-36&feature=CHAISE%20LENGTH:CHAISE-63&feature=CHAISE%20WIDTH:CHAISEWIDTH-35'),
	(2, 29, 'https://content.cylindo.com/api/v2/4472/products/SLON.LEATHR.SECT.CSLEFT/frames/1/SLON.LEATHR.SECT.CSLEFT.JPG?background=FFFFFF&feature=COLOR:8519A&feature=FINISH:Leg002-4&feature=CUSHIONS:CUSHION-2&feature=DEPTH:DEPTH-36&feature=CHAISE%20LENGTH:CHAISE-63&feature=CHAISE%20WIDTH:CHAISEWIDTH-35'),
	(2, 30, 'https://content.cylindo.com/api/v2/4472/products/SLON.LEATHR.SECT.CSLEFT/frames/1/SLON.LEATHR.SECT.CSLEFT.JPG?background=FFFFFF&feature=COLOR:8519A&feature=FINISH:Leg014-2&feature=CUSHIONS:CUSHION-2&feature=DEPTH:DEPTH-36&feature=CHAISE%20LENGTH:CHAISE-63&feature=CHAISE%20WIDTH:CHAISEWIDTH-35'),
	(2, 31, 'https://content.cylindo.com/api/v2/4472/products/SLON.LEATHR.SECT.CSLEFT/frames/1/SLON.LEATHR.SECT.CSLEFT.JPG?background=FFFFFF&feature=COLOR:LTHR-01&feature=FINISH:Leg008-1&feature=CUSHIONS:CUSHION-2&feature=DEPTH:DEPTH-36&feature=CHAISE%20LENGTH:CHAISE-63&feature=CHAISE%20WIDTH:CHAISEWIDTH-35'),
	(2, 32, 'https://content.cylindo.com/api/v2/4472/products/SLON.LEATHR.SECT.CSLEFT/frames/1/SLON.LEATHR.SECT.CSLEFT.JPG?background=FFFFFF&feature=COLOR:LTHR-01&feature=FINISH:Leg008-3&feature=CUSHIONS:CUSHION-2&feature=DEPTH:DEPTH-36&feature=CHAISE%20LENGTH:CHAISE-63&feature=CHAISE%20WIDTH:CHAISEWIDTH-35'),
	(2, 33, 'https://content.cylindo.com/api/v2/4472/products/SLON.LEATHR.SECT.CSLEFT/frames/1/SLON.LEATHR.SECT.CSLEFT.JPG?background=FFFFFF&feature=COLOR:LTHR-01&feature=FINISH:Leg008-2&feature=CUSHIONS:CUSHION-2&feature=DEPTH:DEPTH-36&feature=CHAISE%20LENGTH:CHAISE-63&feature=CHAISE%20WIDTH:CHAISEWIDTH-35'),
	(2, 34, 'https://content.cylindo.com/api/v2/4472/products/SLON.LEATHR.SECT.CSLEFT/frames/1/SLON.LEATHR.SECT.CSLEFT.JPG?background=FFFFFF&feature=COLOR:LTHR-01&feature=FINISH:Leg001-1&feature=CUSHIONS:CUSHION-2&feature=DEPTH:DEPTH-36&feature=CHAISE%20LENGTH:CHAISE-63&feature=CHAISE%20WIDTH:CHAISEWIDTH-35'),
	(2, 35, 'https://content.cylindo.com/api/v2/4472/products/SLON.LEATHR.SECT.CSLEFT/frames/1/SLON.LEATHR.SECT.CSLEFT.JPG?background=FFFFFF&feature=COLOR:LTHR-01&feature=FINISH:Leg001-2&feature=CUSHIONS:CUSHION-2&feature=DEPTH:DEPTH-36&feature=CHAISE%20LENGTH:CHAISE-63&feature=CHAISE%20WIDTH:CHAISEWIDTH-35'),
	(2, 36, 'https://content.cylindo.com/api/v2/4472/products/SLON.LEATHR.SECT.CSLEFT/frames/1/SLON.LEATHR.SECT.CSLEFT.JPG?background=FFFFFF&feature=COLOR:LTHR-01&feature=FINISH:Leg001-3&feature=CUSHIONS:CUSHION-2&feature=DEPTH:DEPTH-36&feature=CHAISE%20LENGTH:CHAISE-63&feature=CHAISE%20WIDTH:CHAISEWIDTH-35'),
	(2, 37, 'https://content.cylindo.com/api/v2/4472/products/SLON.LEATHR.SECT.CSLEFT/frames/1/SLON.LEATHR.SECT.CSLEFT.JPG?background=FFFFFF&feature=COLOR:LTHR-01&feature=FINISH:Leg002-2&feature=CUSHIONS:CUSHION-2&feature=DEPTH:DEPTH-36&feature=CHAISE%20LENGTH:CHAISE-63&feature=CHAISE%20WIDTH:CHAISEWIDTH-35'),
	(2, 38, 'https://content.cylindo.com/api/v2/4472/products/SLON.LEATHR.SECT.CSLEFT/frames/1/SLON.LEATHR.SECT.CSLEFT.JPG?background=FFFFFF&feature=COLOR:LTHR-01&feature=FINISH:Leg002-3&feature=CUSHIONS:CUSHION-2&feature=DEPTH:DEPTH-36&feature=CHAISE%20LENGTH:CHAISE-63&feature=CHAISE%20WIDTH:CHAISEWIDTH-35'),
	(2, 39, 'https://content.cylindo.com/api/v2/4472/products/SLON.LEATHR.SECT.CSLEFT/frames/1/SLON.LEATHR.SECT.CSLEFT.JPG?background=FFFFFF&feature=COLOR:LTHR-01&feature=FINISH:Leg002-4&feature=CUSHIONS:CUSHION-2&feature=DEPTH:DEPTH-36&feature=CHAISE%20LENGTH:CHAISE-63&feature=CHAISE%20WIDTH:CHAISEWIDTH-35'),
	(2, 40, 'https://content.cylindo.com/api/v2/4472/products/SLON.LEATHR.SECT.CSLEFT/frames/1/SLON.LEATHR.SECT.CSLEFT.JPG?background=FFFFFF&feature=COLOR:LTHR-01&feature=FINISH:Leg014-2&feature=CUSHIONS:CUSHION-2&feature=DEPTH:DEPTH-36&feature=CHAISE%20LENGTH:CHAISE-63&feature=CHAISE%20WIDTH:CHAISEWIDTH-35'),
	(2, 41, 'https://content.cylindo.com/api/v2/4472/products/SLON.LEATHR.SECT.CSLEFT/frames/1/SLON.LEATHR.SECT.CSLEFT.JPG?background=FFFFFF&feature=COLOR:LTHR-03&feature=FINISH:Leg008-1&feature=CUSHIONS:CUSHION-2&feature=DEPTH:DEPTH-36&feature=CHAISE%20LENGTH:CHAISE-63&feature=CHAISE%20WIDTH:CHAISEWIDTH-35'),
	(2, 42, 'https://content.cylindo.com/api/v2/4472/products/SLON.LEATHR.SECT.CSLEFT/frames/1/SLON.LEATHR.SECT.CSLEFT.JPG?background=FFFFFF&feature=COLOR:LTHR-03&feature=FINISH:Leg008-3&feature=CUSHIONS:CUSHION-2&feature=DEPTH:DEPTH-36&feature=CHAISE%20LENGTH:CHAISE-63&feature=CHAISE%20WIDTH:CHAISEWIDTH-35'),
	(2, 43, 'https://content.cylindo.com/api/v2/4472/products/SLON.LEATHR.SECT.CSLEFT/frames/1/SLON.LEATHR.SECT.CSLEFT.JPG?background=FFFFFF&feature=COLOR:LTHR-03&feature=FINISH:Leg008-2&feature=CUSHIONS:CUSHION-2&feature=DEPTH:DEPTH-36&feature=CHAISE%20LENGTH:CHAISE-63&feature=CHAISE%20WIDTH:CHAISEWIDTH-35'),
	(2, 44, 'https://content.cylindo.com/api/v2/4472/products/SLON.LEATHR.SECT.CSLEFT/frames/1/SLON.LEATHR.SECT.CSLEFT.JPG?background=FFFFFF&feature=COLOR:LTHR-03&feature=FINISH:Leg001-1&feature=CUSHIONS:CUSHION-2&feature=DEPTH:DEPTH-36&feature=CHAISE%20LENGTH:CHAISE-63&feature=CHAISE%20WIDTH:CHAISEWIDTH-35'),
	(2, 45, 'https://content.cylindo.com/api/v2/4472/products/SLON.LEATHR.SECT.CSLEFT/frames/1/SLON.LEATHR.SECT.CSLEFT.JPG?background=FFFFFF&feature=COLOR:LTHR-03&feature=FINISH:Leg001-2&feature=CUSHIONS:CUSHION-2&feature=DEPTH:DEPTH-36&feature=CHAISE%20LENGTH:CHAISE-63&feature=CHAISE%20WIDTH:CHAISEWIDTH-35'),
	(2, 46, 'https://content.cylindo.com/api/v2/4472/products/SLON.LEATHR.SECT.CSLEFT/frames/1/SLON.LEATHR.SECT.CSLEFT.JPG?background=FFFFFF&feature=COLOR:LTHR-03&feature=FINISH:Leg001-3&feature=CUSHIONS:CUSHION-2&feature=DEPTH:DEPTH-36&feature=CHAISE%20LENGTH:CHAISE-63&feature=CHAISE%20WIDTH:CHAISEWIDTH-35'),
	(2, 47, 'https://content.cylindo.com/api/v2/4472/products/SLON.LEATHR.SECT.CSLEFT/frames/1/SLON.LEATHR.SECT.CSLEFT.JPG?background=FFFFFF&feature=COLOR:LTHR-03&feature=FINISH:Leg002-2&feature=CUSHIONS:CUSHION-2&feature=DEPTH:DEPTH-36&feature=CHAISE%20LENGTH:CHAISE-63&feature=CHAISE%20WIDTH:CHAISEWIDTH-35'),
	(2, 48, 'https://content.cylindo.com/api/v2/4472/products/SLON.LEATHR.SECT.CSLEFT/frames/1/SLON.LEATHR.SECT.CSLEFT.JPG?background=FFFFFF&feature=COLOR:LTHR-03&feature=FINISH:Leg002-3&feature=CUSHIONS:CUSHION-2&feature=DEPTH:DEPTH-36&feature=CHAISE%20LENGTH:CHAISE-63&feature=CHAISE%20WIDTH:CHAISEWIDTH-35'),
	(2, 49, 'https://content.cylindo.com/api/v2/4472/products/SLON.LEATHR.SECT.CSLEFT/frames/1/SLON.LEATHR.SECT.CSLEFT.JPG?background=FFFFFF&feature=COLOR:LTHR-03&feature=FINISH:Leg002-4&feature=CUSHIONS:CUSHION-2&feature=DEPTH:DEPTH-36&feature=CHAISE%20LENGTH:CHAISE-63&feature=CHAISE%20WIDTH:CHAISEWIDTH-35'),
	(2, 50, 'https://content.cylindo.com/api/v2/4472/products/SLON.LEATHR.SECT.CSLEFT/frames/1/SLON.LEATHR.SECT.CSLEFT.JPG?background=FFFFFF&feature=COLOR:LTHR-03&feature=FINISH:Leg014-2&feature=CUSHIONS:CUSHION-2&feature=DEPTH:DEPTH-36&feature=CHAISE%20LENGTH:CHAISE-63&feature=CHAISE%20WIDTH:CHAISEWIDTH-35'),
	(2, 51, 'https://content.cylindo.com/api/v2/4472/products/SLON.LEATHR.SECT.CSLEFT/frames/1/SLON.LEATHR.SECT.CSLEFT.JPG?background=FFFFFF&feature=COLOR:LTHR-05&feature=FINISH:Leg008-1&feature=CUSHIONS:CUSHION-2&feature=DEPTH:DEPTH-36&feature=CHAISE%20LENGTH:CHAISE-63&feature=CHAISE%20WIDTH:CHAISEWIDTH-35'),
	(2, 52, 'https://content.cylindo.com/api/v2/4472/products/SLON.LEATHR.SECT.CSLEFT/frames/1/SLON.LEATHR.SECT.CSLEFT.JPG?background=FFFFFF&feature=COLOR:LTHR-05&feature=FINISH:Leg008-3&feature=CUSHIONS:CUSHION-2&feature=DEPTH:DEPTH-36&feature=CHAISE%20LENGTH:CHAISE-63&feature=CHAISE%20WIDTH:CHAISEWIDTH-35'),
	(2, 53, 'https://content.cylindo.com/api/v2/4472/products/SLON.LEATHR.SECT.CSLEFT/frames/1/SLON.LEATHR.SECT.CSLEFT.JPG?background=FFFFFF&feature=COLOR:LTHR-05&feature=FINISH:Leg008-2&feature=CUSHIONS:CUSHION-2&feature=DEPTH:DEPTH-36&feature=CHAISE%20LENGTH:CHAISE-63&feature=CHAISE%20WIDTH:CHAISEWIDTH-35'),
	(2, 54, 'https://content.cylindo.com/api/v2/4472/products/SLON.LEATHR.SECT.CSLEFT/frames/1/SLON.LEATHR.SECT.CSLEFT.JPG?background=FFFFFF&feature=COLOR:LTHR-05&feature=FINISH:Leg001-1&feature=CUSHIONS:CUSHION-2&feature=DEPTH:DEPTH-36&feature=CHAISE%20LENGTH:CHAISE-63&feature=CHAISE%20WIDTH:CHAISEWIDTH-35'),
	(2, 55, 'https://content.cylindo.com/api/v2/4472/products/SLON.LEATHR.SECT.CSLEFT/frames/1/SLON.LEATHR.SECT.CSLEFT.JPG?background=FFFFFF&feature=COLOR:LTHR-05&feature=FINISH:Leg001-2&feature=CUSHIONS:CUSHION-2&feature=DEPTH:DEPTH-36&feature=CHAISE%20LENGTH:CHAISE-63&feature=CHAISE%20WIDTH:CHAISEWIDTH-35'),
	(2, 56, 'https://content.cylindo.com/api/v2/4472/products/SLON.LEATHR.SECT.CSLEFT/frames/1/SLON.LEATHR.SECT.CSLEFT.JPG?background=FFFFFF&feature=COLOR:LTHR-05&feature=FINISH:Leg001-3&feature=CUSHIONS:CUSHION-2&feature=DEPTH:DEPTH-36&feature=CHAISE%20LENGTH:CHAISE-63&feature=CHAISE%20WIDTH:CHAISEWIDTH-35'),
	(2, 57, 'https://content.cylindo.com/api/v2/4472/products/SLON.LEATHR.SECT.CSLEFT/frames/1/SLON.LEATHR.SECT.CSLEFT.JPG?background=FFFFFF&feature=COLOR:LTHR-05&feature=FINISH:Leg002-2&feature=CUSHIONS:CUSHION-2&feature=DEPTH:DEPTH-36&feature=CHAISE%20LENGTH:CHAISE-63&feature=CHAISE%20WIDTH:CHAISEWIDTH-35'),
	(2, 58, 'https://content.cylindo.com/api/v2/4472/products/SLON.LEATHR.SECT.CSLEFT/frames/1/SLON.LEATHR.SECT.CSLEFT.JPG?background=FFFFFF&feature=COLOR:LTHR-05&feature=FINISH:Leg002-3&feature=CUSHIONS:CUSHION-2&feature=DEPTH:DEPTH-36&feature=CHAISE%20LENGTH:CHAISE-63&feature=CHAISE%20WIDTH:CHAISEWIDTH-35'),
	(2, 59, 'https://content.cylindo.com/api/v2/4472/products/SLON.LEATHR.SECT.CSLEFT/frames/1/SLON.LEATHR.SECT.CSLEFT.JPG?background=FFFFFF&feature=COLOR:LTHR-05&feature=FINISH:Leg002-4&feature=CUSHIONS:CUSHION-2&feature=DEPTH:DEPTH-36&feature=CHAISE%20LENGTH:CHAISE-63&feature=CHAISE%20WIDTH:CHAISEWIDTH-35'),
	(2, 60, 'https://content.cylindo.com/api/v2/4472/products/SLON.LEATHR.SECT.CSLEFT/frames/1/SLON.LEATHR.SECT.CSLEFT.JPG?background=FFFFFF&feature=COLOR:LTHR-05&feature=FINISH:Leg014-2&feature=CUSHIONS:CUSHION-2&feature=DEPTH:DEPTH-36&feature=CHAISE%20LENGTH:CHAISE-63&feature=CHAISE%20WIDTH:CHAISEWIDTH-35'),
	(2, 61, 'https://content.cylindo.com/api/v2/4472/products/SLON.LEATHR.SECT.CSLEFT/frames/1/SLON.LEATHR.SECT.CSLEFT.JPG?background=FFFFFF&feature=COLOR:LTHR-04&feature=FINISH:Leg008-1&feature=CUSHIONS:CUSHION-2&feature=DEPTH:DEPTH-36&feature=CHAISE%20LENGTH:CHAISE-63&feature=CHAISE%20WIDTH:CHAISEWIDTH-35'),
	(2, 62, 'https://content.cylindo.com/api/v2/4472/products/SLON.LEATHR.SECT.CSLEFT/frames/1/SLON.LEATHR.SECT.CSLEFT.JPG?background=FFFFFF&feature=COLOR:LTHR-04&feature=FINISH:Leg008-3&feature=CUSHIONS:CUSHION-2&feature=DEPTH:DEPTH-36&feature=CHAISE%20LENGTH:CHAISE-63&feature=CHAISE%20WIDTH:CHAISEWIDTH-35'),
	(2, 63, 'https://content.cylindo.com/api/v2/4472/products/SLON.LEATHR.SECT.CSLEFT/frames/1/SLON.LEATHR.SECT.CSLEFT.JPG?background=FFFFFF&feature=COLOR:LTHR-04&feature=FINISH:Leg008-2&feature=CUSHIONS:CUSHION-2&feature=DEPTH:DEPTH-36&feature=CHAISE%20LENGTH:CHAISE-63&feature=CHAISE%20WIDTH:CHAISEWIDTH-35'),
	(2, 64, 'https://content.cylindo.com/api/v2/4472/products/SLON.LEATHR.SECT.CSLEFT/frames/1/SLON.LEATHR.SECT.CSLEFT.JPG?background=FFFFFF&feature=COLOR:LTHR-04&feature=FINISH:Leg001-1&feature=CUSHIONS:CUSHION-2&feature=DEPTH:DEPTH-36&feature=CHAISE%20LENGTH:CHAISE-63&feature=CHAISE%20WIDTH:CHAISEWIDTH-35'),
	(2, 65, 'https://content.cylindo.com/api/v2/4472/products/SLON.LEATHR.SECT.CSLEFT/frames/1/SLON.LEATHR.SECT.CSLEFT.JPG?background=FFFFFF&feature=COLOR:LTHR-04&feature=FINISH:Leg001-2&feature=CUSHIONS:CUSHION-2&feature=DEPTH:DEPTH-36&feature=CHAISE%20LENGTH:CHAISE-63&feature=CHAISE%20WIDTH:CHAISEWIDTH-35'),
	(2, 66, 'https://content.cylindo.com/api/v2/4472/products/SLON.LEATHR.SECT.CSLEFT/frames/1/SLON.LEATHR.SECT.CSLEFT.JPG?background=FFFFFF&feature=COLOR:LTHR-04&feature=FINISH:Leg001-3&feature=CUSHIONS:CUSHION-2&feature=DEPTH:DEPTH-36&feature=CHAISE%20LENGTH:CHAISE-63&feature=CHAISE%20WIDTH:CHAISEWIDTH-35'),
	(2, 67, 'https://content.cylindo.com/api/v2/4472/products/SLON.LEATHR.SECT.CSLEFT/frames/1/SLON.LEATHR.SECT.CSLEFT.JPG?background=FFFFFF&feature=COLOR:LTHR-04&feature=FINISH:Leg002-2&feature=CUSHIONS:CUSHION-2&feature=DEPTH:DEPTH-36&feature=CHAISE%20LENGTH:CHAISE-63&feature=CHAISE%20WIDTH:CHAISEWIDTH-35'),
	(2, 68, 'https://content.cylindo.com/api/v2/4472/products/SLON.LEATHR.SECT.CSLEFT/frames/1/SLON.LEATHR.SECT.CSLEFT.JPG?background=FFFFFF&feature=COLOR:LTHR-04&feature=FINISH:Leg002-3&feature=CUSHIONS:CUSHION-2&feature=DEPTH:DEPTH-36&feature=CHAISE%20LENGTH:CHAISE-63&feature=CHAISE%20WIDTH:CHAISEWIDTH-35'),
	(2, 69, 'https://content.cylindo.com/api/v2/4472/products/SLON.LEATHR.SECT.CSLEFT/frames/1/SLON.LEATHR.SECT.CSLEFT.JPG?background=FFFFFF&feature=COLOR:LTHR-04&feature=FINISH:Leg002-4&feature=CUSHIONS:CUSHION-2&feature=DEPTH:DEPTH-36&feature=CHAISE%20LENGTH:CHAISE-63&feature=CHAISE%20WIDTH:CHAISEWIDTH-35'),
	(2, 70, 'https://content.cylindo.com/api/v2/4472/products/SLON.LEATHR.SECT.CSLEFT/frames/1/SLON.LEATHR.SECT.CSLEFT.JPG?background=FFFFFF&feature=COLOR:LTHR-04&feature=FINISH:Leg014-2&feature=CUSHIONS:CUSHION-2&feature=DEPTH:DEPTH-36&feature=CHAISE%20LENGTH:CHAISE-63&feature=CHAISE%20WIDTH:CHAISEWIDTH-35'),
	(2, 71, 'https://content.cylindo.com/api/v2/4472/products/SLON.LEATHR.SECT.CSLEFT/frames/1/SLON.LEATHR.SECT.CSLEFT.JPG?background=FFFFFF&feature=COLOR:LTHR-06&feature=FINISH:Leg008-1&feature=CUSHIONS:CUSHION-2&feature=DEPTH:DEPTH-36&feature=CHAISE%20LENGTH:CHAISE-63&feature=CHAISE%20WIDTH:CHAISEWIDTH-35'),
	(2, 72, 'https://content.cylindo.com/api/v2/4472/products/SLON.LEATHR.SECT.CSLEFT/frames/1/SLON.LEATHR.SECT.CSLEFT.JPG?background=FFFFFF&feature=COLOR:LTHR-06&feature=FINISH:Leg008-3&feature=CUSHIONS:CUSHION-2&feature=DEPTH:DEPTH-36&feature=CHAISE%20LENGTH:CHAISE-63&feature=CHAISE%20WIDTH:CHAISEWIDTH-35'),
	(2, 73, 'https://content.cylindo.com/api/v2/4472/products/SLON.LEATHR.SECT.CSLEFT/frames/1/SLON.LEATHR.SECT.CSLEFT.JPG?background=FFFFFF&feature=COLOR:LTHR-06&feature=FINISH:Leg008-2&feature=CUSHIONS:CUSHION-2&feature=DEPTH:DEPTH-36&feature=CHAISE%20LENGTH:CHAISE-63&feature=CHAISE%20WIDTH:CHAISEWIDTH-35'),
	(2, 74, 'https://content.cylindo.com/api/v2/4472/products/SLON.LEATHR.SECT.CSLEFT/frames/1/SLON.LEATHR.SECT.CSLEFT.JPG?background=FFFFFF&feature=COLOR:LTHR-06&feature=FINISH:Leg001-1&feature=CUSHIONS:CUSHION-2&feature=DEPTH:DEPTH-36&feature=CHAISE%20LENGTH:CHAISE-63&feature=CHAISE%20WIDTH:CHAISEWIDTH-35'),
	(2, 75, 'https://content.cylindo.com/api/v2/4472/products/SLON.LEATHR.SECT.CSLEFT/frames/1/SLON.LEATHR.SECT.CSLEFT.JPG?background=FFFFFF&feature=COLOR:LTHR-06&feature=FINISH:Leg001-2&feature=CUSHIONS:CUSHION-2&feature=DEPTH:DEPTH-36&feature=CHAISE%20LENGTH:CHAISE-63&feature=CHAISE%20WIDTH:CHAISEWIDTH-35'),
	(2, 76, 'https://content.cylindo.com/api/v2/4472/products/SLON.LEATHR.SECT.CSLEFT/frames/1/SLON.LEATHR.SECT.CSLEFT.JPG?background=FFFFFF&feature=COLOR:LTHR-06&feature=FINISH:Leg001-3&feature=CUSHIONS:CUSHION-2&feature=DEPTH:DEPTH-36&feature=CHAISE%20LENGTH:CHAISE-63&feature=CHAISE%20WIDTH:CHAISEWIDTH-35'),
	(2, 77, 'https://content.cylindo.com/api/v2/4472/products/SLON.LEATHR.SECT.CSLEFT/frames/1/SLON.LEATHR.SECT.CSLEFT.JPG?background=FFFFFF&feature=COLOR:LTHR-06&feature=FINISH:Leg002-2&feature=CUSHIONS:CUSHION-2&feature=DEPTH:DEPTH-36&feature=CHAISE%20LENGTH:CHAISE-63&feature=CHAISE%20WIDTH:CHAISEWIDTH-35'),
	(2, 78, 'https://content.cylindo.com/api/v2/4472/products/SLON.LEATHR.SECT.CSLEFT/frames/1/SLON.LEATHR.SECT.CSLEFT.JPG?background=FFFFFF&feature=COLOR:LTHR-06&feature=FINISH:Leg002-3&feature=CUSHIONS:CUSHION-2&feature=DEPTH:DEPTH-36&feature=CHAISE%20LENGTH:CHAISE-63&feature=CHAISE%20WIDTH:CHAISEWIDTH-35'),
	(2, 79, 'https://content.cylindo.com/api/v2/4472/products/SLON.LEATHR.SECT.CSLEFT/frames/1/SLON.LEATHR.SECT.CSLEFT.JPG?background=FFFFFF&feature=COLOR:LTHR-06&feature=FINISH:Leg002-4&feature=CUSHIONS:CUSHION-2&feature=DEPTH:DEPTH-36&feature=CHAISE%20LENGTH:CHAISE-63&feature=CHAISE%20WIDTH:CHAISEWIDTH-35'),
	(2, 80, 'https://content.cylindo.com/api/v2/4472/products/SLON.LEATHR.SECT.CSLEFT/frames/1/SLON.LEATHR.SECT.CSLEFT.JPG?background=FFFFFF&feature=COLOR:LTHR-06&feature=FINISH:Leg014-2&feature=CUSHIONS:CUSHION-2&feature=DEPTH:DEPTH-36&feature=CHAISE%20LENGTH:CHAISE-63&feature=CHAISE%20WIDTH:CHAISEWIDTH-35'),
	(3, 1, 'https://content.cylindo.com/api/v2/4472/products/SLON.FABRIC.SECT.CSRGHT/frames/1/SLON.FABRIC.SECT.CSRGHT.JPG?background=FFFFFF&feature=COLOR:BI-132&feature=FINISH:Leg001-1&feature=CUSHIONS:CUSHION-2&feature=DEPTH:DEPTH-36&feature=CHAISE%20LENGTH:CHAISE-63&feature=CHAISE%20WIDTH:CHAISEWIDTH-35'),
	(3, 2, 'https://content.cylindo.com/api/v2/4472/products/SLON.FABRIC.SECT.CSRGHT/frames/1/SLON.FABRIC.SECT.CSRGHT.JPG?background=FFFFFF&feature=COLOR:BI-132&feature=FINISH:Leg001-2&feature=CUSHIONS:CUSHION-2&feature=DEPTH:DEPTH-36&feature=CHAISE%20LENGTH:CHAISE-63&feature=CHAISE%20WIDTH:CHAISEWIDTH-35'),
	(3, 3, 'https://content.cylindo.com/api/v2/4472/products/SLON.FABRIC.SECT.CSRGHT/frames/1/SLON.FABRIC.SECT.CSRGHT.JPG?background=FFFFFF&feature=COLOR:BI-132&feature=FINISH:Leg001-3&feature=CUSHIONS:CUSHION-2&feature=DEPTH:DEPTH-36&feature=CHAISE%20LENGTH:CHAISE-63&feature=CHAISE%20WIDTH:CHAISEWIDTH-35'),
	(3, 4, 'https://content.cylindo.com/api/v2/4472/products/SLON.FABRIC.SECT.CSRGHT/frames/1/SLON.FABRIC.SECT.CSRGHT.JPG?background=FFFFFF&feature=COLOR:BI-132&feature=FINISH:Leg008-1&feature=CUSHIONS:CUSHION-2&feature=DEPTH:DEPTH-36&feature=CHAISE%20LENGTH:CHAISE-63&feature=CHAISE%20WIDTH:CHAISEWIDTH-35'),
	(3, 5, 'https://content.cylindo.com/api/v2/4472/products/SLON.FABRIC.SECT.CSRGHT/frames/1/SLON.FABRIC.SECT.CSRGHT.JPG?background=FFFFFF&feature=COLOR:BI-132&feature=FINISH:Leg008-3&feature=CUSHIONS:CUSHION-2&feature=DEPTH:DEPTH-36&feature=CHAISE%20LENGTH:CHAISE-63&feature=CHAISE%20WIDTH:CHAISEWIDTH-35'),
	(3, 6, 'https://content.cylindo.com/api/v2/4472/products/SLON.FABRIC.SECT.CSRGHT/frames/1/SLON.FABRIC.SECT.CSRGHT.JPG?background=FFFFFF&feature=COLOR:BI-132&feature=FINISH:Leg008-2&feature=CUSHIONS:CUSHION-2&feature=DEPTH:DEPTH-36&feature=CHAISE%20LENGTH:CHAISE-63&feature=CHAISE%20WIDTH:CHAISEWIDTH-35'),
	(3, 7, 'https://content.cylindo.com/api/v2/4472/products/SLON.FABRIC.SECT.CSRGHT/frames/1/SLON.FABRIC.SECT.CSRGHT.JPG?background=FFFFFF&feature=COLOR:BI-132&feature=FINISH:Leg002-2&feature=CUSHIONS:CUSHION-2&feature=DEPTH:DEPTH-36&feature=CHAISE%20LENGTH:CHAISE-63&feature=CHAISE%20WIDTH:CHAISEWIDTH-35'),
	(3, 8, 'https://content.cylindo.com/api/v2/4472/products/SLON.FABRIC.SECT.CSRGHT/frames/1/SLON.FABRIC.SECT.CSRGHT.JPG?background=FFFFFF&feature=COLOR:BI-132&feature=FINISH:Leg002-3&feature=CUSHIONS:CUSHION-2&feature=DEPTH:DEPTH-36&feature=CHAISE%20LENGTH:CHAISE-63&feature=CHAISE%20WIDTH:CHAISEWIDTH-35'),
	(3, 9, 'https://content.cylindo.com/api/v2/4472/products/SLON.FABRIC.SECT.CSRGHT/frames/1/SLON.FABRIC.SECT.CSRGHT.JPG?background=FFFFFF&feature=COLOR:BI-132&feature=FINISH:Leg002-4&feature=CUSHIONS:CUSHION-2&feature=DEPTH:DEPTH-36&feature=CHAISE%20LENGTH:CHAISE-63&feature=CHAISE%20WIDTH:CHAISEWIDTH-35'),
	(3, 10, 'https://content.cylindo.com/api/v2/4472/products/SLON.FABRIC.SECT.CSRGHT/frames/1/SLON.FABRIC.SECT.CSRGHT.JPG?background=FFFFFF&feature=COLOR:BI-132&feature=FINISH:Leg014-2&feature=CUSHIONS:CUSHION-2&feature=DEPTH:DEPTH-36&feature=CHAISE%20LENGTH:CHAISE-63&feature=CHAISE%20WIDTH:CHAISEWIDTH-35'),
	(3, 11, 'https://content.cylindo.com/api/v2/4472/products/SLON.FABRIC.SECT.CSRGHT/frames/1/SLON.FABRIC.SECT.CSRGHT.JPG?background=FFFFFF&feature=COLOR:BI-134&feature=FINISH:Leg001-1&feature=CUSHIONS:CUSHION-2&feature=DEPTH:DEPTH-36&feature=CHAISE%20LENGTH:CHAISE-63&feature=CHAISE%20WIDTH:CHAISEWIDTH-35'),
	(3, 12, 'https://content.cylindo.com/api/v2/4472/products/SLON.FABRIC.SECT.CSRGHT/frames/1/SLON.FABRIC.SECT.CSRGHT.JPG?background=FFFFFF&feature=COLOR:BI-134&feature=FINISH:Leg001-2&feature=CUSHIONS:CUSHION-2&feature=DEPTH:DEPTH-36&feature=CHAISE%20LENGTH:CHAISE-63&feature=CHAISE%20WIDTH:CHAISEWIDTH-35'),
	(3, 13, 'https://content.cylindo.com/api/v2/4472/products/SLON.FABRIC.SECT.CSRGHT/frames/1/SLON.FABRIC.SECT.CSRGHT.JPG?background=FFFFFF&feature=COLOR:BI-134&feature=FINISH:Leg001-3&feature=CUSHIONS:CUSHION-2&feature=DEPTH:DEPTH-36&feature=CHAISE%20LENGTH:CHAISE-63&feature=CHAISE%20WIDTH:CHAISEWIDTH-35'),
	(3, 14, 'https://content.cylindo.com/api/v2/4472/products/SLON.FABRIC.SECT.CSRGHT/frames/1/SLON.FABRIC.SECT.CSRGHT.JPG?background=FFFFFF&feature=COLOR:BI-134&feature=FINISH:Leg008-1&feature=CUSHIONS:CUSHION-2&feature=DEPTH:DEPTH-36&feature=CHAISE%20LENGTH:CHAISE-63&feature=CHAISE%20WIDTH:CHAISEWIDTH-35'),
	(3, 15, 'https://content.cylindo.com/api/v2/4472/products/SLON.FABRIC.SECT.CSRGHT/frames/1/SLON.FABRIC.SECT.CSRGHT.JPG?background=FFFFFF&feature=COLOR:BI-134&feature=FINISH:Leg008-3&feature=CUSHIONS:CUSHION-2&feature=DEPTH:DEPTH-36&feature=CHAISE%20LENGTH:CHAISE-63&feature=CHAISE%20WIDTH:CHAISEWIDTH-35'),
	(3, 16, 'https://content.cylindo.com/api/v2/4472/products/SLON.FABRIC.SECT.CSRGHT/frames/1/SLON.FABRIC.SECT.CSRGHT.JPG?background=FFFFFF&feature=COLOR:BI-134&feature=FINISH:Leg008-2&feature=CUSHIONS:CUSHION-2&feature=DEPTH:DEPTH-36&feature=CHAISE%20LENGTH:CHAISE-63&feature=CHAISE%20WIDTH:CHAISEWIDTH-35'),
	(3, 17, 'https://content.cylindo.com/api/v2/4472/products/SLON.FABRIC.SECT.CSRGHT/frames/1/SLON.FABRIC.SECT.CSRGHT.JPG?background=FFFFFF&feature=COLOR:BI-134&feature=FINISH:Leg002-2&feature=CUSHIONS:CUSHION-2&feature=DEPTH:DEPTH-36&feature=CHAISE%20LENGTH:CHAISE-63&feature=CHAISE%20WIDTH:CHAISEWIDTH-35'),
	(3, 18, 'https://content.cylindo.com/api/v2/4472/products/SLON.FABRIC.SECT.CSRGHT/frames/1/SLON.FABRIC.SECT.CSRGHT.JPG?background=FFFFFF&feature=COLOR:BI-134&feature=FINISH:Leg002-3&feature=CUSHIONS:CUSHION-2&feature=DEPTH:DEPTH-36&feature=CHAISE%20LENGTH:CHAISE-63&feature=CHAISE%20WIDTH:CHAISEWIDTH-35'),
	(3, 19, 'https://content.cylindo.com/api/v2/4472/products/SLON.FABRIC.SECT.CSRGHT/frames/1/SLON.FABRIC.SECT.CSRGHT.JPG?background=FFFFFF&feature=COLOR:BI-134&feature=FINISH:Leg002-4&feature=CUSHIONS:CUSHION-2&feature=DEPTH:DEPTH-36&feature=CHAISE%20LENGTH:CHAISE-63&feature=CHAISE%20WIDTH:CHAISEWIDTH-35'),
	(3, 20, 'https://content.cylindo.com/api/v2/4472/products/SLON.FABRIC.SECT.CSRGHT/frames/1/SLON.FABRIC.SECT.CSRGHT.JPG?background=FFFFFF&feature=COLOR:BI-134&feature=FINISH:Leg014-2&feature=CUSHIONS:CUSHION-2&feature=DEPTH:DEPTH-36&feature=CHAISE%20LENGTH:CHAISE-63&feature=CHAISE%20WIDTH:CHAISEWIDTH-35'),
	(3, 21, 'https://content.cylindo.com/api/v2/4472/products/SLON.FABRIC.SECT.CSRGHT/frames/1/SLON.FABRIC.SECT.CSRGHT.JPG?background=FFFFFF&feature=COLOR:BI-133&feature=FINISH:Leg001-1&feature=CUSHIONS:CUSHION-2&feature=DEPTH:DEPTH-36&feature=CHAISE%20LENGTH:CHAISE-63&feature=CHAISE%20WIDTH:CHAISEWIDTH-35'),
	(3, 22, 'https://content.cylindo.com/api/v2/4472/products/SLON.FABRIC.SECT.CSRGHT/frames/1/SLON.FABRIC.SECT.CSRGHT.JPG?background=FFFFFF&feature=COLOR:BI-133&feature=FINISH:Leg001-2&feature=CUSHIONS:CUSHION-2&feature=DEPTH:DEPTH-36&feature=CHAISE%20LENGTH:CHAISE-63&feature=CHAISE%20WIDTH:CHAISEWIDTH-35'),
	(3, 23, 'https://content.cylindo.com/api/v2/4472/products/SLON.FABRIC.SECT.CSRGHT/frames/1/SLON.FABRIC.SECT.CSRGHT.JPG?background=FFFFFF&feature=COLOR:BI-133&feature=FINISH:Leg001-3&feature=CUSHIONS:CUSHION-2&feature=DEPTH:DEPTH-36&feature=CHAISE%20LENGTH:CHAISE-63&feature=CHAISE%20WIDTH:CHAISEWIDTH-35'),
	(3, 24, 'https://content.cylindo.com/api/v2/4472/products/SLON.FABRIC.SECT.CSRGHT/frames/1/SLON.FABRIC.SECT.CSRGHT.JPG?background=FFFFFF&feature=COLOR:BI-133&feature=FINISH:Leg008-1&feature=CUSHIONS:CUSHION-2&feature=DEPTH:DEPTH-36&feature=CHAISE%20LENGTH:CHAISE-63&feature=CHAISE%20WIDTH:CHAISEWIDTH-35'),
	(3, 25, 'https://content.cylindo.com/api/v2/4472/products/SLON.FABRIC.SECT.CSRGHT/frames/1/SLON.FABRIC.SECT.CSRGHT.JPG?background=FFFFFF&feature=COLOR:BI-133&feature=FINISH:Leg008-3&feature=CUSHIONS:CUSHION-2&feature=DEPTH:DEPTH-36&feature=CHAISE%20LENGTH:CHAISE-63&feature=CHAISE%20WIDTH:CHAISEWIDTH-35'),
	(3, 26, 'https://content.cylindo.com/api/v2/4472/products/SLON.FABRIC.SECT.CSRGHT/frames/1/SLON.FABRIC.SECT.CSRGHT.JPG?background=FFFFFF&feature=COLOR:BI-133&feature=FINISH:Leg008-2&feature=CUSHIONS:CUSHION-2&feature=DEPTH:DEPTH-36&feature=CHAISE%20LENGTH:CHAISE-63&feature=CHAISE%20WIDTH:CHAISEWIDTH-35'),
	(3, 27, 'https://content.cylindo.com/api/v2/4472/products/SLON.FABRIC.SECT.CSRGHT/frames/1/SLON.FABRIC.SECT.CSRGHT.JPG?background=FFFFFF&feature=COLOR:BI-133&feature=FINISH:Leg002-2&feature=CUSHIONS:CUSHION-2&feature=DEPTH:DEPTH-36&feature=CHAISE%20LENGTH:CHAISE-63&feature=CHAISE%20WIDTH:CHAISEWIDTH-35'),
	(3, 28, 'https://content.cylindo.com/api/v2/4472/products/SLON.FABRIC.SECT.CSRGHT/frames/1/SLON.FABRIC.SECT.CSRGHT.JPG?background=FFFFFF&feature=COLOR:BI-133&feature=FINISH:Leg002-3&feature=CUSHIONS:CUSHION-2&feature=DEPTH:DEPTH-36&feature=CHAISE%20LENGTH:CHAISE-63&feature=CHAISE%20WIDTH:CHAISEWIDTH-35'),
	(3, 29, 'https://content.cylindo.com/api/v2/4472/products/SLON.FABRIC.SECT.CSRGHT/frames/1/SLON.FABRIC.SECT.CSRGHT.JPG?background=FFFFFF&feature=COLOR:BI-133&feature=FINISH:Leg002-4&feature=CUSHIONS:CUSHION-2&feature=DEPTH:DEPTH-36&feature=CHAISE%20LENGTH:CHAISE-63&feature=CHAISE%20WIDTH:CHAISEWIDTH-35'),
	(3, 30, 'https://content.cylindo.com/api/v2/4472/products/SLON.FABRIC.SECT.CSRGHT/frames/1/SLON.FABRIC.SECT.CSRGHT.JPG?background=FFFFFF&feature=COLOR:BI-133&feature=FINISH:Leg014-2&feature=CUSHIONS:CUSHION-2&feature=DEPTH:DEPTH-36&feature=CHAISE%20LENGTH:CHAISE-63&feature=CHAISE%20WIDTH:CHAISEWIDTH-35'),
	(3, 31, 'https://content.cylindo.com/api/v2/4472/products/SLON.FABRIC.SECT.CSRGHT/frames/1/SLON.FABRIC.SECT.CSRGHT.JPG?background=FFFFFF&feature=COLOR:SE-161&feature=FINISH:Leg001-1&feature=CUSHIONS:CUSHION-2&feature=DEPTH:DEPTH-36&feature=CHAISE%20LENGTH:CHAISE-63&feature=CHAISE%20WIDTH:CHAISEWIDTH-35'),
	(3, 32, 'https://content.cylindo.com/api/v2/4472/products/SLON.FABRIC.SECT.CSRGHT/frames/1/SLON.FABRIC.SECT.CSRGHT.JPG?background=FFFFFF&feature=COLOR:SE-161&feature=FINISH:Leg001-2&feature=CUSHIONS:CUSHION-2&feature=DEPTH:DEPTH-36&feature=CHAISE%20LENGTH:CHAISE-63&feature=CHAISE%20WIDTH:CHAISEWIDTH-35'),
	(3, 33, 'https://content.cylindo.com/api/v2/4472/products/SLON.FABRIC.SECT.CSRGHT/frames/1/SLON.FABRIC.SECT.CSRGHT.JPG?background=FFFFFF&feature=COLOR:SE-161&feature=FINISH:Leg001-3&feature=CUSHIONS:CUSHION-2&feature=DEPTH:DEPTH-36&feature=CHAISE%20LENGTH:CHAISE-63&feature=CHAISE%20WIDTH:CHAISEWIDTH-35'),
	(3, 34, 'https://content.cylindo.com/api/v2/4472/products/SLON.FABRIC.SECT.CSRGHT/frames/1/SLON.FABRIC.SECT.CSRGHT.JPG?background=FFFFFF&feature=COLOR:SE-161&feature=FINISH:Leg008-1&feature=CUSHIONS:CUSHION-2&feature=DEPTH:DEPTH-36&feature=CHAISE%20LENGTH:CHAISE-63&feature=CHAISE%20WIDTH:CHAISEWIDTH-35'),
	(3, 35, 'https://content.cylindo.com/api/v2/4472/products/SLON.FABRIC.SECT.CSRGHT/frames/1/SLON.FABRIC.SECT.CSRGHT.JPG?background=FFFFFF&feature=COLOR:SE-161&feature=FINISH:Leg008-3&feature=CUSHIONS:CUSHION-2&feature=DEPTH:DEPTH-36&feature=CHAISE%20LENGTH:CHAISE-63&feature=CHAISE%20WIDTH:CHAISEWIDTH-35'),
	(3, 36, 'https://content.cylindo.com/api/v2/4472/products/SLON.FABRIC.SECT.CSRGHT/frames/1/SLON.FABRIC.SECT.CSRGHT.JPG?background=FFFFFF&feature=COLOR:SE-161&feature=FINISH:Leg008-2&feature=CUSHIONS:CUSHION-2&feature=DEPTH:DEPTH-36&feature=CHAISE%20LENGTH:CHAISE-63&feature=CHAISE%20WIDTH:CHAISEWIDTH-35'),
	(3, 37, 'https://content.cylindo.com/api/v2/4472/products/SLON.FABRIC.SECT.CSRGHT/frames/1/SLON.FABRIC.SECT.CSRGHT.JPG?background=FFFFFF&feature=COLOR:SE-161&feature=FINISH:Leg002-2&feature=CUSHIONS:CUSHION-2&feature=DEPTH:DEPTH-36&feature=CHAISE%20LENGTH:CHAISE-63&feature=CHAISE%20WIDTH:CHAISEWIDTH-35'),
	(3, 38, 'https://content.cylindo.com/api/v2/4472/products/SLON.FABRIC.SECT.CSRGHT/frames/1/SLON.FABRIC.SECT.CSRGHT.JPG?background=FFFFFF&feature=COLOR:SE-161&feature=FINISH:Leg002-3&feature=CUSHIONS:CUSHION-2&feature=DEPTH:DEPTH-36&feature=CHAISE%20LENGTH:CHAISE-63&feature=CHAISE%20WIDTH:CHAISEWIDTH-35'),
	(3, 39, 'https://content.cylindo.com/api/v2/4472/products/SLON.FABRIC.SECT.CSRGHT/frames/1/SLON.FABRIC.SECT.CSRGHT.JPG?background=FFFFFF&feature=COLOR:SE-161&feature=FINISH:Leg002-4&feature=CUSHIONS:CUSHION-2&feature=DEPTH:DEPTH-36&feature=CHAISE%20LENGTH:CHAISE-63&feature=CHAISE%20WIDTH:CHAISEWIDTH-35'),
	(3, 40, 'https://content.cylindo.com/api/v2/4472/products/SLON.FABRIC.SECT.CSRGHT/frames/1/SLON.FABRIC.SECT.CSRGHT.JPG?background=FFFFFF&feature=COLOR:SE-161&feature=FINISH:Leg014-2&feature=CUSHIONS:CUSHION-2&feature=DEPTH:DEPTH-36&feature=CHAISE%20LENGTH:CHAISE-63&feature=CHAISE%20WIDTH:CHAISEWIDTH-35'),
	(3, 41, 'https://content.cylindo.com/api/v2/4472/products/SLON.FABRIC.SECT.CSRGHT/frames/1/SLON.FABRIC.SECT.CSRGHT.JPG?background=FFFFFF&feature=COLOR:SE-167&feature=FINISH:Leg001-1&feature=CUSHIONS:CUSHION-2&feature=DEPTH:DEPTH-36&feature=CHAISE%20LENGTH:CHAISE-63&feature=CHAISE%20WIDTH:CHAISEWIDTH-35'),
	(3, 42, 'https://content.cylindo.com/api/v2/4472/products/SLON.FABRIC.SECT.CSRGHT/frames/1/SLON.FABRIC.SECT.CSRGHT.JPG?background=FFFFFF&feature=COLOR:SE-167&feature=FINISH:Leg001-2&feature=CUSHIONS:CUSHION-2&feature=DEPTH:DEPTH-36&feature=CHAISE%20LENGTH:CHAISE-63&feature=CHAISE%20WIDTH:CHAISEWIDTH-35'),
	(3, 43, 'https://content.cylindo.com/api/v2/4472/products/SLON.FABRIC.SECT.CSRGHT/frames/1/SLON.FABRIC.SECT.CSRGHT.JPG?background=FFFFFF&feature=COLOR:SE-167&feature=FINISH:Leg001-3&feature=CUSHIONS:CUSHION-2&feature=DEPTH:DEPTH-36&feature=CHAISE%20LENGTH:CHAISE-63&feature=CHAISE%20WIDTH:CHAISEWIDTH-35'),
	(3, 44, 'https://content.cylindo.com/api/v2/4472/products/SLON.FABRIC.SECT.CSRGHT/frames/1/SLON.FABRIC.SECT.CSRGHT.JPG?background=FFFFFF&feature=COLOR:SE-167&feature=FINISH:Leg008-1&feature=CUSHIONS:CUSHION-2&feature=DEPTH:DEPTH-36&feature=CHAISE%20LENGTH:CHAISE-63&feature=CHAISE%20WIDTH:CHAISEWIDTH-35'),
	(3, 45, 'https://content.cylindo.com/api/v2/4472/products/SLON.FABRIC.SECT.CSRGHT/frames/1/SLON.FABRIC.SECT.CSRGHT.JPG?background=FFFFFF&feature=COLOR:SE-167&feature=FINISH:Leg008-3&feature=CUSHIONS:CUSHION-2&feature=DEPTH:DEPTH-36&feature=CHAISE%20LENGTH:CHAISE-63&feature=CHAISE%20WIDTH:CHAISEWIDTH-35'),
	(3, 46, 'https://content.cylindo.com/api/v2/4472/products/SLON.FABRIC.SECT.CSRGHT/frames/1/SLON.FABRIC.SECT.CSRGHT.JPG?background=FFFFFF&feature=COLOR:SE-167&feature=FINISH:Leg008-2&feature=CUSHIONS:CUSHION-2&feature=DEPTH:DEPTH-36&feature=CHAISE%20LENGTH:CHAISE-63&feature=CHAISE%20WIDTH:CHAISEWIDTH-35'),
	(3, 47, 'https://content.cylindo.com/api/v2/4472/products/SLON.FABRIC.SECT.CSRGHT/frames/1/SLON.FABRIC.SECT.CSRGHT.JPG?background=FFFFFF&feature=COLOR:SE-167&feature=FINISH:Leg002-2&feature=CUSHIONS:CUSHION-2&feature=DEPTH:DEPTH-36&feature=CHAISE%20LENGTH:CHAISE-63&feature=CHAISE%20WIDTH:CHAISEWIDTH-35'),
	(3, 48, 'https://content.cylindo.com/api/v2/4472/products/SLON.FABRIC.SECT.CSRGHT/frames/1/SLON.FABRIC.SECT.CSRGHT.JPG?background=FFFFFF&feature=COLOR:SE-167&feature=FINISH:Leg002-3&feature=CUSHIONS:CUSHION-2&feature=DEPTH:DEPTH-36&feature=CHAISE%20LENGTH:CHAISE-63&feature=CHAISE%20WIDTH:CHAISEWIDTH-35'),
	(3, 49, 'https://content.cylindo.com/api/v2/4472/products/SLON.FABRIC.SECT.CSRGHT/frames/1/SLON.FABRIC.SECT.CSRGHT.JPG?background=FFFFFF&feature=COLOR:SE-167&feature=FINISH:Leg002-4&feature=CUSHIONS:CUSHION-2&feature=DEPTH:DEPTH-36&feature=CHAISE%20LENGTH:CHAISE-63&feature=CHAISE%20WIDTH:CHAISEWIDTH-35'),
	(3, 50, 'https://content.cylindo.com/api/v2/4472/products/SLON.FABRIC.SECT.CSRGHT/frames/1/SLON.FABRIC.SECT.CSRGHT.JPG?background=FFFFFF&feature=COLOR:SE-167&feature=FINISH:Leg014-2&feature=CUSHIONS:CUSHION-2&feature=DEPTH:DEPTH-36&feature=CHAISE%20LENGTH:CHAISE-63&feature=CHAISE%20WIDTH:CHAISEWIDTH-35'),
	(3, 51, 'https://content.cylindo.com/api/v2/4472/products/SLON.FABRIC.SECT.CSRGHT/frames/1/SLON.FABRIC.SECT.CSRGHT.JPG?background=FFFFFF&feature=COLOR:SE-171&feature=FINISH:Leg001-1&feature=CUSHIONS:CUSHION-2&feature=DEPTH:DEPTH-36&feature=CHAISE%20LENGTH:CHAISE-63&feature=CHAISE%20WIDTH:CHAISEWIDTH-35'),
	(3, 52, 'https://content.cylindo.com/api/v2/4472/products/SLON.FABRIC.SECT.CSRGHT/frames/1/SLON.FABRIC.SECT.CSRGHT.JPG?background=FFFFFF&feature=COLOR:SE-171&feature=FINISH:Leg001-2&feature=CUSHIONS:CUSHION-2&feature=DEPTH:DEPTH-36&feature=CHAISE%20LENGTH:CHAISE-63&feature=CHAISE%20WIDTH:CHAISEWIDTH-35'),
	(3, 53, 'https://content.cylindo.com/api/v2/4472/products/SLON.FABRIC.SECT.CSRGHT/frames/1/SLON.FABRIC.SECT.CSRGHT.JPG?background=FFFFFF&feature=COLOR:SE-171&feature=FINISH:Leg001-3&feature=CUSHIONS:CUSHION-2&feature=DEPTH:DEPTH-36&feature=CHAISE%20LENGTH:CHAISE-63&feature=CHAISE%20WIDTH:CHAISEWIDTH-35'),
	(3, 54, 'https://content.cylindo.com/api/v2/4472/products/SLON.FABRIC.SECT.CSRGHT/frames/1/SLON.FABRIC.SECT.CSRGHT.JPG?background=FFFFFF&feature=COLOR:SE-171&feature=FINISH:Leg008-1&feature=CUSHIONS:CUSHION-2&feature=DEPTH:DEPTH-36&feature=CHAISE%20LENGTH:CHAISE-63&feature=CHAISE%20WIDTH:CHAISEWIDTH-35'),
	(3, 55, 'https://content.cylindo.com/api/v2/4472/products/SLON.FABRIC.SECT.CSRGHT/frames/1/SLON.FABRIC.SECT.CSRGHT.JPG?background=FFFFFF&feature=COLOR:SE-171&feature=FINISH:Leg008-3&feature=CUSHIONS:CUSHION-2&feature=DEPTH:DEPTH-36&feature=CHAISE%20LENGTH:CHAISE-63&feature=CHAISE%20WIDTH:CHAISEWIDTH-35'),
	(3, 56, 'https://content.cylindo.com/api/v2/4472/products/SLON.FABRIC.SECT.CSRGHT/frames/1/SLON.FABRIC.SECT.CSRGHT.JPG?background=FFFFFF&feature=COLOR:SE-171&feature=FINISH:Leg008-2&feature=CUSHIONS:CUSHION-2&feature=DEPTH:DEPTH-36&feature=CHAISE%20LENGTH:CHAISE-63&feature=CHAISE%20WIDTH:CHAISEWIDTH-35'),
	(3, 57, 'https://content.cylindo.com/api/v2/4472/products/SLON.FABRIC.SECT.CSRGHT/frames/1/SLON.FABRIC.SECT.CSRGHT.JPG?background=FFFFFF&feature=COLOR:SE-171&feature=FINISH:Leg002-2&feature=CUSHIONS:CUSHION-2&feature=DEPTH:DEPTH-36&feature=CHAISE%20LENGTH:CHAISE-63&feature=CHAISE%20WIDTH:CHAISEWIDTH-35'),
	(3, 58, 'https://content.cylindo.com/api/v2/4472/products/SLON.FABRIC.SECT.CSRGHT/frames/1/SLON.FABRIC.SECT.CSRGHT.JPG?background=FFFFFF&feature=COLOR:SE-171&feature=FINISH:Leg002-3&feature=CUSHIONS:CUSHION-2&feature=DEPTH:DEPTH-36&feature=CHAISE%20LENGTH:CHAISE-63&feature=CHAISE%20WIDTH:CHAISEWIDTH-35'),
	(3, 59, 'https://content.cylindo.com/api/v2/4472/products/SLON.FABRIC.SECT.CSRGHT/frames/1/SLON.FABRIC.SECT.CSRGHT.JPG?background=FFFFFF&feature=COLOR:SE-171&feature=FINISH:Leg002-4&feature=CUSHIONS:CUSHION-2&feature=DEPTH:DEPTH-36&feature=CHAISE%20LENGTH:CHAISE-63&feature=CHAISE%20WIDTH:CHAISEWIDTH-35'),
	(3, 60, 'https://content.cylindo.com/api/v2/4472/products/SLON.FABRIC.SECT.CSRGHT/frames/1/SLON.FABRIC.SECT.CSRGHT.JPG?background=FFFFFF&feature=COLOR:SE-171&feature=FINISH:Leg014-2&feature=CUSHIONS:CUSHION-2&feature=DEPTH:DEPTH-36&feature=CHAISE%20LENGTH:CHAISE-63&feature=CHAISE%20WIDTH:CHAISEWIDTH-35'),
	(3, 61, 'https://content.cylindo.com/api/v2/4472/products/SLON.FABRIC.SECT.CSRGHT/frames/1/SLON.FABRIC.SECT.CSRGHT.JPG?background=FFFFFF&feature=COLOR:SE-172&feature=FINISH:Leg001-1&feature=CUSHIONS:CUSHION-2&feature=DEPTH:DEPTH-36&feature=CHAISE%20LENGTH:CHAISE-63&feature=CHAISE%20WIDTH:CHAISEWIDTH-35'),
	(3, 62, 'https://content.cylindo.com/api/v2/4472/products/SLON.FABRIC.SECT.CSRGHT/frames/1/SLON.FABRIC.SECT.CSRGHT.JPG?background=FFFFFF&feature=COLOR:SE-172&feature=FINISH:Leg001-2&feature=CUSHIONS:CUSHION-2&feature=DEPTH:DEPTH-36&feature=CHAISE%20LENGTH:CHAISE-63&feature=CHAISE%20WIDTH:CHAISEWIDTH-35'),
	(3, 63, 'https://content.cylindo.com/api/v2/4472/products/SLON.FABRIC.SECT.CSRGHT/frames/1/SLON.FABRIC.SECT.CSRGHT.JPG?background=FFFFFF&feature=COLOR:SE-172&feature=FINISH:Leg001-3&feature=CUSHIONS:CUSHION-2&feature=DEPTH:DEPTH-36&feature=CHAISE%20LENGTH:CHAISE-63&feature=CHAISE%20WIDTH:CHAISEWIDTH-35'),
	(3, 64, 'https://content.cylindo.com/api/v2/4472/products/SLON.FABRIC.SECT.CSRGHT/frames/1/SLON.FABRIC.SECT.CSRGHT.JPG?background=FFFFFF&feature=COLOR:SE-172&feature=FINISH:Leg008-1&feature=CUSHIONS:CUSHION-2&feature=DEPTH:DEPTH-36&feature=CHAISE%20LENGTH:CHAISE-63&feature=CHAISE%20WIDTH:CHAISEWIDTH-35'),
	(3, 65, 'https://content.cylindo.com/api/v2/4472/products/SLON.FABRIC.SECT.CSRGHT/frames/1/SLON.FABRIC.SECT.CSRGHT.JPG?background=FFFFFF&feature=COLOR:SE-172&feature=FINISH:Leg008-3&feature=CUSHIONS:CUSHION-2&feature=DEPTH:DEPTH-36&feature=CHAISE%20LENGTH:CHAISE-63&feature=CHAISE%20WIDTH:CHAISEWIDTH-35'),
	(3, 66, 'https://content.cylindo.com/api/v2/4472/products/SLON.FABRIC.SECT.CSRGHT/frames/1/SLON.FABRIC.SECT.CSRGHT.JPG?background=FFFFFF&feature=COLOR:SE-172&feature=FINISH:Leg008-2&feature=CUSHIONS:CUSHION-2&feature=DEPTH:DEPTH-36&feature=CHAISE%20LENGTH:CHAISE-63&feature=CHAISE%20WIDTH:CHAISEWIDTH-35'),
	(3, 67, 'https://content.cylindo.com/api/v2/4472/products/SLON.FABRIC.SECT.CSRGHT/frames/1/SLON.FABRIC.SECT.CSRGHT.JPG?background=FFFFFF&feature=COLOR:SE-172&feature=FINISH:Leg002-2&feature=CUSHIONS:CUSHION-2&feature=DEPTH:DEPTH-36&feature=CHAISE%20LENGTH:CHAISE-63&feature=CHAISE%20WIDTH:CHAISEWIDTH-35'),
	(3, 68, 'https://content.cylindo.com/api/v2/4472/products/SLON.FABRIC.SECT.CSRGHT/frames/1/SLON.FABRIC.SECT.CSRGHT.JPG?background=FFFFFF&feature=COLOR:SE-172&feature=FINISH:Leg002-3&feature=CUSHIONS:CUSHION-2&feature=DEPTH:DEPTH-36&feature=CHAISE%20LENGTH:CHAISE-63&feature=CHAISE%20WIDTH:CHAISEWIDTH-35'),
	(3, 69, 'https://content.cylindo.com/api/v2/4472/products/SLON.FABRIC.SECT.CSRGHT/frames/1/SLON.FABRIC.SECT.CSRGHT.JPG?background=FFFFFF&feature=COLOR:SE-172&feature=FINISH:Leg002-4&feature=CUSHIONS:CUSHION-2&feature=DEPTH:DEPTH-36&feature=CHAISE%20LENGTH:CHAISE-63&feature=CHAISE%20WIDTH:CHAISEWIDTH-35'),
	(3, 70, 'https://content.cylindo.com/api/v2/4472/products/SLON.FABRIC.SECT.CSRGHT/frames/1/SLON.FABRIC.SECT.CSRGHT.JPG?background=FFFFFF&feature=COLOR:SE-172&feature=FINISH:Leg014-2&feature=CUSHIONS:CUSHION-2&feature=DEPTH:DEPTH-36&feature=CHAISE%20LENGTH:CHAISE-63&feature=CHAISE%20WIDTH:CHAISEWIDTH-35'),
	(3, 71, 'https://content.cylindo.com/api/v2/4472/products/SLON.FABRIC.SECT.CSRGHT/frames/1/SLON.FABRIC.SECT.CSRGHT.JPG?background=FFFFFF&feature=COLOR:SE-170&feature=FINISH:Leg001-1&feature=CUSHIONS:CUSHION-2&feature=DEPTH:DEPTH-36&feature=CHAISE%20LENGTH:CHAISE-63&feature=CHAISE%20WIDTH:CHAISEWIDTH-35'),
	(3, 72, 'https://content.cylindo.com/api/v2/4472/products/SLON.FABRIC.SECT.CSRGHT/frames/1/SLON.FABRIC.SECT.CSRGHT.JPG?background=FFFFFF&feature=COLOR:SE-170&feature=FINISH:Leg001-2&feature=CUSHIONS:CUSHION-2&feature=DEPTH:DEPTH-36&feature=CHAISE%20LENGTH:CHAISE-63&feature=CHAISE%20WIDTH:CHAISEWIDTH-35'),
	(3, 73, 'https://content.cylindo.com/api/v2/4472/products/SLON.FABRIC.SECT.CSRGHT/frames/1/SLON.FABRIC.SECT.CSRGHT.JPG?background=FFFFFF&feature=COLOR:SE-170&feature=FINISH:Leg001-3&feature=CUSHIONS:CUSHION-2&feature=DEPTH:DEPTH-36&feature=CHAISE%20LENGTH:CHAISE-63&feature=CHAISE%20WIDTH:CHAISEWIDTH-35'),
	(3, 74, 'https://content.cylindo.com/api/v2/4472/products/SLON.FABRIC.SECT.CSRGHT/frames/1/SLON.FABRIC.SECT.CSRGHT.JPG?background=FFFFFF&feature=COLOR:SE-170&feature=FINISH:Leg008-1&feature=CUSHIONS:CUSHION-2&feature=DEPTH:DEPTH-36&feature=CHAISE%20LENGTH:CHAISE-63&feature=CHAISE%20WIDTH:CHAISEWIDTH-35'),
	(3, 75, 'https://content.cylindo.com/api/v2/4472/products/SLON.FABRIC.SECT.CSRGHT/frames/1/SLON.FABRIC.SECT.CSRGHT.JPG?background=FFFFFF&feature=COLOR:SE-170&feature=FINISH:Leg008-3&feature=CUSHIONS:CUSHION-2&feature=DEPTH:DEPTH-36&feature=CHAISE%20LENGTH:CHAISE-63&feature=CHAISE%20WIDTH:CHAISEWIDTH-35'),
	(3, 76, 'https://content.cylindo.com/api/v2/4472/products/SLON.FABRIC.SECT.CSRGHT/frames/1/SLON.FABRIC.SECT.CSRGHT.JPG?background=FFFFFF&feature=COLOR:SE-170&feature=FINISH:Leg008-2&feature=CUSHIONS:CUSHION-2&feature=DEPTH:DEPTH-36&feature=CHAISE%20LENGTH:CHAISE-63&feature=CHAISE%20WIDTH:CHAISEWIDTH-35'),
	(3, 77, 'https://content.cylindo.com/api/v2/4472/products/SLON.FABRIC.SECT.CSRGHT/frames/1/SLON.FABRIC.SECT.CSRGHT.JPG?background=FFFFFF&feature=COLOR:SE-170&feature=FINISH:Leg002-2&feature=CUSHIONS:CUSHION-2&feature=DEPTH:DEPTH-36&feature=CHAISE%20LENGTH:CHAISE-63&feature=CHAISE%20WIDTH:CHAISEWIDTH-35'),
	(3, 78, 'https://content.cylindo.com/api/v2/4472/products/SLON.FABRIC.SECT.CSRGHT/frames/1/SLON.FABRIC.SECT.CSRGHT.JPG?background=FFFFFF&feature=COLOR:SE-170&feature=FINISH:Leg002-3&feature=CUSHIONS:CUSHION-2&feature=DEPTH:DEPTH-36&feature=CHAISE%20LENGTH:CHAISE-63&feature=CHAISE%20WIDTH:CHAISEWIDTH-35'),
	(3, 79, 'https://content.cylindo.com/api/v2/4472/products/SLON.FABRIC.SECT.CSRGHT/frames/1/SLON.FABRIC.SECT.CSRGHT.JPG?background=FFFFFF&feature=COLOR:SE-170&feature=FINISH:Leg002-4&feature=CUSHIONS:CUSHION-2&feature=DEPTH:DEPTH-36&feature=CHAISE%20LENGTH:CHAISE-63&feature=CHAISE%20WIDTH:CHAISEWIDTH-35'),
	(3, 80, 'https://content.cylindo.com/api/v2/4472/products/SLON.FABRIC.SECT.CSRGHT/frames/1/SLON.FABRIC.SECT.CSRGHT.JPG?background=FFFFFF&feature=COLOR:SE-170&feature=FINISH:Leg014-2&feature=CUSHIONS:CUSHION-2&feature=DEPTH:DEPTH-36&feature=CHAISE%20LENGTH:CHAISE-63&feature=CHAISE%20WIDTH:CHAISEWIDTH-35'),
	(3, 81, 'https://content.cylindo.com/api/v2/4472/products/SLON.FABRIC.SECT.CSRGHT/frames/1/SLON.FABRIC.SECT.CSRGHT.JPG?background=FFFFFF&feature=COLOR:SE-173&feature=FINISH:Leg001-1&feature=CUSHIONS:CUSHION-2&feature=DEPTH:DEPTH-36&feature=CHAISE%20LENGTH:CHAISE-63&feature=CHAISE%20WIDTH:CHAISEWIDTH-35'),
	(3, 82, 'https://content.cylindo.com/api/v2/4472/products/SLON.FABRIC.SECT.CSRGHT/frames/1/SLON.FABRIC.SECT.CSRGHT.JPG?background=FFFFFF&feature=COLOR:SE-173&feature=FINISH:Leg001-2&feature=CUSHIONS:CUSHION-2&feature=DEPTH:DEPTH-36&feature=CHAISE%20LENGTH:CHAISE-63&feature=CHAISE%20WIDTH:CHAISEWIDTH-35'),
	(3, 83, 'https://content.cylindo.com/api/v2/4472/products/SLON.FABRIC.SECT.CSRGHT/frames/1/SLON.FABRIC.SECT.CSRGHT.JPG?background=FFFFFF&feature=COLOR:SE-173&feature=FINISH:Leg001-3&feature=CUSHIONS:CUSHION-2&feature=DEPTH:DEPTH-36&feature=CHAISE%20LENGTH:CHAISE-63&feature=CHAISE%20WIDTH:CHAISEWIDTH-35'),
	(3, 84, 'https://content.cylindo.com/api/v2/4472/products/SLON.FABRIC.SECT.CSRGHT/frames/1/SLON.FABRIC.SECT.CSRGHT.JPG?background=FFFFFF&feature=COLOR:SE-173&feature=FINISH:Leg008-1&feature=CUSHIONS:CUSHION-2&feature=DEPTH:DEPTH-36&feature=CHAISE%20LENGTH:CHAISE-63&feature=CHAISE%20WIDTH:CHAISEWIDTH-35'),
	(3, 85, 'https://content.cylindo.com/api/v2/4472/products/SLON.FABRIC.SECT.CSRGHT/frames/1/SLON.FABRIC.SECT.CSRGHT.JPG?background=FFFFFF&feature=COLOR:SE-173&feature=FINISH:Leg008-3&feature=CUSHIONS:CUSHION-2&feature=DEPTH:DEPTH-36&feature=CHAISE%20LENGTH:CHAISE-63&feature=CHAISE%20WIDTH:CHAISEWIDTH-35'),
	(3, 86, 'https://content.cylindo.com/api/v2/4472/products/SLON.FABRIC.SECT.CSRGHT/frames/1/SLON.FABRIC.SECT.CSRGHT.JPG?background=FFFFFF&feature=COLOR:SE-173&feature=FINISH:Leg008-2&feature=CUSHIONS:CUSHION-2&feature=DEPTH:DEPTH-36&feature=CHAISE%20LENGTH:CHAISE-63&feature=CHAISE%20WIDTH:CHAISEWIDTH-35'),
	(3, 87, 'https://content.cylindo.com/api/v2/4472/products/SLON.FABRIC.SECT.CSRGHT/frames/1/SLON.FABRIC.SECT.CSRGHT.JPG?background=FFFFFF&feature=COLOR:SE-173&feature=FINISH:Leg002-2&feature=CUSHIONS:CUSHION-2&feature=DEPTH:DEPTH-36&feature=CHAISE%20LENGTH:CHAISE-63&feature=CHAISE%20WIDTH:CHAISEWIDTH-35'),
	(3, 88, 'https://content.cylindo.com/api/v2/4472/products/SLON.FABRIC.SECT.CSRGHT/frames/1/SLON.FABRIC.SECT.CSRGHT.JPG?background=FFFFFF&feature=COLOR:SE-173&feature=FINISH:Leg002-3&feature=CUSHIONS:CUSHION-2&feature=DEPTH:DEPTH-36&feature=CHAISE%20LENGTH:CHAISE-63&feature=CHAISE%20WIDTH:CHAISEWIDTH-35'),
	(3, 89, 'https://content.cylindo.com/api/v2/4472/products/SLON.FABRIC.SECT.CSRGHT/frames/1/SLON.FABRIC.SECT.CSRGHT.JPG?background=FFFFFF&feature=COLOR:SE-173&feature=FINISH:Leg002-4&feature=CUSHIONS:CUSHION-2&feature=DEPTH:DEPTH-36&feature=CHAISE%20LENGTH:CHAISE-63&feature=CHAISE%20WIDTH:CHAISEWIDTH-35'),
	(3, 90, 'https://content.cylindo.com/api/v2/4472/products/SLON.FABRIC.SECT.CSRGHT/frames/1/SLON.FABRIC.SECT.CSRGHT.JPG?background=FFFFFF&feature=COLOR:SE-173&feature=FINISH:Leg014-2&feature=CUSHIONS:CUSHION-2&feature=DEPTH:DEPTH-36&feature=CHAISE%20LENGTH:CHAISE-63&feature=CHAISE%20WIDTH:CHAISEWIDTH-35'),
	(3, 91, 'https://content.cylindo.com/api/v2/4472/products/SLON.FABRIC.SECT.CSRGHT/frames/1/SLON.FABRIC.SECT.CSRGHT.JPG?background=FFFFFF&feature=COLOR:SE-166&feature=FINISH:Leg001-1&feature=CUSHIONS:CUSHION-2&feature=DEPTH:DEPTH-36&feature=CHAISE%20LENGTH:CHAISE-63&feature=CHAISE%20WIDTH:CHAISEWIDTH-35'),
	(3, 92, 'https://content.cylindo.com/api/v2/4472/products/SLON.FABRIC.SECT.CSRGHT/frames/1/SLON.FABRIC.SECT.CSRGHT.JPG?background=FFFFFF&feature=COLOR:SE-166&feature=FINISH:Leg001-2&feature=CUSHIONS:CUSHION-2&feature=DEPTH:DEPTH-36&feature=CHAISE%20LENGTH:CHAISE-63&feature=CHAISE%20WIDTH:CHAISEWIDTH-35'),
	(3, 93, 'https://content.cylindo.com/api/v2/4472/products/SLON.FABRIC.SECT.CSRGHT/frames/1/SLON.FABRIC.SECT.CSRGHT.JPG?background=FFFFFF&feature=COLOR:SE-166&feature=FINISH:Leg001-3&feature=CUSHIONS:CUSHION-2&feature=DEPTH:DEPTH-36&feature=CHAISE%20LENGTH:CHAISE-63&feature=CHAISE%20WIDTH:CHAISEWIDTH-35'),
	(3, 94, 'https://content.cylindo.com/api/v2/4472/products/SLON.FABRIC.SECT.CSRGHT/frames/1/SLON.FABRIC.SECT.CSRGHT.JPG?background=FFFFFF&feature=COLOR:SE-166&feature=FINISH:Leg008-1&feature=CUSHIONS:CUSHION-2&feature=DEPTH:DEPTH-36&feature=CHAISE%20LENGTH:CHAISE-63&feature=CHAISE%20WIDTH:CHAISEWIDTH-35'),
	(3, 95, 'https://content.cylindo.com/api/v2/4472/products/SLON.FABRIC.SECT.CSRGHT/frames/1/SLON.FABRIC.SECT.CSRGHT.JPG?background=FFFFFF&feature=COLOR:SE-166&feature=FINISH:Leg008-3&feature=CUSHIONS:CUSHION-2&feature=DEPTH:DEPTH-36&feature=CHAISE%20LENGTH:CHAISE-63&feature=CHAISE%20WIDTH:CHAISEWIDTH-35'),
	(3, 96, 'https://content.cylindo.com/api/v2/4472/products/SLON.FABRIC.SECT.CSRGHT/frames/1/SLON.FABRIC.SECT.CSRGHT.JPG?background=FFFFFF&feature=COLOR:SE-166&feature=FINISH:Leg008-2&feature=CUSHIONS:CUSHION-2&feature=DEPTH:DEPTH-36&feature=CHAISE%20LENGTH:CHAISE-63&feature=CHAISE%20WIDTH:CHAISEWIDTH-35'),
	(3, 97, 'https://content.cylindo.com/api/v2/4472/products/SLON.FABRIC.SECT.CSRGHT/frames/1/SLON.FABRIC.SECT.CSRGHT.JPG?background=FFFFFF&feature=COLOR:SE-166&feature=FINISH:Leg002-2&feature=CUSHIONS:CUSHION-2&feature=DEPTH:DEPTH-36&feature=CHAISE%20LENGTH:CHAISE-63&feature=CHAISE%20WIDTH:CHAISEWIDTH-35'),
	(3, 98, 'https://content.cylindo.com/api/v2/4472/products/SLON.FABRIC.SECT.CSRGHT/frames/1/SLON.FABRIC.SECT.CSRGHT.JPG?background=FFFFFF&feature=COLOR:SE-166&feature=FINISH:Leg002-3&feature=CUSHIONS:CUSHION-2&feature=DEPTH:DEPTH-36&feature=CHAISE%20LENGTH:CHAISE-63&feature=CHAISE%20WIDTH:CHAISEWIDTH-35'),
	(3, 99, 'https://content.cylindo.com/api/v2/4472/products/SLON.FABRIC.SECT.CSRGHT/frames/1/SLON.FABRIC.SECT.CSRGHT.JPG?background=FFFFFF&feature=COLOR:SE-166&feature=FINISH:Leg002-4&feature=CUSHIONS:CUSHION-2&feature=DEPTH:DEPTH-36&feature=CHAISE%20LENGTH:CHAISE-63&feature=CHAISE%20WIDTH:CHAISEWIDTH-35'),
	(3, 100, 'https://content.cylindo.com/api/v2/4472/products/SLON.FABRIC.SECT.CSRGHT/frames/1/SLON.FABRIC.SECT.CSRGHT.JPG?background=FFFFFF&feature=COLOR:SE-166&feature=FINISH:Leg014-2&feature=CUSHIONS:CUSHION-2&feature=DEPTH:DEPTH-36&feature=CHAISE%20LENGTH:CHAISE-63&feature=CHAISE%20WIDTH:CHAISEWIDTH-35'),
	(4, 1, 'https://content.cylindo.com/api/v2/4472/products/SLON.LEATHR.SECT.CSRGHT/frames/1/SLON.LEATHR.SECT.CSRGHT.JPG?background=FFFFFF&feature=COLOR:2210A&feature=FINISH:Leg008-1&feature=CUSHIONS:CUSHION-2&feature=DEPTH:DEPTH-36&feature=CHAISE%20LENGTH:CHAISE-63&feature=CHAISE%20WIDTH:CHAISEWIDTH-35'),
	(4, 2, 'https://content.cylindo.com/api/v2/4472/products/SLON.LEATHR.SECT.CSRGHT/frames/1/SLON.LEATHR.SECT.CSRGHT.JPG?background=FFFFFF&feature=COLOR:2210A&feature=FINISH:Leg008-3&feature=CUSHIONS:CUSHION-2&feature=DEPTH:DEPTH-36&feature=CHAISE%20LENGTH:CHAISE-63&feature=CHAISE%20WIDTH:CHAISEWIDTH-35'),
	(4, 3, 'https://content.cylindo.com/api/v2/4472/products/SLON.LEATHR.SECT.CSRGHT/frames/1/SLON.LEATHR.SECT.CSRGHT.JPG?background=FFFFFF&feature=COLOR:2210A&feature=FINISH:Leg008-2&feature=CUSHIONS:CUSHION-2&feature=DEPTH:DEPTH-36&feature=CHAISE%20LENGTH:CHAISE-63&feature=CHAISE%20WIDTH:CHAISEWIDTH-35'),
	(4, 4, 'https://content.cylindo.com/api/v2/4472/products/SLON.LEATHR.SECT.CSRGHT/frames/1/SLON.LEATHR.SECT.CSRGHT.JPG?background=FFFFFF&feature=COLOR:2210A&feature=FINISH:Leg001-1&feature=CUSHIONS:CUSHION-2&feature=DEPTH:DEPTH-36&feature=CHAISE%20LENGTH:CHAISE-63&feature=CHAISE%20WIDTH:CHAISEWIDTH-35'),
	(4, 5, 'https://content.cylindo.com/api/v2/4472/products/SLON.LEATHR.SECT.CSRGHT/frames/1/SLON.LEATHR.SECT.CSRGHT.JPG?background=FFFFFF&feature=COLOR:2210A&feature=FINISH:Leg001-2&feature=CUSHIONS:CUSHION-2&feature=DEPTH:DEPTH-36&feature=CHAISE%20LENGTH:CHAISE-63&feature=CHAISE%20WIDTH:CHAISEWIDTH-35'),
	(4, 6, 'https://content.cylindo.com/api/v2/4472/products/SLON.LEATHR.SECT.CSRGHT/frames/1/SLON.LEATHR.SECT.CSRGHT.JPG?background=FFFFFF&feature=COLOR:2210A&feature=FINISH:Leg001-3&feature=CUSHIONS:CUSHION-2&feature=DEPTH:DEPTH-36&feature=CHAISE%20LENGTH:CHAISE-63&feature=CHAISE%20WIDTH:CHAISEWIDTH-35'),
	(4, 7, 'https://content.cylindo.com/api/v2/4472/products/SLON.LEATHR.SECT.CSRGHT/frames/1/SLON.LEATHR.SECT.CSRGHT.JPG?background=FFFFFF&feature=COLOR:2210A&feature=FINISH:Leg002-2&feature=CUSHIONS:CUSHION-2&feature=DEPTH:DEPTH-36&feature=CHAISE%20LENGTH:CHAISE-63&feature=CHAISE%20WIDTH:CHAISEWIDTH-35'),
	(4, 8, 'https://content.cylindo.com/api/v2/4472/products/SLON.LEATHR.SECT.CSRGHT/frames/1/SLON.LEATHR.SECT.CSRGHT.JPG?background=FFFFFF&feature=COLOR:2210A&feature=FINISH:Leg002-3&feature=CUSHIONS:CUSHION-2&feature=DEPTH:DEPTH-36&feature=CHAISE%20LENGTH:CHAISE-63&feature=CHAISE%20WIDTH:CHAISEWIDTH-35'),
	(4, 9, 'https://content.cylindo.com/api/v2/4472/products/SLON.LEATHR.SECT.CSRGHT/frames/1/SLON.LEATHR.SECT.CSRGHT.JPG?background=FFFFFF&feature=COLOR:2210A&feature=FINISH:Leg002-4&feature=CUSHIONS:CUSHION-2&feature=DEPTH:DEPTH-36&feature=CHAISE%20LENGTH:CHAISE-63&feature=CHAISE%20WIDTH:CHAISEWIDTH-35'),
	(4, 10, 'https://content.cylindo.com/api/v2/4472/products/SLON.LEATHR.SECT.CSRGHT/frames/1/SLON.LEATHR.SECT.CSRGHT.JPG?background=FFFFFF&feature=COLOR:2210A&feature=FINISH:Leg014-2&feature=CUSHIONS:CUSHION-2&feature=DEPTH:DEPTH-36&feature=CHAISE%20LENGTH:CHAISE-63&feature=CHAISE%20WIDTH:CHAISEWIDTH-35'),
	(4, 11, 'https://content.cylindo.com/api/v2/4472/products/SLON.LEATHR.SECT.CSRGHT/frames/1/SLON.LEATHR.SECT.CSRGHT.JPG?background=FFFFFF&feature=COLOR:LTHR-02&feature=FINISH:Leg008-1&feature=CUSHIONS:CUSHION-2&feature=DEPTH:DEPTH-36&feature=CHAISE%20LENGTH:CHAISE-63&feature=CHAISE%20WIDTH:CHAISEWIDTH-35'),
	(4, 12, 'https://content.cylindo.com/api/v2/4472/products/SLON.LEATHR.SECT.CSRGHT/frames/1/SLON.LEATHR.SECT.CSRGHT.JPG?background=FFFFFF&feature=COLOR:LTHR-02&feature=FINISH:Leg008-3&feature=CUSHIONS:CUSHION-2&feature=DEPTH:DEPTH-36&feature=CHAISE%20LENGTH:CHAISE-63&feature=CHAISE%20WIDTH:CHAISEWIDTH-35'),
	(4, 13, 'https://content.cylindo.com/api/v2/4472/products/SLON.LEATHR.SECT.CSRGHT/frames/1/SLON.LEATHR.SECT.CSRGHT.JPG?background=FFFFFF&feature=COLOR:LTHR-02&feature=FINISH:Leg008-2&feature=CUSHIONS:CUSHION-2&feature=DEPTH:DEPTH-36&feature=CHAISE%20LENGTH:CHAISE-63&feature=CHAISE%20WIDTH:CHAISEWIDTH-35'),
	(4, 14, 'https://content.cylindo.com/api/v2/4472/products/SLON.LEATHR.SECT.CSRGHT/frames/1/SLON.LEATHR.SECT.CSRGHT.JPG?background=FFFFFF&feature=COLOR:LTHR-02&feature=FINISH:Leg001-1&feature=CUSHIONS:CUSHION-2&feature=DEPTH:DEPTH-36&feature=CHAISE%20LENGTH:CHAISE-63&feature=CHAISE%20WIDTH:CHAISEWIDTH-35'),
	(4, 15, 'https://content.cylindo.com/api/v2/4472/products/SLON.LEATHR.SECT.CSRGHT/frames/1/SLON.LEATHR.SECT.CSRGHT.JPG?background=FFFFFF&feature=COLOR:LTHR-02&feature=FINISH:Leg001-2&feature=CUSHIONS:CUSHION-2&feature=DEPTH:DEPTH-36&feature=CHAISE%20LENGTH:CHAISE-63&feature=CHAISE%20WIDTH:CHAISEWIDTH-35'),
	(4, 16, 'https://content.cylindo.com/api/v2/4472/products/SLON.LEATHR.SECT.CSRGHT/frames/1/SLON.LEATHR.SECT.CSRGHT.JPG?background=FFFFFF&feature=COLOR:LTHR-02&feature=FINISH:Leg001-3&feature=CUSHIONS:CUSHION-2&feature=DEPTH:DEPTH-36&feature=CHAISE%20LENGTH:CHAISE-63&feature=CHAISE%20WIDTH:CHAISEWIDTH-35'),
	(4, 17, 'https://content.cylindo.com/api/v2/4472/products/SLON.LEATHR.SECT.CSRGHT/frames/1/SLON.LEATHR.SECT.CSRGHT.JPG?background=FFFFFF&feature=COLOR:LTHR-02&feature=FINISH:Leg002-2&feature=CUSHIONS:CUSHION-2&feature=DEPTH:DEPTH-36&feature=CHAISE%20LENGTH:CHAISE-63&feature=CHAISE%20WIDTH:CHAISEWIDTH-35'),
	(4, 18, 'https://content.cylindo.com/api/v2/4472/products/SLON.LEATHR.SECT.CSRGHT/frames/1/SLON.LEATHR.SECT.CSRGHT.JPG?background=FFFFFF&feature=COLOR:LTHR-02&feature=FINISH:Leg002-3&feature=CUSHIONS:CUSHION-2&feature=DEPTH:DEPTH-36&feature=CHAISE%20LENGTH:CHAISE-63&feature=CHAISE%20WIDTH:CHAISEWIDTH-35'),
	(4, 19, 'https://content.cylindo.com/api/v2/4472/products/SLON.LEATHR.SECT.CSRGHT/frames/1/SLON.LEATHR.SECT.CSRGHT.JPG?background=FFFFFF&feature=COLOR:LTHR-02&feature=FINISH:Leg002-4&feature=CUSHIONS:CUSHION-2&feature=DEPTH:DEPTH-36&feature=CHAISE%20LENGTH:CHAISE-63&feature=CHAISE%20WIDTH:CHAISEWIDTH-35'),
	(4, 20, 'https://content.cylindo.com/api/v2/4472/products/SLON.LEATHR.SECT.CSRGHT/frames/1/SLON.LEATHR.SECT.CSRGHT.JPG?background=FFFFFF&feature=COLOR:LTHR-02&feature=FINISH:Leg014-2&feature=CUSHIONS:CUSHION-2&feature=DEPTH:DEPTH-36&feature=CHAISE%20LENGTH:CHAISE-63&feature=CHAISE%20WIDTH:CHAISEWIDTH-35'),
	(4, 21, 'https://content.cylindo.com/api/v2/4472/products/SLON.LEATHR.SECT.CSRGHT/frames/1/SLON.LEATHR.SECT.CSRGHT.JPG?background=FFFFFF&feature=COLOR:8519A&feature=FINISH:Leg008-1&feature=CUSHIONS:CUSHION-2&feature=DEPTH:DEPTH-36&feature=CHAISE%20LENGTH:CHAISE-63&feature=CHAISE%20WIDTH:CHAISEWIDTH-35'),
	(4, 22, 'https://content.cylindo.com/api/v2/4472/products/SLON.LEATHR.SECT.CSRGHT/frames/1/SLON.LEATHR.SECT.CSRGHT.JPG?background=FFFFFF&feature=COLOR:8519A&feature=FINISH:Leg008-3&feature=CUSHIONS:CUSHION-2&feature=DEPTH:DEPTH-36&feature=CHAISE%20LENGTH:CHAISE-63&feature=CHAISE%20WIDTH:CHAISEWIDTH-35'),
	(4, 23, 'https://content.cylindo.com/api/v2/4472/products/SLON.LEATHR.SECT.CSRGHT/frames/1/SLON.LEATHR.SECT.CSRGHT.JPG?background=FFFFFF&feature=COLOR:8519A&feature=FINISH:Leg008-2&feature=CUSHIONS:CUSHION-2&feature=DEPTH:DEPTH-36&feature=CHAISE%20LENGTH:CHAISE-63&feature=CHAISE%20WIDTH:CHAISEWIDTH-35'),
	(4, 24, 'https://content.cylindo.com/api/v2/4472/products/SLON.LEATHR.SECT.CSRGHT/frames/1/SLON.LEATHR.SECT.CSRGHT.JPG?background=FFFFFF&feature=COLOR:8519A&feature=FINISH:Leg001-1&feature=CUSHIONS:CUSHION-2&feature=DEPTH:DEPTH-36&feature=CHAISE%20LENGTH:CHAISE-63&feature=CHAISE%20WIDTH:CHAISEWIDTH-35'),
	(4, 25, 'https://content.cylindo.com/api/v2/4472/products/SLON.LEATHR.SECT.CSRGHT/frames/1/SLON.LEATHR.SECT.CSRGHT.JPG?background=FFFFFF&feature=COLOR:8519A&feature=FINISH:Leg001-2&feature=CUSHIONS:CUSHION-2&feature=DEPTH:DEPTH-36&feature=CHAISE%20LENGTH:CHAISE-63&feature=CHAISE%20WIDTH:CHAISEWIDTH-35'),
	(4, 26, 'https://content.cylindo.com/api/v2/4472/products/SLON.LEATHR.SECT.CSRGHT/frames/1/SLON.LEATHR.SECT.CSRGHT.JPG?background=FFFFFF&feature=COLOR:8519A&feature=FINISH:Leg001-3&feature=CUSHIONS:CUSHION-2&feature=DEPTH:DEPTH-36&feature=CHAISE%20LENGTH:CHAISE-63&feature=CHAISE%20WIDTH:CHAISEWIDTH-35'),
	(4, 27, 'https://content.cylindo.com/api/v2/4472/products/SLON.LEATHR.SECT.CSRGHT/frames/1/SLON.LEATHR.SECT.CSRGHT.JPG?background=FFFFFF&feature=COLOR:8519A&feature=FINISH:Leg002-2&feature=CUSHIONS:CUSHION-2&feature=DEPTH:DEPTH-36&feature=CHAISE%20LENGTH:CHAISE-63&feature=CHAISE%20WIDTH:CHAISEWIDTH-35'),
	(4, 28, 'https://content.cylindo.com/api/v2/4472/products/SLON.LEATHR.SECT.CSRGHT/frames/1/SLON.LEATHR.SECT.CSRGHT.JPG?background=FFFFFF&feature=COLOR:8519A&feature=FINISH:Leg002-3&feature=CUSHIONS:CUSHION-2&feature=DEPTH:DEPTH-36&feature=CHAISE%20LENGTH:CHAISE-63&feature=CHAISE%20WIDTH:CHAISEWIDTH-35'),
	(4, 29, 'https://content.cylindo.com/api/v2/4472/products/SLON.LEATHR.SECT.CSRGHT/frames/1/SLON.LEATHR.SECT.CSRGHT.JPG?background=FFFFFF&feature=COLOR:8519A&feature=FINISH:Leg002-4&feature=CUSHIONS:CUSHION-2&feature=DEPTH:DEPTH-36&feature=CHAISE%20LENGTH:CHAISE-63&feature=CHAISE%20WIDTH:CHAISEWIDTH-35'),
	(4, 30, 'https://content.cylindo.com/api/v2/4472/products/SLON.LEATHR.SECT.CSRGHT/frames/1/SLON.LEATHR.SECT.CSRGHT.JPG?background=FFFFFF&feature=COLOR:8519A&feature=FINISH:Leg014-2&feature=CUSHIONS:CUSHION-2&feature=DEPTH:DEPTH-36&feature=CHAISE%20LENGTH:CHAISE-63&feature=CHAISE%20WIDTH:CHAISEWIDTH-35'),
	(4, 31, 'https://content.cylindo.com/api/v2/4472/products/SLON.LEATHR.SECT.CSRGHT/frames/1/SLON.LEATHR.SECT.CSRGHT.JPG?background=FFFFFF&feature=COLOR:LTHR-01&feature=FINISH:Leg008-1&feature=CUSHIONS:CUSHION-2&feature=DEPTH:DEPTH-36&feature=CHAISE%20LENGTH:CHAISE-63&feature=CHAISE%20WIDTH:CHAISEWIDTH-35'),
	(4, 32, 'https://content.cylindo.com/api/v2/4472/products/SLON.LEATHR.SECT.CSRGHT/frames/1/SLON.LEATHR.SECT.CSRGHT.JPG?background=FFFFFF&feature=COLOR:LTHR-01&feature=FINISH:Leg008-3&feature=CUSHIONS:CUSHION-2&feature=DEPTH:DEPTH-36&feature=CHAISE%20LENGTH:CHAISE-63&feature=CHAISE%20WIDTH:CHAISEWIDTH-35'),
	(4, 33, 'https://content.cylindo.com/api/v2/4472/products/SLON.LEATHR.SECT.CSRGHT/frames/1/SLON.LEATHR.SECT.CSRGHT.JPG?background=FFFFFF&feature=COLOR:LTHR-01&feature=FINISH:Leg008-2&feature=CUSHIONS:CUSHION-2&feature=DEPTH:DEPTH-36&feature=CHAISE%20LENGTH:CHAISE-63&feature=CHAISE%20WIDTH:CHAISEWIDTH-35'),
	(4, 34, 'https://content.cylindo.com/api/v2/4472/products/SLON.LEATHR.SECT.CSRGHT/frames/1/SLON.LEATHR.SECT.CSRGHT.JPG?background=FFFFFF&feature=COLOR:LTHR-01&feature=FINISH:Leg001-1&feature=CUSHIONS:CUSHION-2&feature=DEPTH:DEPTH-36&feature=CHAISE%20LENGTH:CHAISE-63&feature=CHAISE%20WIDTH:CHAISEWIDTH-35'),
	(4, 35, 'https://content.cylindo.com/api/v2/4472/products/SLON.LEATHR.SECT.CSRGHT/frames/1/SLON.LEATHR.SECT.CSRGHT.JPG?background=FFFFFF&feature=COLOR:LTHR-01&feature=FINISH:Leg001-2&feature=CUSHIONS:CUSHION-2&feature=DEPTH:DEPTH-36&feature=CHAISE%20LENGTH:CHAISE-63&feature=CHAISE%20WIDTH:CHAISEWIDTH-35'),
	(4, 36, 'https://content.cylindo.com/api/v2/4472/products/SLON.LEATHR.SECT.CSRGHT/frames/1/SLON.LEATHR.SECT.CSRGHT.JPG?background=FFFFFF&feature=COLOR:LTHR-01&feature=FINISH:Leg001-3&feature=CUSHIONS:CUSHION-2&feature=DEPTH:DEPTH-36&feature=CHAISE%20LENGTH:CHAISE-63&feature=CHAISE%20WIDTH:CHAISEWIDTH-35'),
	(4, 37, 'https://content.cylindo.com/api/v2/4472/products/SLON.LEATHR.SECT.CSRGHT/frames/1/SLON.LEATHR.SECT.CSRGHT.JPG?background=FFFFFF&feature=COLOR:LTHR-01&feature=FINISH:Leg002-2&feature=CUSHIONS:CUSHION-2&feature=DEPTH:DEPTH-36&feature=CHAISE%20LENGTH:CHAISE-63&feature=CHAISE%20WIDTH:CHAISEWIDTH-35'),
	(4, 38, 'https://content.cylindo.com/api/v2/4472/products/SLON.LEATHR.SECT.CSRGHT/frames/1/SLON.LEATHR.SECT.CSRGHT.JPG?background=FFFFFF&feature=COLOR:LTHR-01&feature=FINISH:Leg002-3&feature=CUSHIONS:CUSHION-2&feature=DEPTH:DEPTH-36&feature=CHAISE%20LENGTH:CHAISE-63&feature=CHAISE%20WIDTH:CHAISEWIDTH-35'),
	(4, 39, 'https://content.cylindo.com/api/v2/4472/products/SLON.LEATHR.SECT.CSRGHT/frames/1/SLON.LEATHR.SECT.CSRGHT.JPG?background=FFFFFF&feature=COLOR:LTHR-01&feature=FINISH:Leg002-4&feature=CUSHIONS:CUSHION-2&feature=DEPTH:DEPTH-36&feature=CHAISE%20LENGTH:CHAISE-63&feature=CHAISE%20WIDTH:CHAISEWIDTH-35'),
	(4, 40, 'https://content.cylindo.com/api/v2/4472/products/SLON.LEATHR.SECT.CSRGHT/frames/1/SLON.LEATHR.SECT.CSRGHT.JPG?background=FFFFFF&feature=COLOR:LTHR-01&feature=FINISH:Leg014-2&feature=CUSHIONS:CUSHION-2&feature=DEPTH:DEPTH-36&feature=CHAISE%20LENGTH:CHAISE-63&feature=CHAISE%20WIDTH:CHAISEWIDTH-35'),
	(4, 41, 'https://content.cylindo.com/api/v2/4472/products/SLON.LEATHR.SECT.CSRGHT/frames/1/SLON.LEATHR.SECT.CSRGHT.JPG?background=FFFFFF&feature=COLOR:LTHR-03&feature=FINISH:Leg008-1&feature=CUSHIONS:CUSHION-2&feature=DEPTH:DEPTH-36&feature=CHAISE%20LENGTH:CHAISE-63&feature=CHAISE%20WIDTH:CHAISEWIDTH-35'),
	(4, 42, 'https://content.cylindo.com/api/v2/4472/products/SLON.LEATHR.SECT.CSRGHT/frames/1/SLON.LEATHR.SECT.CSRGHT.JPG?background=FFFFFF&feature=COLOR:LTHR-03&feature=FINISH:Leg008-3&feature=CUSHIONS:CUSHION-2&feature=DEPTH:DEPTH-36&feature=CHAISE%20LENGTH:CHAISE-63&feature=CHAISE%20WIDTH:CHAISEWIDTH-35'),
	(4, 43, 'https://content.cylindo.com/api/v2/4472/products/SLON.LEATHR.SECT.CSRGHT/frames/1/SLON.LEATHR.SECT.CSRGHT.JPG?background=FFFFFF&feature=COLOR:LTHR-03&feature=FINISH:Leg008-2&feature=CUSHIONS:CUSHION-2&feature=DEPTH:DEPTH-36&feature=CHAISE%20LENGTH:CHAISE-63&feature=CHAISE%20WIDTH:CHAISEWIDTH-35'),
	(4, 44, 'https://content.cylindo.com/api/v2/4472/products/SLON.LEATHR.SECT.CSRGHT/frames/1/SLON.LEATHR.SECT.CSRGHT.JPG?background=FFFFFF&feature=COLOR:LTHR-03&feature=FINISH:Leg001-1&feature=CUSHIONS:CUSHION-2&feature=DEPTH:DEPTH-36&feature=CHAISE%20LENGTH:CHAISE-63&feature=CHAISE%20WIDTH:CHAISEWIDTH-35'),
	(4, 45, 'https://content.cylindo.com/api/v2/4472/products/SLON.LEATHR.SECT.CSRGHT/frames/1/SLON.LEATHR.SECT.CSRGHT.JPG?background=FFFFFF&feature=COLOR:LTHR-03&feature=FINISH:Leg001-2&feature=CUSHIONS:CUSHION-2&feature=DEPTH:DEPTH-36&feature=CHAISE%20LENGTH:CHAISE-63&feature=CHAISE%20WIDTH:CHAISEWIDTH-35'),
	(4, 46, 'https://content.cylindo.com/api/v2/4472/products/SLON.LEATHR.SECT.CSRGHT/frames/1/SLON.LEATHR.SECT.CSRGHT.JPG?background=FFFFFF&feature=COLOR:LTHR-03&feature=FINISH:Leg001-3&feature=CUSHIONS:CUSHION-2&feature=DEPTH:DEPTH-36&feature=CHAISE%20LENGTH:CHAISE-63&feature=CHAISE%20WIDTH:CHAISEWIDTH-35'),
	(4, 47, 'https://content.cylindo.com/api/v2/4472/products/SLON.LEATHR.SECT.CSRGHT/frames/1/SLON.LEATHR.SECT.CSRGHT.JPG?background=FFFFFF&feature=COLOR:LTHR-03&feature=FINISH:Leg002-2&feature=CUSHIONS:CUSHION-2&feature=DEPTH:DEPTH-36&feature=CHAISE%20LENGTH:CHAISE-63&feature=CHAISE%20WIDTH:CHAISEWIDTH-35'),
	(4, 48, 'https://content.cylindo.com/api/v2/4472/products/SLON.LEATHR.SECT.CSRGHT/frames/1/SLON.LEATHR.SECT.CSRGHT.JPG?background=FFFFFF&feature=COLOR:LTHR-03&feature=FINISH:Leg002-3&feature=CUSHIONS:CUSHION-2&feature=DEPTH:DEPTH-36&feature=CHAISE%20LENGTH:CHAISE-63&feature=CHAISE%20WIDTH:CHAISEWIDTH-35'),
	(4, 49, 'https://content.cylindo.com/api/v2/4472/products/SLON.LEATHR.SECT.CSRGHT/frames/1/SLON.LEATHR.SECT.CSRGHT.JPG?background=FFFFFF&feature=COLOR:LTHR-03&feature=FINISH:Leg002-4&feature=CUSHIONS:CUSHION-2&feature=DEPTH:DEPTH-36&feature=CHAISE%20LENGTH:CHAISE-63&feature=CHAISE%20WIDTH:CHAISEWIDTH-35'),
	(4, 50, 'https://content.cylindo.com/api/v2/4472/products/SLON.LEATHR.SECT.CSRGHT/frames/1/SLON.LEATHR.SECT.CSRGHT.JPG?background=FFFFFF&feature=COLOR:LTHR-03&feature=FINISH:Leg014-2&feature=CUSHIONS:CUSHION-2&feature=DEPTH:DEPTH-36&feature=CHAISE%20LENGTH:CHAISE-63&feature=CHAISE%20WIDTH:CHAISEWIDTH-35'),
	(4, 51, 'https://content.cylindo.com/api/v2/4472/products/SLON.LEATHR.SECT.CSRGHT/frames/1/SLON.LEATHR.SECT.CSRGHT.JPG?background=FFFFFF&feature=COLOR:LTHR-05&feature=FINISH:Leg008-1&feature=CUSHIONS:CUSHION-2&feature=DEPTH:DEPTH-36&feature=CHAISE%20LENGTH:CHAISE-63&feature=CHAISE%20WIDTH:CHAISEWIDTH-35'),
	(4, 52, 'https://content.cylindo.com/api/v2/4472/products/SLON.LEATHR.SECT.CSRGHT/frames/1/SLON.LEATHR.SECT.CSRGHT.JPG?background=FFFFFF&feature=COLOR:LTHR-05&feature=FINISH:Leg008-3&feature=CUSHIONS:CUSHION-2&feature=DEPTH:DEPTH-36&feature=CHAISE%20LENGTH:CHAISE-63&feature=CHAISE%20WIDTH:CHAISEWIDTH-35'),
	(4, 53, 'https://content.cylindo.com/api/v2/4472/products/SLON.LEATHR.SECT.CSRGHT/frames/1/SLON.LEATHR.SECT.CSRGHT.JPG?background=FFFFFF&feature=COLOR:LTHR-05&feature=FINISH:Leg008-2&feature=CUSHIONS:CUSHION-2&feature=DEPTH:DEPTH-36&feature=CHAISE%20LENGTH:CHAISE-63&feature=CHAISE%20WIDTH:CHAISEWIDTH-35'),
	(4, 54, 'https://content.cylindo.com/api/v2/4472/products/SLON.LEATHR.SECT.CSRGHT/frames/1/SLON.LEATHR.SECT.CSRGHT.JPG?background=FFFFFF&feature=COLOR:LTHR-05&feature=FINISH:Leg001-1&feature=CUSHIONS:CUSHION-2&feature=DEPTH:DEPTH-36&feature=CHAISE%20LENGTH:CHAISE-63&feature=CHAISE%20WIDTH:CHAISEWIDTH-35'),
	(4, 55, 'https://content.cylindo.com/api/v2/4472/products/SLON.LEATHR.SECT.CSRGHT/frames/1/SLON.LEATHR.SECT.CSRGHT.JPG?background=FFFFFF&feature=COLOR:LTHR-05&feature=FINISH:Leg001-2&feature=CUSHIONS:CUSHION-2&feature=DEPTH:DEPTH-36&feature=CHAISE%20LENGTH:CHAISE-63&feature=CHAISE%20WIDTH:CHAISEWIDTH-35'),
	(4, 56, 'https://content.cylindo.com/api/v2/4472/products/SLON.LEATHR.SECT.CSRGHT/frames/1/SLON.LEATHR.SECT.CSRGHT.JPG?background=FFFFFF&feature=COLOR:LTHR-05&feature=FINISH:Leg001-3&feature=CUSHIONS:CUSHION-2&feature=DEPTH:DEPTH-36&feature=CHAISE%20LENGTH:CHAISE-63&feature=CHAISE%20WIDTH:CHAISEWIDTH-35'),
	(4, 57, 'https://content.cylindo.com/api/v2/4472/products/SLON.LEATHR.SECT.CSRGHT/frames/1/SLON.LEATHR.SECT.CSRGHT.JPG?background=FFFFFF&feature=COLOR:LTHR-05&feature=FINISH:Leg002-2&feature=CUSHIONS:CUSHION-2&feature=DEPTH:DEPTH-36&feature=CHAISE%20LENGTH:CHAISE-63&feature=CHAISE%20WIDTH:CHAISEWIDTH-35'),
	(4, 58, 'https://content.cylindo.com/api/v2/4472/products/SLON.LEATHR.SECT.CSRGHT/frames/1/SLON.LEATHR.SECT.CSRGHT.JPG?background=FFFFFF&feature=COLOR:LTHR-05&feature=FINISH:Leg002-3&feature=CUSHIONS:CUSHION-2&feature=DEPTH:DEPTH-36&feature=CHAISE%20LENGTH:CHAISE-63&feature=CHAISE%20WIDTH:CHAISEWIDTH-35'),
	(4, 59, 'https://content.cylindo.com/api/v2/4472/products/SLON.LEATHR.SECT.CSRGHT/frames/1/SLON.LEATHR.SECT.CSRGHT.JPG?background=FFFFFF&feature=COLOR:LTHR-05&feature=FINISH:Leg002-4&feature=CUSHIONS:CUSHION-2&feature=DEPTH:DEPTH-36&feature=CHAISE%20LENGTH:CHAISE-63&feature=CHAISE%20WIDTH:CHAISEWIDTH-35'),
	(4, 60, 'https://content.cylindo.com/api/v2/4472/products/SLON.LEATHR.SECT.CSRGHT/frames/1/SLON.LEATHR.SECT.CSRGHT.JPG?background=FFFFFF&feature=COLOR:LTHR-05&feature=FINISH:Leg014-2&feature=CUSHIONS:CUSHION-2&feature=DEPTH:DEPTH-36&feature=CHAISE%20LENGTH:CHAISE-63&feature=CHAISE%20WIDTH:CHAISEWIDTH-35'),
	(4, 61, 'https://content.cylindo.com/api/v2/4472/products/SLON.LEATHR.SECT.CSRGHT/frames/1/SLON.LEATHR.SECT.CSRGHT.JPG?background=FFFFFF&feature=COLOR:LTHR-04&feature=FINISH:Leg008-1&feature=CUSHIONS:CUSHION-2&feature=DEPTH:DEPTH-36&feature=CHAISE%20LENGTH:CHAISE-63&feature=CHAISE%20WIDTH:CHAISEWIDTH-35'),
	(4, 62, 'https://content.cylindo.com/api/v2/4472/products/SLON.LEATHR.SECT.CSRGHT/frames/1/SLON.LEATHR.SECT.CSRGHT.JPG?background=FFFFFF&feature=COLOR:LTHR-04&feature=FINISH:Leg008-3&feature=CUSHIONS:CUSHION-2&feature=DEPTH:DEPTH-36&feature=CHAISE%20LENGTH:CHAISE-63&feature=CHAISE%20WIDTH:CHAISEWIDTH-35'),
	(4, 63, 'https://content.cylindo.com/api/v2/4472/products/SLON.LEATHR.SECT.CSRGHT/frames/1/SLON.LEATHR.SECT.CSRGHT.JPG?background=FFFFFF&feature=COLOR:LTHR-04&feature=FINISH:Leg008-2&feature=CUSHIONS:CUSHION-2&feature=DEPTH:DEPTH-36&feature=CHAISE%20LENGTH:CHAISE-63&feature=CHAISE%20WIDTH:CHAISEWIDTH-35'),
	(4, 64, 'https://content.cylindo.com/api/v2/4472/products/SLON.LEATHR.SECT.CSRGHT/frames/1/SLON.LEATHR.SECT.CSRGHT.JPG?background=FFFFFF&feature=COLOR:LTHR-04&feature=FINISH:Leg001-1&feature=CUSHIONS:CUSHION-2&feature=DEPTH:DEPTH-36&feature=CHAISE%20LENGTH:CHAISE-63&feature=CHAISE%20WIDTH:CHAISEWIDTH-35'),
	(4, 65, 'https://content.cylindo.com/api/v2/4472/products/SLON.LEATHR.SECT.CSRGHT/frames/1/SLON.LEATHR.SECT.CSRGHT.JPG?background=FFFFFF&feature=COLOR:LTHR-04&feature=FINISH:Leg001-2&feature=CUSHIONS:CUSHION-2&feature=DEPTH:DEPTH-36&feature=CHAISE%20LENGTH:CHAISE-63&feature=CHAISE%20WIDTH:CHAISEWIDTH-35'),
	(4, 66, 'https://content.cylindo.com/api/v2/4472/products/SLON.LEATHR.SECT.CSRGHT/frames/1/SLON.LEATHR.SECT.CSRGHT.JPG?background=FFFFFF&feature=COLOR:LTHR-04&feature=FINISH:Leg001-3&feature=CUSHIONS:CUSHION-2&feature=DEPTH:DEPTH-36&feature=CHAISE%20LENGTH:CHAISE-63&feature=CHAISE%20WIDTH:CHAISEWIDTH-35'),
	(4, 67, 'https://content.cylindo.com/api/v2/4472/products/SLON.LEATHR.SECT.CSRGHT/frames/1/SLON.LEATHR.SECT.CSRGHT.JPG?background=FFFFFF&feature=COLOR:LTHR-04&feature=FINISH:Leg002-2&feature=CUSHIONS:CUSHION-2&feature=DEPTH:DEPTH-36&feature=CHAISE%20LENGTH:CHAISE-63&feature=CHAISE%20WIDTH:CHAISEWIDTH-35'),
	(4, 68, 'https://content.cylindo.com/api/v2/4472/products/SLON.LEATHR.SECT.CSRGHT/frames/1/SLON.LEATHR.SECT.CSRGHT.JPG?background=FFFFFF&feature=COLOR:LTHR-04&feature=FINISH:Leg002-3&feature=CUSHIONS:CUSHION-2&feature=DEPTH:DEPTH-36&feature=CHAISE%20LENGTH:CHAISE-63&feature=CHAISE%20WIDTH:CHAISEWIDTH-35'),
	(4, 69, 'https://content.cylindo.com/api/v2/4472/products/SLON.LEATHR.SECT.CSRGHT/frames/1/SLON.LEATHR.SECT.CSRGHT.JPG?background=FFFFFF&feature=COLOR:LTHR-04&feature=FINISH:Leg002-4&feature=CUSHIONS:CUSHION-2&feature=DEPTH:DEPTH-36&feature=CHAISE%20LENGTH:CHAISE-63&feature=CHAISE%20WIDTH:CHAISEWIDTH-35'),
	(4, 70, 'https://content.cylindo.com/api/v2/4472/products/SLON.LEATHR.SECT.CSRGHT/frames/1/SLON.LEATHR.SECT.CSRGHT.JPG?background=FFFFFF&feature=COLOR:LTHR-04&feature=FINISH:Leg014-2&feature=CUSHIONS:CUSHION-2&feature=DEPTH:DEPTH-36&feature=CHAISE%20LENGTH:CHAISE-63&feature=CHAISE%20WIDTH:CHAISEWIDTH-35'),
	(4, 71, 'https://content.cylindo.com/api/v2/4472/products/SLON.LEATHR.SECT.CSRGHT/frames/1/SLON.LEATHR.SECT.CSRGHT.JPG?background=FFFFFF&feature=COLOR:LTHR-06&feature=FINISH:Leg008-1&feature=CUSHIONS:CUSHION-2&feature=DEPTH:DEPTH-36&feature=CHAISE%20LENGTH:CHAISE-63&feature=CHAISE%20WIDTH:CHAISEWIDTH-35'),
	(4, 72, 'https://content.cylindo.com/api/v2/4472/products/SLON.LEATHR.SECT.CSRGHT/frames/1/SLON.LEATHR.SECT.CSRGHT.JPG?background=FFFFFF&feature=COLOR:LTHR-06&feature=FINISH:Leg008-3&feature=CUSHIONS:CUSHION-2&feature=DEPTH:DEPTH-36&feature=CHAISE%20LENGTH:CHAISE-63&feature=CHAISE%20WIDTH:CHAISEWIDTH-35'),
	(4, 73, 'https://content.cylindo.com/api/v2/4472/products/SLON.LEATHR.SECT.CSRGHT/frames/1/SLON.LEATHR.SECT.CSRGHT.JPG?background=FFFFFF&feature=COLOR:LTHR-06&feature=FINISH:Leg008-2&feature=CUSHIONS:CUSHION-2&feature=DEPTH:DEPTH-36&feature=CHAISE%20LENGTH:CHAISE-63&feature=CHAISE%20WIDTH:CHAISEWIDTH-35'),
	(4, 74, 'https://content.cylindo.com/api/v2/4472/products/SLON.LEATHR.SECT.CSRGHT/frames/1/SLON.LEATHR.SECT.CSRGHT.JPG?background=FFFFFF&feature=COLOR:LTHR-06&feature=FINISH:Leg001-1&feature=CUSHIONS:CUSHION-2&feature=DEPTH:DEPTH-36&feature=CHAISE%20LENGTH:CHAISE-63&feature=CHAISE%20WIDTH:CHAISEWIDTH-35'),
	(4, 75, 'https://content.cylindo.com/api/v2/4472/products/SLON.LEATHR.SECT.CSRGHT/frames/1/SLON.LEATHR.SECT.CSRGHT.JPG?background=FFFFFF&feature=COLOR:LTHR-06&feature=FINISH:Leg001-2&feature=CUSHIONS:CUSHION-2&feature=DEPTH:DEPTH-36&feature=CHAISE%20LENGTH:CHAISE-63&feature=CHAISE%20WIDTH:CHAISEWIDTH-35'),
	(4, 76, 'https://content.cylindo.com/api/v2/4472/products/SLON.LEATHR.SECT.CSRGHT/frames/1/SLON.LEATHR.SECT.CSRGHT.JPG?background=FFFFFF&feature=COLOR:LTHR-06&feature=FINISH:Leg001-3&feature=CUSHIONS:CUSHION-2&feature=DEPTH:DEPTH-36&feature=CHAISE%20LENGTH:CHAISE-63&feature=CHAISE%20WIDTH:CHAISEWIDTH-35'),
	(4, 77, 'https://content.cylindo.com/api/v2/4472/products/SLON.LEATHR.SECT.CSRGHT/frames/1/SLON.LEATHR.SECT.CSRGHT.JPG?background=FFFFFF&feature=COLOR:LTHR-06&feature=FINISH:Leg002-2&feature=CUSHIONS:CUSHION-2&feature=DEPTH:DEPTH-36&feature=CHAISE%20LENGTH:CHAISE-63&feature=CHAISE%20WIDTH:CHAISEWIDTH-35'),
	(4, 78, 'https://content.cylindo.com/api/v2/4472/products/SLON.LEATHR.SECT.CSRGHT/frames/1/SLON.LEATHR.SECT.CSRGHT.JPG?background=FFFFFF&feature=COLOR:LTHR-06&feature=FINISH:Leg002-3&feature=CUSHIONS:CUSHION-2&feature=DEPTH:DEPTH-36&feature=CHAISE%20LENGTH:CHAISE-63&feature=CHAISE%20WIDTH:CHAISEWIDTH-35'),
	(4, 79, 'https://content.cylindo.com/api/v2/4472/products/SLON.LEATHR.SECT.CSRGHT/frames/1/SLON.LEATHR.SECT.CSRGHT.JPG?background=FFFFFF&feature=COLOR:LTHR-06&feature=FINISH:Leg002-4&feature=CUSHIONS:CUSHION-2&feature=DEPTH:DEPTH-36&feature=CHAISE%20LENGTH:CHAISE-63&feature=CHAISE%20WIDTH:CHAISEWIDTH-35'),
	(4, 80, 'https://content.cylindo.com/api/v2/4472/products/SLON.LEATHR.SECT.CSRGHT/frames/1/SLON.LEATHR.SECT.CSRGHT.JPG?background=FFFFFF&feature=COLOR:LTHR-06&feature=FINISH:Leg014-2&feature=CUSHIONS:CUSHION-2&feature=DEPTH:DEPTH-36&feature=CHAISE%20LENGTH:CHAISE-63&feature=CHAISE%20WIDTH:CHAISEWIDTH-35');
INSERT INTO variant_value(product_id, option_id, variant_id, value_id)
VALUES
	(1, 1, 1, 1),
	(1, 2, 1, 1),
	(1, 1, 2, 1),
	(1, 2, 2, 2),
	(1, 1, 3, 1),
	(1, 2, 3, 3),
	(1, 1, 4, 1),
	(1, 2, 4, 4),
	(1, 1, 5, 1),
	(1, 2, 5, 5),
	(1, 1, 6, 1),
	(1, 2, 6, 6),
	(1, 1, 7, 1),
	(1, 2, 7, 7),
	(1, 1, 8, 1),
	(1, 2, 8, 8),
	(1, 1, 9, 1),
	(1, 2, 9, 9),
	(1, 1, 10, 1),
	(1, 2, 10, 10),
	(1, 1, 11, 2),
	(1, 2, 11, 1),
	(1, 1, 12, 2),
	(1, 2, 12, 2),
	(1, 1, 13, 2),
	(1, 2, 13, 3),
	(1, 1, 14, 2),
	(1, 2, 14, 4),
	(1, 1, 15, 2),
	(1, 2, 15, 5),
	(1, 1, 16, 2),
	(1, 2, 16, 6),
	(1, 1, 17, 2),
	(1, 2, 17, 7),
	(1, 1, 18, 2),
	(1, 2, 18, 8),
	(1, 1, 19, 2),
	(1, 2, 19, 9),
	(1, 1, 20, 2),
	(1, 2, 20, 10),
	(1, 1, 21, 3),
	(1, 2, 21, 1),
	(1, 1, 22, 3),
	(1, 2, 22, 2),
	(1, 1, 23, 3),
	(1, 2, 23, 3),
	(1, 1, 24, 3),
	(1, 2, 24, 4),
	(1, 1, 25, 3),
	(1, 2, 25, 5),
	(1, 1, 26, 3),
	(1, 2, 26, 6),
	(1, 1, 27, 3),
	(1, 2, 27, 7),
	(1, 1, 28, 3),
	(1, 2, 28, 8),
	(1, 1, 29, 3),
	(1, 2, 29, 9),
	(1, 1, 30, 3),
	(1, 2, 30, 10),
	(1, 1, 31, 4),
	(1, 2, 31, 1),
	(1, 1, 32, 4),
	(1, 2, 32, 2),
	(1, 1, 33, 4),
	(1, 2, 33, 3),
	(1, 1, 34, 4),
	(1, 2, 34, 4),
	(1, 1, 35, 4),
	(1, 2, 35, 5),
	(1, 1, 36, 4),
	(1, 2, 36, 6),
	(1, 1, 37, 4),
	(1, 2, 37, 7),
	(1, 1, 38, 4),
	(1, 2, 38, 8),
	(1, 1, 39, 4),
	(1, 2, 39, 9),
	(1, 1, 40, 4),
	(1, 2, 40, 10),
	(1, 1, 41, 5),
	(1, 2, 41, 1),
	(1, 1, 42, 5),
	(1, 2, 42, 2),
	(1, 1, 43, 5),
	(1, 2, 43, 3),
	(1, 1, 44, 5),
	(1, 2, 44, 4),
	(1, 1, 45, 5),
	(1, 2, 45, 5),
	(1, 1, 46, 5),
	(1, 2, 46, 6),
	(1, 1, 47, 5),
	(1, 2, 47, 7),
	(1, 1, 48, 5),
	(1, 2, 48, 8),
	(1, 1, 49, 5),
	(1, 2, 49, 9),
	(1, 1, 50, 5),
	(1, 2, 50, 10),
	(1, 1, 51, 6),
	(1, 2, 51, 1),
	(1, 1, 52, 6),
	(1, 2, 52, 2),
	(1, 1, 53, 6),
	(1, 2, 53, 3),
	(1, 1, 54, 6),
	(1, 2, 54, 4),
	(1, 1, 55, 6),
	(1, 2, 55, 5),
	(1, 1, 56, 6),
	(1, 2, 56, 6),
	(1, 1, 57, 6),
	(1, 2, 57, 7),
	(1, 1, 58, 6),
	(1, 2, 58, 8),
	(1, 1, 59, 6),
	(1, 2, 59, 9),
	(1, 1, 60, 6),
	(1, 2, 60, 10),
	(1, 1, 61, 7),
	(1, 2, 61, 1),
	(1, 1, 62, 7),
	(1, 2, 62, 2),
	(1, 1, 63, 7),
	(1, 2, 63, 3),
	(1, 1, 64, 7),
	(1, 2, 64, 4),
	(1, 1, 65, 7),
	(1, 2, 65, 5),
	(1, 1, 66, 7),
	(1, 2, 66, 6),
	(1, 1, 67, 7),
	(1, 2, 67, 7),
	(1, 1, 68, 7),
	(1, 2, 68, 8),
	(1, 1, 69, 7),
	(1, 2, 69, 9),
	(1, 1, 70, 7),
	(1, 2, 70, 10),
	(1, 1, 71, 8),
	(1, 2, 71, 1),
	(1, 1, 72, 8),
	(1, 2, 72, 2),
	(1, 1, 73, 8),
	(1, 2, 73, 3),
	(1, 1, 74, 8),
	(1, 2, 74, 4),
	(1, 1, 75, 8),
	(1, 2, 75, 5),
	(1, 1, 76, 8),
	(1, 2, 76, 6),
	(1, 1, 77, 8),
	(1, 2, 77, 7),
	(1, 1, 78, 8),
	(1, 2, 78, 8),
	(1, 1, 79, 8),
	(1, 2, 79, 9),
	(1, 1, 80, 8),
	(1, 2, 80, 10),
	(1, 1, 81, 9),
	(1, 2, 81, 1),
	(1, 1, 82, 9),
	(1, 2, 82, 2),
	(1, 1, 83, 9),
	(1, 2, 83, 3),
	(1, 1, 84, 9),
	(1, 2, 84, 4),
	(1, 1, 85, 9),
	(1, 2, 85, 5),
	(1, 1, 86, 9),
	(1, 2, 86, 6),
	(1, 1, 87, 9),
	(1, 2, 87, 7),
	(1, 1, 88, 9),
	(1, 2, 88, 8),
	(1, 1, 89, 9),
	(1, 2, 89, 9),
	(1, 1, 90, 9),
	(1, 2, 90, 10),
	(1, 1, 91, 10),
	(1, 2, 91, 1),
	(1, 1, 92, 10),
	(1, 2, 92, 2),
	(1, 1, 93, 10),
	(1, 2, 93, 3),
	(1, 1, 94, 10),
	(1, 2, 94, 4),
	(1, 1, 95, 10),
	(1, 2, 95, 5),
	(1, 1, 96, 10),
	(1, 2, 96, 6),
	(1, 1, 97, 10),
	(1, 2, 97, 7),
	(1, 1, 98, 10),
	(1, 2, 98, 8),
	(1, 1, 99, 10),
	(1, 2, 99, 9),
	(1, 1, 100, 10),
	(1, 2, 100, 10),
	(2, 1, 1, 1),
	(2, 2, 1, 1),
	(2, 1, 2, 1),
	(2, 2, 2, 2),
	(2, 1, 3, 1),
	(2, 2, 3, 3),
	(2, 1, 4, 1),
	(2, 2, 4, 4),
	(2, 1, 5, 1),
	(2, 2, 5, 5),
	(2, 1, 6, 1),
	(2, 2, 6, 6),
	(2, 1, 7, 1),
	(2, 2, 7, 7),
	(2, 1, 8, 1),
	(2, 2, 8, 8),
	(2, 1, 9, 1),
	(2, 2, 9, 9),
	(2, 1, 10, 1),
	(2, 2, 10, 10),
	(2, 1, 11, 2),
	(2, 2, 11, 1),
	(2, 1, 12, 2),
	(2, 2, 12, 2),
	(2, 1, 13, 2),
	(2, 2, 13, 3),
	(2, 1, 14, 2),
	(2, 2, 14, 4),
	(2, 1, 15, 2),
	(2, 2, 15, 5),
	(2, 1, 16, 2),
	(2, 2, 16, 6),
	(2, 1, 17, 2),
	(2, 2, 17, 7),
	(2, 1, 18, 2),
	(2, 2, 18, 8),
	(2, 1, 19, 2),
	(2, 2, 19, 9),
	(2, 1, 20, 2),
	(2, 2, 20, 10),
	(2, 1, 21, 3),
	(2, 2, 21, 1),
	(2, 1, 22, 3),
	(2, 2, 22, 2),
	(2, 1, 23, 3),
	(2, 2, 23, 3),
	(2, 1, 24, 3),
	(2, 2, 24, 4),
	(2, 1, 25, 3),
	(2, 2, 25, 5),
	(2, 1, 26, 3),
	(2, 2, 26, 6),
	(2, 1, 27, 3),
	(2, 2, 27, 7),
	(2, 1, 28, 3),
	(2, 2, 28, 8),
	(2, 1, 29, 3),
	(2, 2, 29, 9),
	(2, 1, 30, 3),
	(2, 2, 30, 10),
	(2, 1, 31, 4),
	(2, 2, 31, 1),
	(2, 1, 32, 4),
	(2, 2, 32, 2),
	(2, 1, 33, 4),
	(2, 2, 33, 3),
	(2, 1, 34, 4),
	(2, 2, 34, 4),
	(2, 1, 35, 4),
	(2, 2, 35, 5),
	(2, 1, 36, 4),
	(2, 2, 36, 6),
	(2, 1, 37, 4),
	(2, 2, 37, 7),
	(2, 1, 38, 4),
	(2, 2, 38, 8),
	(2, 1, 39, 4),
	(2, 2, 39, 9),
	(2, 1, 40, 4),
	(2, 2, 40, 10),
	(2, 1, 41, 5),
	(2, 2, 41, 1),
	(2, 1, 42, 5),
	(2, 2, 42, 2),
	(2, 1, 43, 5),
	(2, 2, 43, 3),
	(2, 1, 44, 5),
	(2, 2, 44, 4),
	(2, 1, 45, 5),
	(2, 2, 45, 5),
	(2, 1, 46, 5),
	(2, 2, 46, 6),
	(2, 1, 47, 5),
	(2, 2, 47, 7),
	(2, 1, 48, 5),
	(2, 2, 48, 8),
	(2, 1, 49, 5),
	(2, 2, 49, 9),
	(2, 1, 50, 5),
	(2, 2, 50, 10),
	(2, 1, 51, 6),
	(2, 2, 51, 1),
	(2, 1, 52, 6),
	(2, 2, 52, 2),
	(2, 1, 53, 6),
	(2, 2, 53, 3),
	(2, 1, 54, 6),
	(2, 2, 54, 4),
	(2, 1, 55, 6),
	(2, 2, 55, 5),
	(2, 1, 56, 6),
	(2, 2, 56, 6),
	(2, 1, 57, 6),
	(2, 2, 57, 7),
	(2, 1, 58, 6),
	(2, 2, 58, 8),
	(2, 1, 59, 6),
	(2, 2, 59, 9),
	(2, 1, 60, 6),
	(2, 2, 60, 10),
	(2, 1, 61, 7),
	(2, 2, 61, 1),
	(2, 1, 62, 7),
	(2, 2, 62, 2),
	(2, 1, 63, 7),
	(2, 2, 63, 3),
	(2, 1, 64, 7),
	(2, 2, 64, 4),
	(2, 1, 65, 7),
	(2, 2, 65, 5),
	(2, 1, 66, 7),
	(2, 2, 66, 6),
	(2, 1, 67, 7),
	(2, 2, 67, 7),
	(2, 1, 68, 7),
	(2, 2, 68, 8),
	(2, 1, 69, 7),
	(2, 2, 69, 9),
	(2, 1, 70, 7),
	(2, 2, 70, 10),
	(2, 1, 71, 8),
	(2, 2, 71, 1),
	(2, 1, 72, 8),
	(2, 2, 72, 2),
	(2, 1, 73, 8),
	(2, 2, 73, 3),
	(2, 1, 74, 8),
	(2, 2, 74, 4),
	(2, 1, 75, 8),
	(2, 2, 75, 5),
	(2, 1, 76, 8),
	(2, 2, 76, 6),
	(2, 1, 77, 8),
	(2, 2, 77, 7),
	(2, 1, 78, 8),
	(2, 2, 78, 8),
	(2, 1, 79, 8),
	(2, 2, 79, 9),
	(2, 1, 80, 8),
	(2, 2, 80, 10),
	(3, 1, 1, 1),
	(3, 2, 1, 1),
	(3, 1, 2, 1),
	(3, 2, 2, 2),
	(3, 1, 3, 1),
	(3, 2, 3, 3),
	(3, 1, 4, 1),
	(3, 2, 4, 4),
	(3, 1, 5, 1),
	(3, 2, 5, 5),
	(3, 1, 6, 1),
	(3, 2, 6, 6),
	(3, 1, 7, 1),
	(3, 2, 7, 7),
	(3, 1, 8, 1),
	(3, 2, 8, 8),
	(3, 1, 9, 1),
	(3, 2, 9, 9),
	(3, 1, 10, 1),
	(3, 2, 10, 10),
	(3, 1, 11, 2),
	(3, 2, 11, 1),
	(3, 1, 12, 2),
	(3, 2, 12, 2),
	(3, 1, 13, 2),
	(3, 2, 13, 3),
	(3, 1, 14, 2),
	(3, 2, 14, 4),
	(3, 1, 15, 2),
	(3, 2, 15, 5),
	(3, 1, 16, 2),
	(3, 2, 16, 6),
	(3, 1, 17, 2),
	(3, 2, 17, 7),
	(3, 1, 18, 2),
	(3, 2, 18, 8),
	(3, 1, 19, 2),
	(3, 2, 19, 9),
	(3, 1, 20, 2),
	(3, 2, 20, 10),
	(3, 1, 21, 3),
	(3, 2, 21, 1),
	(3, 1, 22, 3),
	(3, 2, 22, 2),
	(3, 1, 23, 3),
	(3, 2, 23, 3),
	(3, 1, 24, 3),
	(3, 2, 24, 4),
	(3, 1, 25, 3),
	(3, 2, 25, 5),
	(3, 1, 26, 3),
	(3, 2, 26, 6),
	(3, 1, 27, 3),
	(3, 2, 27, 7),
	(3, 1, 28, 3),
	(3, 2, 28, 8),
	(3, 1, 29, 3),
	(3, 2, 29, 9),
	(3, 1, 30, 3),
	(3, 2, 30, 10),
	(3, 1, 31, 4),
	(3, 2, 31, 1),
	(3, 1, 32, 4),
	(3, 2, 32, 2),
	(3, 1, 33, 4),
	(3, 2, 33, 3),
	(3, 1, 34, 4),
	(3, 2, 34, 4),
	(3, 1, 35, 4),
	(3, 2, 35, 5),
	(3, 1, 36, 4),
	(3, 2, 36, 6),
	(3, 1, 37, 4),
	(3, 2, 37, 7),
	(3, 1, 38, 4),
	(3, 2, 38, 8),
	(3, 1, 39, 4),
	(3, 2, 39, 9),
	(3, 1, 40, 4),
	(3, 2, 40, 10),
	(3, 1, 41, 5),
	(3, 2, 41, 1),
	(3, 1, 42, 5),
	(3, 2, 42, 2),
	(3, 1, 43, 5),
	(3, 2, 43, 3),
	(3, 1, 44, 5),
	(3, 2, 44, 4),
	(3, 1, 45, 5),
	(3, 2, 45, 5),
	(3, 1, 46, 5),
	(3, 2, 46, 6),
	(3, 1, 47, 5),
	(3, 2, 47, 7),
	(3, 1, 48, 5),
	(3, 2, 48, 8),
	(3, 1, 49, 5),
	(3, 2, 49, 9),
	(3, 1, 50, 5),
	(3, 2, 50, 10),
	(3, 1, 51, 6),
	(3, 2, 51, 1),
	(3, 1, 52, 6),
	(3, 2, 52, 2),
	(3, 1, 53, 6),
	(3, 2, 53, 3),
	(3, 1, 54, 6),
	(3, 2, 54, 4),
	(3, 1, 55, 6),
	(3, 2, 55, 5),
	(3, 1, 56, 6),
	(3, 2, 56, 6),
	(3, 1, 57, 6),
	(3, 2, 57, 7),
	(3, 1, 58, 6),
	(3, 2, 58, 8),
	(3, 1, 59, 6),
	(3, 2, 59, 9),
	(3, 1, 60, 6),
	(3, 2, 60, 10),
	(3, 1, 61, 7),
	(3, 2, 61, 1),
	(3, 1, 62, 7),
	(3, 2, 62, 2),
	(3, 1, 63, 7),
	(3, 2, 63, 3),
	(3, 1, 64, 7),
	(3, 2, 64, 4),
	(3, 1, 65, 7),
	(3, 2, 65, 5),
	(3, 1, 66, 7),
	(3, 2, 66, 6),
	(3, 1, 67, 7),
	(3, 2, 67, 7),
	(3, 1, 68, 7),
	(3, 2, 68, 8),
	(3, 1, 69, 7),
	(3, 2, 69, 9),
	(3, 1, 70, 7),
	(3, 2, 70, 10),
	(3, 1, 71, 8),
	(3, 2, 71, 1),
	(3, 1, 72, 8),
	(3, 2, 72, 2),
	(3, 1, 73, 8),
	(3, 2, 73, 3),
	(3, 1, 74, 8),
	(3, 2, 74, 4),
	(3, 1, 75, 8),
	(3, 2, 75, 5),
	(3, 1, 76, 8),
	(3, 2, 76, 6),
	(3, 1, 77, 8),
	(3, 2, 77, 7),
	(3, 1, 78, 8),
	(3, 2, 78, 8),
	(3, 1, 79, 8),
	(3, 2, 79, 9),
	(3, 1, 80, 8),
	(3, 2, 80, 10),
	(3, 1, 81, 9),
	(3, 2, 81, 1),
	(3, 1, 82, 9),
	(3, 2, 82, 2),
	(3, 1, 83, 9),
	(3, 2, 83, 3),
	(3, 1, 84, 9),
	(3, 2, 84, 4),
	(3, 1, 85, 9),
	(3, 2, 85, 5),
	(3, 1, 86, 9),
	(3, 2, 86, 6),
	(3, 1, 87, 9),
	(3, 2, 87, 7),
	(3, 1, 88, 9),
	(3, 2, 88, 8),
	(3, 1, 89, 9),
	(3, 2, 89, 9),
	(3, 1, 90, 9),
	(3, 2, 90, 10),
	(3, 1, 91, 10),
	(3, 2, 91, 1),
	(3, 1, 92, 10),
	(3, 2, 92, 2),
	(3, 1, 93, 10),
	(3, 2, 93, 3),
	(3, 1, 94, 10),
	(3, 2, 94, 4),
	(3, 1, 95, 10),
	(3, 2, 95, 5),
	(3, 1, 96, 10),
	(3, 2, 96, 6),
	(3, 1, 97, 10),
	(3, 2, 97, 7),
	(3, 1, 98, 10),
	(3, 2, 98, 8),
	(3, 1, 99, 10),
	(3, 2, 99, 9),
	(3, 1, 100, 10),
	(3, 2, 100, 10),
	(4, 1, 1, 1),
	(4, 2, 1, 1),
	(4, 1, 2, 1),
	(4, 2, 2, 2),
	(4, 1, 3, 1),
	(4, 2, 3, 3),
	(4, 1, 4, 1),
	(4, 2, 4, 4),
	(4, 1, 5, 1),
	(4, 2, 5, 5),
	(4, 1, 6, 1),
	(4, 2, 6, 6),
	(4, 1, 7, 1),
	(4, 2, 7, 7),
	(4, 1, 8, 1),
	(4, 2, 8, 8),
	(4, 1, 9, 1),
	(4, 2, 9, 9),
	(4, 1, 10, 1),
	(4, 2, 10, 10),
	(4, 1, 11, 2),
	(4, 2, 11, 1),
	(4, 1, 12, 2),
	(4, 2, 12, 2),
	(4, 1, 13, 2),
	(4, 2, 13, 3),
	(4, 1, 14, 2),
	(4, 2, 14, 4),
	(4, 1, 15, 2),
	(4, 2, 15, 5),
	(4, 1, 16, 2),
	(4, 2, 16, 6),
	(4, 1, 17, 2),
	(4, 2, 17, 7),
	(4, 1, 18, 2),
	(4, 2, 18, 8),
	(4, 1, 19, 2),
	(4, 2, 19, 9),
	(4, 1, 20, 2),
	(4, 2, 20, 10),
	(4, 1, 21, 3),
	(4, 2, 21, 1),
	(4, 1, 22, 3),
	(4, 2, 22, 2),
	(4, 1, 23, 3),
	(4, 2, 23, 3),
	(4, 1, 24, 3),
	(4, 2, 24, 4),
	(4, 1, 25, 3),
	(4, 2, 25, 5),
	(4, 1, 26, 3),
	(4, 2, 26, 6),
	(4, 1, 27, 3),
	(4, 2, 27, 7),
	(4, 1, 28, 3),
	(4, 2, 28, 8),
	(4, 1, 29, 3),
	(4, 2, 29, 9),
	(4, 1, 30, 3),
	(4, 2, 30, 10),
	(4, 1, 31, 4),
	(4, 2, 31, 1),
	(4, 1, 32, 4),
	(4, 2, 32, 2),
	(4, 1, 33, 4),
	(4, 2, 33, 3),
	(4, 1, 34, 4),
	(4, 2, 34, 4),
	(4, 1, 35, 4),
	(4, 2, 35, 5),
	(4, 1, 36, 4),
	(4, 2, 36, 6),
	(4, 1, 37, 4),
	(4, 2, 37, 7),
	(4, 1, 38, 4),
	(4, 2, 38, 8),
	(4, 1, 39, 4),
	(4, 2, 39, 9),
	(4, 1, 40, 4),
	(4, 2, 40, 10),
	(4, 1, 41, 5),
	(4, 2, 41, 1),
	(4, 1, 42, 5),
	(4, 2, 42, 2),
	(4, 1, 43, 5),
	(4, 2, 43, 3),
	(4, 1, 44, 5),
	(4, 2, 44, 4),
	(4, 1, 45, 5),
	(4, 2, 45, 5),
	(4, 1, 46, 5),
	(4, 2, 46, 6),
	(4, 1, 47, 5),
	(4, 2, 47, 7),
	(4, 1, 48, 5),
	(4, 2, 48, 8),
	(4, 1, 49, 5),
	(4, 2, 49, 9),
	(4, 1, 50, 5),
	(4, 2, 50, 10),
	(4, 1, 51, 6),
	(4, 2, 51, 1),
	(4, 1, 52, 6),
	(4, 2, 52, 2),
	(4, 1, 53, 6),
	(4, 2, 53, 3),
	(4, 1, 54, 6),
	(4, 2, 54, 4),
	(4, 1, 55, 6),
	(4, 2, 55, 5),
	(4, 1, 56, 6),
	(4, 2, 56, 6),
	(4, 1, 57, 6),
	(4, 2, 57, 7),
	(4, 1, 58, 6),
	(4, 2, 58, 8),
	(4, 1, 59, 6),
	(4, 2, 59, 9),
	(4, 1, 60, 6),
	(4, 2, 60, 10),
	(4, 1, 61, 7),
	(4, 2, 61, 1),
	(4, 1, 62, 7),
	(4, 2, 62, 2),
	(4, 1, 63, 7),
	(4, 2, 63, 3),
	(4, 1, 64, 7),
	(4, 2, 64, 4),
	(4, 1, 65, 7),
	(4, 2, 65, 5),
	(4, 1, 66, 7),
	(4, 2, 66, 6),
	(4, 1, 67, 7),
	(4, 2, 67, 7),
	(4, 1, 68, 7),
	(4, 2, 68, 8),
	(4, 1, 69, 7),
	(4, 2, 69, 9),
	(4, 1, 70, 7),
	(4, 2, 70, 10),
	(4, 1, 71, 8),
	(4, 2, 71, 1),
	(4, 1, 72, 8),
	(4, 2, 72, 2),
	(4, 1, 73, 8),
	(4, 2, 73, 3),
	(4, 1, 74, 8),
	(4, 2, 74, 4),
	(4, 1, 75, 8),
	(4, 2, 75, 5),
	(4, 1, 76, 8),
	(4, 2, 76, 6),
	(4, 1, 77, 8),
	(4, 2, 77, 7),
	(4, 1, 78, 8),
	(4, 2, 78, 8),
	(4, 1, 79, 8),
	(4, 2, 79, 9),
	(4, 1, 80, 8),
	(4, 2, 80, 10);
