	INSERT INTO "brand"(brand_id, brand_name)
	VALUES
		(1, 'Sloan');
	INSERT INTO "category"(category_id, category_name, parent_id)
	VALUES
		(1, 'Living', null),
		(2, 'Sectionals', 1),
		(3, 'Chaise sectionals', 2);
	INSERT INTO "product"(product_id, product_name, brand_id, category_id, image)
	VALUES
		(1, 'Sloan Left Chaise Sectional', 1, 3, 'https://content.cylindo.com/api/v2/4472/products/SLON.FABRIC.SECT.CSLEFT/frames/1/SLON.FABRIC.SECT.CSLEFT.JPG?background=FFFFFF&feature=COLOR:BI-132&feature=FINISH:LEG001-1&feature=CUSHIONS:CUSHION-2&feature=DEPTH:DEPTH-36&feature=CHAISE%20LENGTH:CHAISE-63&feature=CHAISE%20WIDTH:CHAISEWIDTH-35'),
		(2, 'Sloan Leather Left Chaise Sectional', 1, 3, 'https://content.cylindo.com/api/v2/4472/products/SLON.LEATHR.SECT.CSLEFT/frames/1/SLON.LEATHR.SECT.CSLEFT.JPG?background=FFFFFF&feature=COLOR:2210A&feature=FINISH:LEG008-3&feature=CUSHIONS:CUSHION-2&feature=DEPTH:DEPTH-36&feature=CHAISE%20LENGTH:CHAISE-63&feature=CHAISE%20WIDTH:CHAISEWIDTH-35'),
		(3, 'Sloan Right Chaise Sectional', 1, 3, 'https://content.cylindo.com/api/v2/4472/products/SLON.FABRIC.SECT.CSRGHT/frames/1/SLON.FABRIC.SECT.CSRGHT.JPG?background=FFFFFF&feature=COLOR:BI-132&feature=FINISH:LEG001-1&feature=CUSHIONS:CUSHION-2&feature=DEPTH:DEPTH-36&feature=CHAISE%20LENGTH:CHAISE-63&feature=CHAISE%20WIDTH:CHAISEWIDTH-35'),
		(4, 'Sloan Leather Right Chaise Sectional', 1, 3, 'https://content.cylindo.com/api/v2/4472/products/SLON.LEATHR.SECT.CSRGHT/frames/1/SLON.LEATHR.SECT.CSRGHT.JPG?background=FFFFFF&feature=COLOR:2210A&feature=FINISH:LEG008-3&feature=CUSHIONS:CUSHION-2&feature=DEPTH:DEPTH-36&feature=CHAISE%20LENGTH:CHAISE-63&feature=CHAISE%20WIDTH:CHAISEWIDTH-35');
	INSERT INTO "options"(option_id, category_id, option_name)
	VALUES
		(1, 3, 'material_type'),
		(2, 3, 'legs_type');
	INSERT INTO "product_variant"(product_id, variant_id, image, price, quantity, sku)
	VALUES
		(1, 1, 'https://content.cylindo.com/api/v2/4472/products/SLON.FABRIC.SECT.CSLEFT/frames/1/SLON.FABRIC.SECT.CSLEFT.JPG?background=FFFFFF&feature=COLOR:BI-132&feature=FINISH:Leg001-1&feature=CUSHIONS:CUSHION-2&feature=DEPTH:DEPTH-36&feature=CHAISE%20LENGTH:CHAISE-63&feature=CHAISE%20WIDTH:CHAISEWIDTH-35', 2045, 10, 'SLON.FABRIC.SECT.CSLEFT - BI-132 - Leg001-1'),
		(1, 2, 'https://content.cylindo.com/api/v2/4472/products/SLON.FABRIC.SECT.CSLEFT/frames/1/SLON.FABRIC.SECT.CSLEFT.JPG?background=FFFFFF&feature=COLOR:BI-132&feature=FINISH:Leg001-2&feature=CUSHIONS:CUSHION-2&feature=DEPTH:DEPTH-36&feature=CHAISE%20LENGTH:CHAISE-63&feature=CHAISE%20WIDTH:CHAISEWIDTH-35', 2045, 10, 'SLON.FABRIC.SECT.CSLEFT - BI-132 - Leg001-2'),
		(1, 3, 'https://content.cylindo.com/api/v2/4472/products/SLON.FABRIC.SECT.CSLEFT/frames/1/SLON.FABRIC.SECT.CSLEFT.JPG?background=FFFFFF&feature=COLOR:BI-132&feature=FINISH:Leg001-3&feature=CUSHIONS:CUSHION-2&feature=DEPTH:DEPTH-36&feature=CHAISE%20LENGTH:CHAISE-63&feature=CHAISE%20WIDTH:CHAISEWIDTH-35', 2045, 10, 'SLON.FABRIC.SECT.CSLEFT - BI-132 - Leg001-3'),
		(1, 4, 'https://content.cylindo.com/api/v2/4472/products/SLON.FABRIC.SECT.CSLEFT/frames/1/SLON.FABRIC.SECT.CSLEFT.JPG?background=FFFFFF&feature=COLOR:BI-132&feature=FINISH:Leg008-1&feature=CUSHIONS:CUSHION-2&feature=DEPTH:DEPTH-36&feature=CHAISE%20LENGTH:CHAISE-63&feature=CHAISE%20WIDTH:CHAISEWIDTH-35', 2045, 10, 'SLON.FABRIC.SECT.CSLEFT - BI-132 - Leg008-1'),
		(1, 5, 'https://content.cylindo.com/api/v2/4472/products/SLON.FABRIC.SECT.CSLEFT/frames/1/SLON.FABRIC.SECT.CSLEFT.JPG?background=FFFFFF&feature=COLOR:BI-132&feature=FINISH:Leg008-3&feature=CUSHIONS:CUSHION-2&feature=DEPTH:DEPTH-36&feature=CHAISE%20LENGTH:CHAISE-63&feature=CHAISE%20WIDTH:CHAISEWIDTH-35', 2045, 10, 'SLON.FABRIC.SECT.CSLEFT - BI-132 - Leg008-3'),
		(1, 6, 'https://content.cylindo.com/api/v2/4472/products/SLON.FABRIC.SECT.CSLEFT/frames/1/SLON.FABRIC.SECT.CSLEFT.JPG?background=FFFFFF&feature=COLOR:BI-132&feature=FINISH:Leg008-2&feature=CUSHIONS:CUSHION-2&feature=DEPTH:DEPTH-36&feature=CHAISE%20LENGTH:CHAISE-63&feature=CHAISE%20WIDTH:CHAISEWIDTH-35', 2045, 10, 'SLON.FABRIC.SECT.CSLEFT - BI-132 - Leg008-2'),
		(1, 7, 'https://content.cylindo.com/api/v2/4472/products/SLON.FABRIC.SECT.CSLEFT/frames/1/SLON.FABRIC.SECT.CSLEFT.JPG?background=FFFFFF&feature=COLOR:BI-132&feature=FINISH:Leg002-2&feature=CUSHIONS:CUSHION-2&feature=DEPTH:DEPTH-36&feature=CHAISE%20LENGTH:CHAISE-63&feature=CHAISE%20WIDTH:CHAISEWIDTH-35', 2045, 10, 'SLON.FABRIC.SECT.CSLEFT - BI-132 - Leg002-2'),
		(1, 8, 'https://content.cylindo.com/api/v2/4472/products/SLON.FABRIC.SECT.CSLEFT/frames/1/SLON.FABRIC.SECT.CSLEFT.JPG?background=FFFFFF&feature=COLOR:BI-132&feature=FINISH:Leg002-3&feature=CUSHIONS:CUSHION-2&feature=DEPTH:DEPTH-36&feature=CHAISE%20LENGTH:CHAISE-63&feature=CHAISE%20WIDTH:CHAISEWIDTH-35', 2045, 10, 'SLON.FABRIC.SECT.CSLEFT - BI-132 - Leg002-3'),
		(1, 9, 'https://content.cylindo.com/api/v2/4472/products/SLON.FABRIC.SECT.CSLEFT/frames/1/SLON.FABRIC.SECT.CSLEFT.JPG?background=FFFFFF&feature=COLOR:BI-132&feature=FINISH:Leg002-4&feature=CUSHIONS:CUSHION-2&feature=DEPTH:DEPTH-36&feature=CHAISE%20LENGTH:CHAISE-63&feature=CHAISE%20WIDTH:CHAISEWIDTH-35', 2045, 10, 'SLON.FABRIC.SECT.CSLEFT - BI-132 - Leg002-4'),
		(1, 10, 'https://content.cylindo.com/api/v2/4472/products/SLON.FABRIC.SECT.CSLEFT/frames/1/SLON.FABRIC.SECT.CSLEFT.JPG?background=FFFFFF&feature=COLOR:BI-132&feature=FINISH:Leg014-2&feature=CUSHIONS:CUSHION-2&feature=DEPTH:DEPTH-36&feature=CHAISE%20LENGTH:CHAISE-63&feature=CHAISE%20WIDTH:CHAISEWIDTH-35', 2045, 10, 'SLON.FABRIC.SECT.CSLEFT - BI-132 - Leg014-2'),
		(1, 11, 'https://content.cylindo.com/api/v2/4472/products/SLON.FABRIC.SECT.CSLEFT/frames/1/SLON.FABRIC.SECT.CSLEFT.JPG?background=FFFFFF&feature=COLOR:BI-134&feature=FINISH:Leg001-1&feature=CUSHIONS:CUSHION-2&feature=DEPTH:DEPTH-36&feature=CHAISE%20LENGTH:CHAISE-63&feature=CHAISE%20WIDTH:CHAISEWIDTH-35', 2045, 10, 'SLON.FABRIC.SECT.CSLEFT - BI-134 - Leg001-1'),
		(1, 12, 'https://content.cylindo.com/api/v2/4472/products/SLON.FABRIC.SECT.CSLEFT/frames/1/SLON.FABRIC.SECT.CSLEFT.JPG?background=FFFFFF&feature=COLOR:BI-134&feature=FINISH:Leg001-2&feature=CUSHIONS:CUSHION-2&feature=DEPTH:DEPTH-36&feature=CHAISE%20LENGTH:CHAISE-63&feature=CHAISE%20WIDTH:CHAISEWIDTH-35', 2045, 10, 'SLON.FABRIC.SECT.CSLEFT - BI-134 - Leg001-2'),
		(1, 13, 'https://content.cylindo.com/api/v2/4472/products/SLON.FABRIC.SECT.CSLEFT/frames/1/SLON.FABRIC.SECT.CSLEFT.JPG?background=FFFFFF&feature=COLOR:BI-134&feature=FINISH:Leg001-3&feature=CUSHIONS:CUSHION-2&feature=DEPTH:DEPTH-36&feature=CHAISE%20LENGTH:CHAISE-63&feature=CHAISE%20WIDTH:CHAISEWIDTH-35', 2045, 10, 'SLON.FABRIC.SECT.CSLEFT - BI-134 - Leg001-3'),
		(1, 14, 'https://content.cylindo.com/api/v2/4472/products/SLON.FABRIC.SECT.CSLEFT/frames/1/SLON.FABRIC.SECT.CSLEFT.JPG?background=FFFFFF&feature=COLOR:BI-134&feature=FINISH:Leg008-1&feature=CUSHIONS:CUSHION-2&feature=DEPTH:DEPTH-36&feature=CHAISE%20LENGTH:CHAISE-63&feature=CHAISE%20WIDTH:CHAISEWIDTH-35', 2045, 10, 'SLON.FABRIC.SECT.CSLEFT - BI-134 - Leg008-1'),
		(1, 15, 'https://content.cylindo.com/api/v2/4472/products/SLON.FABRIC.SECT.CSLEFT/frames/1/SLON.FABRIC.SECT.CSLEFT.JPG?background=FFFFFF&feature=COLOR:BI-134&feature=FINISH:Leg008-3&feature=CUSHIONS:CUSHION-2&feature=DEPTH:DEPTH-36&feature=CHAISE%20LENGTH:CHAISE-63&feature=CHAISE%20WIDTH:CHAISEWIDTH-35', 2045, 10, 'SLON.FABRIC.SECT.CSLEFT - BI-134 - Leg008-3'),
		(1, 16, 'https://content.cylindo.com/api/v2/4472/products/SLON.FABRIC.SECT.CSLEFT/frames/1/SLON.FABRIC.SECT.CSLEFT.JPG?background=FFFFFF&feature=COLOR:BI-134&feature=FINISH:Leg008-2&feature=CUSHIONS:CUSHION-2&feature=DEPTH:DEPTH-36&feature=CHAISE%20LENGTH:CHAISE-63&feature=CHAISE%20WIDTH:CHAISEWIDTH-35', 2045, 10, 'SLON.FABRIC.SECT.CSLEFT - BI-134 - Leg008-2'),
		(1, 17, 'https://content.cylindo.com/api/v2/4472/products/SLON.FABRIC.SECT.CSLEFT/frames/1/SLON.FABRIC.SECT.CSLEFT.JPG?background=FFFFFF&feature=COLOR:BI-134&feature=FINISH:Leg002-2&feature=CUSHIONS:CUSHION-2&feature=DEPTH:DEPTH-36&feature=CHAISE%20LENGTH:CHAISE-63&feature=CHAISE%20WIDTH:CHAISEWIDTH-35', 2045, 10, 'SLON.FABRIC.SECT.CSLEFT - BI-134 - Leg002-2'),
		(1, 18, 'https://content.cylindo.com/api/v2/4472/products/SLON.FABRIC.SECT.CSLEFT/frames/1/SLON.FABRIC.SECT.CSLEFT.JPG?background=FFFFFF&feature=COLOR:BI-134&feature=FINISH:Leg002-3&feature=CUSHIONS:CUSHION-2&feature=DEPTH:DEPTH-36&feature=CHAISE%20LENGTH:CHAISE-63&feature=CHAISE%20WIDTH:CHAISEWIDTH-35', 2045, 10, 'SLON.FABRIC.SECT.CSLEFT - BI-134 - Leg002-3'),
		(1, 19, 'https://content.cylindo.com/api/v2/4472/products/SLON.FABRIC.SECT.CSLEFT/frames/1/SLON.FABRIC.SECT.CSLEFT.JPG?background=FFFFFF&feature=COLOR:BI-134&feature=FINISH:Leg002-4&feature=CUSHIONS:CUSHION-2&feature=DEPTH:DEPTH-36&feature=CHAISE%20LENGTH:CHAISE-63&feature=CHAISE%20WIDTH:CHAISEWIDTH-35', 2045, 10, 'SLON.FABRIC.SECT.CSLEFT - BI-134 - Leg002-4'),
		(1, 20, 'https://content.cylindo.com/api/v2/4472/products/SLON.FABRIC.SECT.CSLEFT/frames/1/SLON.FABRIC.SECT.CSLEFT.JPG?background=FFFFFF&feature=COLOR:BI-134&feature=FINISH:Leg014-2&feature=CUSHIONS:CUSHION-2&feature=DEPTH:DEPTH-36&feature=CHAISE%20LENGTH:CHAISE-63&feature=CHAISE%20WIDTH:CHAISEWIDTH-35', 2045, 10, 'SLON.FABRIC.SECT.CSLEFT - BI-134 - Leg014-2'),
		(1, 21, 'https://content.cylindo.com/api/v2/4472/products/SLON.FABRIC.SECT.CSLEFT/frames/1/SLON.FABRIC.SECT.CSLEFT.JPG?background=FFFFFF&feature=COLOR:BI-133&feature=FINISH:Leg001-1&feature=CUSHIONS:CUSHION-2&feature=DEPTH:DEPTH-36&feature=CHAISE%20LENGTH:CHAISE-63&feature=CHAISE%20WIDTH:CHAISEWIDTH-35', 2045, 10, 'SLON.FABRIC.SECT.CSLEFT - BI-133 - Leg001-1'),
		(1, 22, 'https://content.cylindo.com/api/v2/4472/products/SLON.FABRIC.SECT.CSLEFT/frames/1/SLON.FABRIC.SECT.CSLEFT.JPG?background=FFFFFF&feature=COLOR:BI-133&feature=FINISH:Leg001-2&feature=CUSHIONS:CUSHION-2&feature=DEPTH:DEPTH-36&feature=CHAISE%20LENGTH:CHAISE-63&feature=CHAISE%20WIDTH:CHAISEWIDTH-35', 2045, 10, 'SLON.FABRIC.SECT.CSLEFT - BI-133 - Leg001-2'),
		(1, 23, 'https://content.cylindo.com/api/v2/4472/products/SLON.FABRIC.SECT.CSLEFT/frames/1/SLON.FABRIC.SECT.CSLEFT.JPG?background=FFFFFF&feature=COLOR:BI-133&feature=FINISH:Leg001-3&feature=CUSHIONS:CUSHION-2&feature=DEPTH:DEPTH-36&feature=CHAISE%20LENGTH:CHAISE-63&feature=CHAISE%20WIDTH:CHAISEWIDTH-35', 2045, 10, 'SLON.FABRIC.SECT.CSLEFT - BI-133 - Leg001-3'),
		(1, 24, 'https://content.cylindo.com/api/v2/4472/products/SLON.FABRIC.SECT.CSLEFT/frames/1/SLON.FABRIC.SECT.CSLEFT.JPG?background=FFFFFF&feature=COLOR:BI-133&feature=FINISH:Leg008-1&feature=CUSHIONS:CUSHION-2&feature=DEPTH:DEPTH-36&feature=CHAISE%20LENGTH:CHAISE-63&feature=CHAISE%20WIDTH:CHAISEWIDTH-35', 2045, 10, 'SLON.FABRIC.SECT.CSLEFT - BI-133 - Leg008-1'),
		(1, 25, 'https://content.cylindo.com/api/v2/4472/products/SLON.FABRIC.SECT.CSLEFT/frames/1/SLON.FABRIC.SECT.CSLEFT.JPG?background=FFFFFF&feature=COLOR:BI-133&feature=FINISH:Leg008-3&feature=CUSHIONS:CUSHION-2&feature=DEPTH:DEPTH-36&feature=CHAISE%20LENGTH:CHAISE-63&feature=CHAISE%20WIDTH:CHAISEWIDTH-35', 2045, 10, 'SLON.FABRIC.SECT.CSLEFT - BI-133 - Leg008-3'),
		(1, 26, 'https://content.cylindo.com/api/v2/4472/products/SLON.FABRIC.SECT.CSLEFT/frames/1/SLON.FABRIC.SECT.CSLEFT.JPG?background=FFFFFF&feature=COLOR:BI-133&feature=FINISH:Leg008-2&feature=CUSHIONS:CUSHION-2&feature=DEPTH:DEPTH-36&feature=CHAISE%20LENGTH:CHAISE-63&feature=CHAISE%20WIDTH:CHAISEWIDTH-35', 2045, 10, 'SLON.FABRIC.SECT.CSLEFT - BI-133 - Leg008-2'),
		(1, 27, 'https://content.cylindo.com/api/v2/4472/products/SLON.FABRIC.SECT.CSLEFT/frames/1/SLON.FABRIC.SECT.CSLEFT.JPG?background=FFFFFF&feature=COLOR:BI-133&feature=FINISH:Leg002-2&feature=CUSHIONS:CUSHION-2&feature=DEPTH:DEPTH-36&feature=CHAISE%20LENGTH:CHAISE-63&feature=CHAISE%20WIDTH:CHAISEWIDTH-35', 2045, 10, 'SLON.FABRIC.SECT.CSLEFT - BI-133 - Leg002-2'),
		(1, 28, 'https://content.cylindo.com/api/v2/4472/products/SLON.FABRIC.SECT.CSLEFT/frames/1/SLON.FABRIC.SECT.CSLEFT.JPG?background=FFFFFF&feature=COLOR:BI-133&feature=FINISH:Leg002-3&feature=CUSHIONS:CUSHION-2&feature=DEPTH:DEPTH-36&feature=CHAISE%20LENGTH:CHAISE-63&feature=CHAISE%20WIDTH:CHAISEWIDTH-35', 2045, 10, 'SLON.FABRIC.SECT.CSLEFT - BI-133 - Leg002-3'),
		(1, 29, 'https://content.cylindo.com/api/v2/4472/products/SLON.FABRIC.SECT.CSLEFT/frames/1/SLON.FABRIC.SECT.CSLEFT.JPG?background=FFFFFF&feature=COLOR:BI-133&feature=FINISH:Leg002-4&feature=CUSHIONS:CUSHION-2&feature=DEPTH:DEPTH-36&feature=CHAISE%20LENGTH:CHAISE-63&feature=CHAISE%20WIDTH:CHAISEWIDTH-35', 2045, 10, 'SLON.FABRIC.SECT.CSLEFT - BI-133 - Leg002-4'),
		(1, 30, 'https://content.cylindo.com/api/v2/4472/products/SLON.FABRIC.SECT.CSLEFT/frames/1/SLON.FABRIC.SECT.CSLEFT.JPG?background=FFFFFF&feature=COLOR:BI-133&feature=FINISH:Leg014-2&feature=CUSHIONS:CUSHION-2&feature=DEPTH:DEPTH-36&feature=CHAISE%20LENGTH:CHAISE-63&feature=CHAISE%20WIDTH:CHAISEWIDTH-35', 2045, 10, 'SLON.FABRIC.SECT.CSLEFT - BI-133 - Leg014-2'),
		(1, 31, 'https://content.cylindo.com/api/v2/4472/products/SLON.FABRIC.SECT.CSLEFT/frames/1/SLON.FABRIC.SECT.CSLEFT.JPG?background=FFFFFF&feature=COLOR:SE-161&feature=FINISH:Leg001-1&feature=CUSHIONS:CUSHION-2&feature=DEPTH:DEPTH-36&feature=CHAISE%20LENGTH:CHAISE-63&feature=CHAISE%20WIDTH:CHAISEWIDTH-35', 2045, 10, 'SLON.FABRIC.SECT.CSLEFT - SE-161 - Leg001-1'),
		(1, 32, 'https://content.cylindo.com/api/v2/4472/products/SLON.FABRIC.SECT.CSLEFT/frames/1/SLON.FABRIC.SECT.CSLEFT.JPG?background=FFFFFF&feature=COLOR:SE-161&feature=FINISH:Leg001-2&feature=CUSHIONS:CUSHION-2&feature=DEPTH:DEPTH-36&feature=CHAISE%20LENGTH:CHAISE-63&feature=CHAISE%20WIDTH:CHAISEWIDTH-35', 2045, 10, 'SLON.FABRIC.SECT.CSLEFT - SE-161 - Leg001-2'),
		(1, 33, 'https://content.cylindo.com/api/v2/4472/products/SLON.FABRIC.SECT.CSLEFT/frames/1/SLON.FABRIC.SECT.CSLEFT.JPG?background=FFFFFF&feature=COLOR:SE-161&feature=FINISH:Leg001-3&feature=CUSHIONS:CUSHION-2&feature=DEPTH:DEPTH-36&feature=CHAISE%20LENGTH:CHAISE-63&feature=CHAISE%20WIDTH:CHAISEWIDTH-35', 2045, 10, 'SLON.FABRIC.SECT.CSLEFT - SE-161 - Leg001-3'),
		(1, 34, 'https://content.cylindo.com/api/v2/4472/products/SLON.FABRIC.SECT.CSLEFT/frames/1/SLON.FABRIC.SECT.CSLEFT.JPG?background=FFFFFF&feature=COLOR:SE-161&feature=FINISH:Leg008-1&feature=CUSHIONS:CUSHION-2&feature=DEPTH:DEPTH-36&feature=CHAISE%20LENGTH:CHAISE-63&feature=CHAISE%20WIDTH:CHAISEWIDTH-35', 2045, 10, 'SLON.FABRIC.SECT.CSLEFT - SE-161 - Leg008-1'),
		(1, 35, 'https://content.cylindo.com/api/v2/4472/products/SLON.FABRIC.SECT.CSLEFT/frames/1/SLON.FABRIC.SECT.CSLEFT.JPG?background=FFFFFF&feature=COLOR:SE-161&feature=FINISH:Leg008-3&feature=CUSHIONS:CUSHION-2&feature=DEPTH:DEPTH-36&feature=CHAISE%20LENGTH:CHAISE-63&feature=CHAISE%20WIDTH:CHAISEWIDTH-35', 2045, 10, 'SLON.FABRIC.SECT.CSLEFT - SE-161 - Leg008-3'),
		(1, 36, 'https://content.cylindo.com/api/v2/4472/products/SLON.FABRIC.SECT.CSLEFT/frames/1/SLON.FABRIC.SECT.CSLEFT.JPG?background=FFFFFF&feature=COLOR:SE-161&feature=FINISH:Leg008-2&feature=CUSHIONS:CUSHION-2&feature=DEPTH:DEPTH-36&feature=CHAISE%20LENGTH:CHAISE-63&feature=CHAISE%20WIDTH:CHAISEWIDTH-35', 2045, 10, 'SLON.FABRIC.SECT.CSLEFT - SE-161 - Leg008-2'),
		(1, 37, 'https://content.cylindo.com/api/v2/4472/products/SLON.FABRIC.SECT.CSLEFT/frames/1/SLON.FABRIC.SECT.CSLEFT.JPG?background=FFFFFF&feature=COLOR:SE-161&feature=FINISH:Leg002-2&feature=CUSHIONS:CUSHION-2&feature=DEPTH:DEPTH-36&feature=CHAISE%20LENGTH:CHAISE-63&feature=CHAISE%20WIDTH:CHAISEWIDTH-35', 2045, 10, 'SLON.FABRIC.SECT.CSLEFT - SE-161 - Leg002-2'),
		(1, 38, 'https://content.cylindo.com/api/v2/4472/products/SLON.FABRIC.SECT.CSLEFT/frames/1/SLON.FABRIC.SECT.CSLEFT.JPG?background=FFFFFF&feature=COLOR:SE-161&feature=FINISH:Leg002-3&feature=CUSHIONS:CUSHION-2&feature=DEPTH:DEPTH-36&feature=CHAISE%20LENGTH:CHAISE-63&feature=CHAISE%20WIDTH:CHAISEWIDTH-35', 2045, 10, 'SLON.FABRIC.SECT.CSLEFT - SE-161 - Leg002-3'),
		(1, 39, 'https://content.cylindo.com/api/v2/4472/products/SLON.FABRIC.SECT.CSLEFT/frames/1/SLON.FABRIC.SECT.CSLEFT.JPG?background=FFFFFF&feature=COLOR:SE-161&feature=FINISH:Leg002-4&feature=CUSHIONS:CUSHION-2&feature=DEPTH:DEPTH-36&feature=CHAISE%20LENGTH:CHAISE-63&feature=CHAISE%20WIDTH:CHAISEWIDTH-35', 2045, 10, 'SLON.FABRIC.SECT.CSLEFT - SE-161 - Leg002-4'),
		(1, 40, 'https://content.cylindo.com/api/v2/4472/products/SLON.FABRIC.SECT.CSLEFT/frames/1/SLON.FABRIC.SECT.CSLEFT.JPG?background=FFFFFF&feature=COLOR:SE-161&feature=FINISH:Leg014-2&feature=CUSHIONS:CUSHION-2&feature=DEPTH:DEPTH-36&feature=CHAISE%20LENGTH:CHAISE-63&feature=CHAISE%20WIDTH:CHAISEWIDTH-35', 2045, 10, 'SLON.FABRIC.SECT.CSLEFT - SE-161 - Leg014-2'),
		(1, 41, 'https://content.cylindo.com/api/v2/4472/products/SLON.FABRIC.SECT.CSLEFT/frames/1/SLON.FABRIC.SECT.CSLEFT.JPG?background=FFFFFF&feature=COLOR:SE-167&feature=FINISH:Leg001-1&feature=CUSHIONS:CUSHION-2&feature=DEPTH:DEPTH-36&feature=CHAISE%20LENGTH:CHAISE-63&feature=CHAISE%20WIDTH:CHAISEWIDTH-35', 2045, 10, 'SLON.FABRIC.SECT.CSLEFT - SE-167 - Leg001-1'),
		(1, 42, 'https://content.cylindo.com/api/v2/4472/products/SLON.FABRIC.SECT.CSLEFT/frames/1/SLON.FABRIC.SECT.CSLEFT.JPG?background=FFFFFF&feature=COLOR:SE-167&feature=FINISH:Leg001-2&feature=CUSHIONS:CUSHION-2&feature=DEPTH:DEPTH-36&feature=CHAISE%20LENGTH:CHAISE-63&feature=CHAISE%20WIDTH:CHAISEWIDTH-35', 2045, 10, 'SLON.FABRIC.SECT.CSLEFT - SE-167 - Leg001-2'),
		(1, 43, 'https://content.cylindo.com/api/v2/4472/products/SLON.FABRIC.SECT.CSLEFT/frames/1/SLON.FABRIC.SECT.CSLEFT.JPG?background=FFFFFF&feature=COLOR:SE-167&feature=FINISH:Leg001-3&feature=CUSHIONS:CUSHION-2&feature=DEPTH:DEPTH-36&feature=CHAISE%20LENGTH:CHAISE-63&feature=CHAISE%20WIDTH:CHAISEWIDTH-35', 2045, 10, 'SLON.FABRIC.SECT.CSLEFT - SE-167 - Leg001-3'),
		(1, 44, 'https://content.cylindo.com/api/v2/4472/products/SLON.FABRIC.SECT.CSLEFT/frames/1/SLON.FABRIC.SECT.CSLEFT.JPG?background=FFFFFF&feature=COLOR:SE-167&feature=FINISH:Leg008-1&feature=CUSHIONS:CUSHION-2&feature=DEPTH:DEPTH-36&feature=CHAISE%20LENGTH:CHAISE-63&feature=CHAISE%20WIDTH:CHAISEWIDTH-35', 2045, 10, 'SLON.FABRIC.SECT.CSLEFT - SE-167 - Leg008-1'),
		(1, 45, 'https://content.cylindo.com/api/v2/4472/products/SLON.FABRIC.SECT.CSLEFT/frames/1/SLON.FABRIC.SECT.CSLEFT.JPG?background=FFFFFF&feature=COLOR:SE-167&feature=FINISH:Leg008-3&feature=CUSHIONS:CUSHION-2&feature=DEPTH:DEPTH-36&feature=CHAISE%20LENGTH:CHAISE-63&feature=CHAISE%20WIDTH:CHAISEWIDTH-35', 2045, 10, 'SLON.FABRIC.SECT.CSLEFT - SE-167 - Leg008-3'),
		(1, 46, 'https://content.cylindo.com/api/v2/4472/products/SLON.FABRIC.SECT.CSLEFT/frames/1/SLON.FABRIC.SECT.CSLEFT.JPG?background=FFFFFF&feature=COLOR:SE-167&feature=FINISH:Leg008-2&feature=CUSHIONS:CUSHION-2&feature=DEPTH:DEPTH-36&feature=CHAISE%20LENGTH:CHAISE-63&feature=CHAISE%20WIDTH:CHAISEWIDTH-35', 2045, 10, 'SLON.FABRIC.SECT.CSLEFT - SE-167 - Leg008-2'),
		(1, 47, 'https://content.cylindo.com/api/v2/4472/products/SLON.FABRIC.SECT.CSLEFT/frames/1/SLON.FABRIC.SECT.CSLEFT.JPG?background=FFFFFF&feature=COLOR:SE-167&feature=FINISH:Leg002-2&feature=CUSHIONS:CUSHION-2&feature=DEPTH:DEPTH-36&feature=CHAISE%20LENGTH:CHAISE-63&feature=CHAISE%20WIDTH:CHAISEWIDTH-35', 2045, 10, 'SLON.FABRIC.SECT.CSLEFT - SE-167 - Leg002-2'),
		(1, 48, 'https://content.cylindo.com/api/v2/4472/products/SLON.FABRIC.SECT.CSLEFT/frames/1/SLON.FABRIC.SECT.CSLEFT.JPG?background=FFFFFF&feature=COLOR:SE-167&feature=FINISH:Leg002-3&feature=CUSHIONS:CUSHION-2&feature=DEPTH:DEPTH-36&feature=CHAISE%20LENGTH:CHAISE-63&feature=CHAISE%20WIDTH:CHAISEWIDTH-35', 2045, 10, 'SLON.FABRIC.SECT.CSLEFT - SE-167 - Leg002-3'),
		(1, 49, 'https://content.cylindo.com/api/v2/4472/products/SLON.FABRIC.SECT.CSLEFT/frames/1/SLON.FABRIC.SECT.CSLEFT.JPG?background=FFFFFF&feature=COLOR:SE-167&feature=FINISH:Leg002-4&feature=CUSHIONS:CUSHION-2&feature=DEPTH:DEPTH-36&feature=CHAISE%20LENGTH:CHAISE-63&feature=CHAISE%20WIDTH:CHAISEWIDTH-35', 2045, 10, 'SLON.FABRIC.SECT.CSLEFT - SE-167 - Leg002-4'),
		(1, 50, 'https://content.cylindo.com/api/v2/4472/products/SLON.FABRIC.SECT.CSLEFT/frames/1/SLON.FABRIC.SECT.CSLEFT.JPG?background=FFFFFF&feature=COLOR:SE-167&feature=FINISH:Leg014-2&feature=CUSHIONS:CUSHION-2&feature=DEPTH:DEPTH-36&feature=CHAISE%20LENGTH:CHAISE-63&feature=CHAISE%20WIDTH:CHAISEWIDTH-35', 2045, 10, 'SLON.FABRIC.SECT.CSLEFT - SE-167 - Leg014-2'),
		(1, 51, 'https://content.cylindo.com/api/v2/4472/products/SLON.FABRIC.SECT.CSLEFT/frames/1/SLON.FABRIC.SECT.CSLEFT.JPG?background=FFFFFF&feature=COLOR:SE-171&feature=FINISH:Leg001-1&feature=CUSHIONS:CUSHION-2&feature=DEPTH:DEPTH-36&feature=CHAISE%20LENGTH:CHAISE-63&feature=CHAISE%20WIDTH:CHAISEWIDTH-35', 2045, 10, 'SLON.FABRIC.SECT.CSLEFT - SE-171 - Leg001-1'),
		(1, 52, 'https://content.cylindo.com/api/v2/4472/products/SLON.FABRIC.SECT.CSLEFT/frames/1/SLON.FABRIC.SECT.CSLEFT.JPG?background=FFFFFF&feature=COLOR:SE-171&feature=FINISH:Leg001-2&feature=CUSHIONS:CUSHION-2&feature=DEPTH:DEPTH-36&feature=CHAISE%20LENGTH:CHAISE-63&feature=CHAISE%20WIDTH:CHAISEWIDTH-35', 2045, 10, 'SLON.FABRIC.SECT.CSLEFT - SE-171 - Leg001-2'),
		(1, 53, 'https://content.cylindo.com/api/v2/4472/products/SLON.FABRIC.SECT.CSLEFT/frames/1/SLON.FABRIC.SECT.CSLEFT.JPG?background=FFFFFF&feature=COLOR:SE-171&feature=FINISH:Leg001-3&feature=CUSHIONS:CUSHION-2&feature=DEPTH:DEPTH-36&feature=CHAISE%20LENGTH:CHAISE-63&feature=CHAISE%20WIDTH:CHAISEWIDTH-35', 2045, 10, 'SLON.FABRIC.SECT.CSLEFT - SE-171 - Leg001-3'),
		(1, 54, 'https://content.cylindo.com/api/v2/4472/products/SLON.FABRIC.SECT.CSLEFT/frames/1/SLON.FABRIC.SECT.CSLEFT.JPG?background=FFFFFF&feature=COLOR:SE-171&feature=FINISH:Leg008-1&feature=CUSHIONS:CUSHION-2&feature=DEPTH:DEPTH-36&feature=CHAISE%20LENGTH:CHAISE-63&feature=CHAISE%20WIDTH:CHAISEWIDTH-35', 2045, 10, 'SLON.FABRIC.SECT.CSLEFT - SE-171 - Leg008-1'),
		(1, 55, 'https://content.cylindo.com/api/v2/4472/products/SLON.FABRIC.SECT.CSLEFT/frames/1/SLON.FABRIC.SECT.CSLEFT.JPG?background=FFFFFF&feature=COLOR:SE-171&feature=FINISH:Leg008-3&feature=CUSHIONS:CUSHION-2&feature=DEPTH:DEPTH-36&feature=CHAISE%20LENGTH:CHAISE-63&feature=CHAISE%20WIDTH:CHAISEWIDTH-35', 2045, 10, 'SLON.FABRIC.SECT.CSLEFT - SE-171 - Leg008-3'),
		(1, 56, 'https://content.cylindo.com/api/v2/4472/products/SLON.FABRIC.SECT.CSLEFT/frames/1/SLON.FABRIC.SECT.CSLEFT.JPG?background=FFFFFF&feature=COLOR:SE-171&feature=FINISH:Leg008-2&feature=CUSHIONS:CUSHION-2&feature=DEPTH:DEPTH-36&feature=CHAISE%20LENGTH:CHAISE-63&feature=CHAISE%20WIDTH:CHAISEWIDTH-35', 2045, 10, 'SLON.FABRIC.SECT.CSLEFT - SE-171 - Leg008-2'),
		(1, 57, 'https://content.cylindo.com/api/v2/4472/products/SLON.FABRIC.SECT.CSLEFT/frames/1/SLON.FABRIC.SECT.CSLEFT.JPG?background=FFFFFF&feature=COLOR:SE-171&feature=FINISH:Leg002-2&feature=CUSHIONS:CUSHION-2&feature=DEPTH:DEPTH-36&feature=CHAISE%20LENGTH:CHAISE-63&feature=CHAISE%20WIDTH:CHAISEWIDTH-35', 2045, 10, 'SLON.FABRIC.SECT.CSLEFT - SE-171 - Leg002-2'),
		(1, 58, 'https://content.cylindo.com/api/v2/4472/products/SLON.FABRIC.SECT.CSLEFT/frames/1/SLON.FABRIC.SECT.CSLEFT.JPG?background=FFFFFF&feature=COLOR:SE-171&feature=FINISH:Leg002-3&feature=CUSHIONS:CUSHION-2&feature=DEPTH:DEPTH-36&feature=CHAISE%20LENGTH:CHAISE-63&feature=CHAISE%20WIDTH:CHAISEWIDTH-35', 2045, 10, 'SLON.FABRIC.SECT.CSLEFT - SE-171 - Leg002-3'),
		(1, 59, 'https://content.cylindo.com/api/v2/4472/products/SLON.FABRIC.SECT.CSLEFT/frames/1/SLON.FABRIC.SECT.CSLEFT.JPG?background=FFFFFF&feature=COLOR:SE-171&feature=FINISH:Leg002-4&feature=CUSHIONS:CUSHION-2&feature=DEPTH:DEPTH-36&feature=CHAISE%20LENGTH:CHAISE-63&feature=CHAISE%20WIDTH:CHAISEWIDTH-35', 2045, 10, 'SLON.FABRIC.SECT.CSLEFT - SE-171 - Leg002-4'),
		(1, 60, 'https://content.cylindo.com/api/v2/4472/products/SLON.FABRIC.SECT.CSLEFT/frames/1/SLON.FABRIC.SECT.CSLEFT.JPG?background=FFFFFF&feature=COLOR:SE-171&feature=FINISH:Leg014-2&feature=CUSHIONS:CUSHION-2&feature=DEPTH:DEPTH-36&feature=CHAISE%20LENGTH:CHAISE-63&feature=CHAISE%20WIDTH:CHAISEWIDTH-35', 2045, 10, 'SLON.FABRIC.SECT.CSLEFT - SE-171 - Leg014-2'),
		(1, 61, 'https://content.cylindo.com/api/v2/4472/products/SLON.FABRIC.SECT.CSLEFT/frames/1/SLON.FABRIC.SECT.CSLEFT.JPG?background=FFFFFF&feature=COLOR:SE-172&feature=FINISH:Leg001-1&feature=CUSHIONS:CUSHION-2&feature=DEPTH:DEPTH-36&feature=CHAISE%20LENGTH:CHAISE-63&feature=CHAISE%20WIDTH:CHAISEWIDTH-35', 2045, 10, 'SLON.FABRIC.SECT.CSLEFT - SE-172 - Leg001-1'),
		(1, 62, 'https://content.cylindo.com/api/v2/4472/products/SLON.FABRIC.SECT.CSLEFT/frames/1/SLON.FABRIC.SECT.CSLEFT.JPG?background=FFFFFF&feature=COLOR:SE-172&feature=FINISH:Leg001-2&feature=CUSHIONS:CUSHION-2&feature=DEPTH:DEPTH-36&feature=CHAISE%20LENGTH:CHAISE-63&feature=CHAISE%20WIDTH:CHAISEWIDTH-35', 2045, 10, 'SLON.FABRIC.SECT.CSLEFT - SE-172 - Leg001-2'),
		(1, 63, 'https://content.cylindo.com/api/v2/4472/products/SLON.FABRIC.SECT.CSLEFT/frames/1/SLON.FABRIC.SECT.CSLEFT.JPG?background=FFFFFF&feature=COLOR:SE-172&feature=FINISH:Leg001-3&feature=CUSHIONS:CUSHION-2&feature=DEPTH:DEPTH-36&feature=CHAISE%20LENGTH:CHAISE-63&feature=CHAISE%20WIDTH:CHAISEWIDTH-35', 2045, 10, 'SLON.FABRIC.SECT.CSLEFT - SE-172 - Leg001-3'),
		(1, 64, 'https://content.cylindo.com/api/v2/4472/products/SLON.FABRIC.SECT.CSLEFT/frames/1/SLON.FABRIC.SECT.CSLEFT.JPG?background=FFFFFF&feature=COLOR:SE-172&feature=FINISH:Leg008-1&feature=CUSHIONS:CUSHION-2&feature=DEPTH:DEPTH-36&feature=CHAISE%20LENGTH:CHAISE-63&feature=CHAISE%20WIDTH:CHAISEWIDTH-35', 2045, 10, 'SLON.FABRIC.SECT.CSLEFT - SE-172 - Leg008-1'),
		(1, 65, 'https://content.cylindo.com/api/v2/4472/products/SLON.FABRIC.SECT.CSLEFT/frames/1/SLON.FABRIC.SECT.CSLEFT.JPG?background=FFFFFF&feature=COLOR:SE-172&feature=FINISH:Leg008-3&feature=CUSHIONS:CUSHION-2&feature=DEPTH:DEPTH-36&feature=CHAISE%20LENGTH:CHAISE-63&feature=CHAISE%20WIDTH:CHAISEWIDTH-35', 2045, 10, 'SLON.FABRIC.SECT.CSLEFT - SE-172 - Leg008-3'),
		(1, 66, 'https://content.cylindo.com/api/v2/4472/products/SLON.FABRIC.SECT.CSLEFT/frames/1/SLON.FABRIC.SECT.CSLEFT.JPG?background=FFFFFF&feature=COLOR:SE-172&feature=FINISH:Leg008-2&feature=CUSHIONS:CUSHION-2&feature=DEPTH:DEPTH-36&feature=CHAISE%20LENGTH:CHAISE-63&feature=CHAISE%20WIDTH:CHAISEWIDTH-35', 2045, 10, 'SLON.FABRIC.SECT.CSLEFT - SE-172 - Leg008-2'),
		(1, 67, 'https://content.cylindo.com/api/v2/4472/products/SLON.FABRIC.SECT.CSLEFT/frames/1/SLON.FABRIC.SECT.CSLEFT.JPG?background=FFFFFF&feature=COLOR:SE-172&feature=FINISH:Leg002-2&feature=CUSHIONS:CUSHION-2&feature=DEPTH:DEPTH-36&feature=CHAISE%20LENGTH:CHAISE-63&feature=CHAISE%20WIDTH:CHAISEWIDTH-35', 2045, 10, 'SLON.FABRIC.SECT.CSLEFT - SE-172 - Leg002-2'),
		(1, 68, 'https://content.cylindo.com/api/v2/4472/products/SLON.FABRIC.SECT.CSLEFT/frames/1/SLON.FABRIC.SECT.CSLEFT.JPG?background=FFFFFF&feature=COLOR:SE-172&feature=FINISH:Leg002-3&feature=CUSHIONS:CUSHION-2&feature=DEPTH:DEPTH-36&feature=CHAISE%20LENGTH:CHAISE-63&feature=CHAISE%20WIDTH:CHAISEWIDTH-35', 2045, 10, 'SLON.FABRIC.SECT.CSLEFT - SE-172 - Leg002-3'),
		(1, 69, 'https://content.cylindo.com/api/v2/4472/products/SLON.FABRIC.SECT.CSLEFT/frames/1/SLON.FABRIC.SECT.CSLEFT.JPG?background=FFFFFF&feature=COLOR:SE-172&feature=FINISH:Leg002-4&feature=CUSHIONS:CUSHION-2&feature=DEPTH:DEPTH-36&feature=CHAISE%20LENGTH:CHAISE-63&feature=CHAISE%20WIDTH:CHAISEWIDTH-35', 2045, 10, 'SLON.FABRIC.SECT.CSLEFT - SE-172 - Leg002-4'),
		(1, 70, 'https://content.cylindo.com/api/v2/4472/products/SLON.FABRIC.SECT.CSLEFT/frames/1/SLON.FABRIC.SECT.CSLEFT.JPG?background=FFFFFF&feature=COLOR:SE-172&feature=FINISH:Leg014-2&feature=CUSHIONS:CUSHION-2&feature=DEPTH:DEPTH-36&feature=CHAISE%20LENGTH:CHAISE-63&feature=CHAISE%20WIDTH:CHAISEWIDTH-35', 2045, 10, 'SLON.FABRIC.SECT.CSLEFT - SE-172 - Leg014-2'),
		(1, 71, 'https://content.cylindo.com/api/v2/4472/products/SLON.FABRIC.SECT.CSLEFT/frames/1/SLON.FABRIC.SECT.CSLEFT.JPG?background=FFFFFF&feature=COLOR:SE-170&feature=FINISH:Leg001-1&feature=CUSHIONS:CUSHION-2&feature=DEPTH:DEPTH-36&feature=CHAISE%20LENGTH:CHAISE-63&feature=CHAISE%20WIDTH:CHAISEWIDTH-35', 2045, 10, 'SLON.FABRIC.SECT.CSLEFT - SE-170 - Leg001-1'),
		(1, 72, 'https://content.cylindo.com/api/v2/4472/products/SLON.FABRIC.SECT.CSLEFT/frames/1/SLON.FABRIC.SECT.CSLEFT.JPG?background=FFFFFF&feature=COLOR:SE-170&feature=FINISH:Leg001-2&feature=CUSHIONS:CUSHION-2&feature=DEPTH:DEPTH-36&feature=CHAISE%20LENGTH:CHAISE-63&feature=CHAISE%20WIDTH:CHAISEWIDTH-35', 2045, 10, 'SLON.FABRIC.SECT.CSLEFT - SE-170 - Leg001-2'),
		(1, 73, 'https://content.cylindo.com/api/v2/4472/products/SLON.FABRIC.SECT.CSLEFT/frames/1/SLON.FABRIC.SECT.CSLEFT.JPG?background=FFFFFF&feature=COLOR:SE-170&feature=FINISH:Leg001-3&feature=CUSHIONS:CUSHION-2&feature=DEPTH:DEPTH-36&feature=CHAISE%20LENGTH:CHAISE-63&feature=CHAISE%20WIDTH:CHAISEWIDTH-35', 2045, 10, 'SLON.FABRIC.SECT.CSLEFT - SE-170 - Leg001-3'),
		(1, 74, 'https://content.cylindo.com/api/v2/4472/products/SLON.FABRIC.SECT.CSLEFT/frames/1/SLON.FABRIC.SECT.CSLEFT.JPG?background=FFFFFF&feature=COLOR:SE-170&feature=FINISH:Leg008-1&feature=CUSHIONS:CUSHION-2&feature=DEPTH:DEPTH-36&feature=CHAISE%20LENGTH:CHAISE-63&feature=CHAISE%20WIDTH:CHAISEWIDTH-35', 2045, 10, 'SLON.FABRIC.SECT.CSLEFT - SE-170 - Leg008-1'),
		(1, 75, 'https://content.cylindo.com/api/v2/4472/products/SLON.FABRIC.SECT.CSLEFT/frames/1/SLON.FABRIC.SECT.CSLEFT.JPG?background=FFFFFF&feature=COLOR:SE-170&feature=FINISH:Leg008-3&feature=CUSHIONS:CUSHION-2&feature=DEPTH:DEPTH-36&feature=CHAISE%20LENGTH:CHAISE-63&feature=CHAISE%20WIDTH:CHAISEWIDTH-35', 2045, 10, 'SLON.FABRIC.SECT.CSLEFT - SE-170 - Leg008-3'),
		(1, 76, 'https://content.cylindo.com/api/v2/4472/products/SLON.FABRIC.SECT.CSLEFT/frames/1/SLON.FABRIC.SECT.CSLEFT.JPG?background=FFFFFF&feature=COLOR:SE-170&feature=FINISH:Leg008-2&feature=CUSHIONS:CUSHION-2&feature=DEPTH:DEPTH-36&feature=CHAISE%20LENGTH:CHAISE-63&feature=CHAISE%20WIDTH:CHAISEWIDTH-35', 2045, 10, 'SLON.FABRIC.SECT.CSLEFT - SE-170 - Leg008-2'),
		(1, 77, 'https://content.cylindo.com/api/v2/4472/products/SLON.FABRIC.SECT.CSLEFT/frames/1/SLON.FABRIC.SECT.CSLEFT.JPG?background=FFFFFF&feature=COLOR:SE-170&feature=FINISH:Leg002-2&feature=CUSHIONS:CUSHION-2&feature=DEPTH:DEPTH-36&feature=CHAISE%20LENGTH:CHAISE-63&feature=CHAISE%20WIDTH:CHAISEWIDTH-35', 2045, 10, 'SLON.FABRIC.SECT.CSLEFT - SE-170 - Leg002-2'),
		(1, 78, 'https://content.cylindo.com/api/v2/4472/products/SLON.FABRIC.SECT.CSLEFT/frames/1/SLON.FABRIC.SECT.CSLEFT.JPG?background=FFFFFF&feature=COLOR:SE-170&feature=FINISH:Leg002-3&feature=CUSHIONS:CUSHION-2&feature=DEPTH:DEPTH-36&feature=CHAISE%20LENGTH:CHAISE-63&feature=CHAISE%20WIDTH:CHAISEWIDTH-35', 2045, 10, 'SLON.FABRIC.SECT.CSLEFT - SE-170 - Leg002-3'),
		(1, 79, 'https://content.cylindo.com/api/v2/4472/products/SLON.FABRIC.SECT.CSLEFT/frames/1/SLON.FABRIC.SECT.CSLEFT.JPG?background=FFFFFF&feature=COLOR:SE-170&feature=FINISH:Leg002-4&feature=CUSHIONS:CUSHION-2&feature=DEPTH:DEPTH-36&feature=CHAISE%20LENGTH:CHAISE-63&feature=CHAISE%20WIDTH:CHAISEWIDTH-35', 2045, 10, 'SLON.FABRIC.SECT.CSLEFT - SE-170 - Leg002-4'),
		(1, 80, 'https://content.cylindo.com/api/v2/4472/products/SLON.FABRIC.SECT.CSLEFT/frames/1/SLON.FABRIC.SECT.CSLEFT.JPG?background=FFFFFF&feature=COLOR:SE-170&feature=FINISH:Leg014-2&feature=CUSHIONS:CUSHION-2&feature=DEPTH:DEPTH-36&feature=CHAISE%20LENGTH:CHAISE-63&feature=CHAISE%20WIDTH:CHAISEWIDTH-35', 2045, 10, 'SLON.FABRIC.SECT.CSLEFT - SE-170 - Leg014-2'),
		(1, 81, 'https://content.cylindo.com/api/v2/4472/products/SLON.FABRIC.SECT.CSLEFT/frames/1/SLON.FABRIC.SECT.CSLEFT.JPG?background=FFFFFF&feature=COLOR:SE-173&feature=FINISH:Leg001-1&feature=CUSHIONS:CUSHION-2&feature=DEPTH:DEPTH-36&feature=CHAISE%20LENGTH:CHAISE-63&feature=CHAISE%20WIDTH:CHAISEWIDTH-35', 2045, 10, 'SLON.FABRIC.SECT.CSLEFT - SE-173 - Leg001-1'),
		(1, 82, 'https://content.cylindo.com/api/v2/4472/products/SLON.FABRIC.SECT.CSLEFT/frames/1/SLON.FABRIC.SECT.CSLEFT.JPG?background=FFFFFF&feature=COLOR:SE-173&feature=FINISH:Leg001-2&feature=CUSHIONS:CUSHION-2&feature=DEPTH:DEPTH-36&feature=CHAISE%20LENGTH:CHAISE-63&feature=CHAISE%20WIDTH:CHAISEWIDTH-35', 2045, 10, 'SLON.FABRIC.SECT.CSLEFT - SE-173 - Leg001-2'),
		(1, 83, 'https://content.cylindo.com/api/v2/4472/products/SLON.FABRIC.SECT.CSLEFT/frames/1/SLON.FABRIC.SECT.CSLEFT.JPG?background=FFFFFF&feature=COLOR:SE-173&feature=FINISH:Leg001-3&feature=CUSHIONS:CUSHION-2&feature=DEPTH:DEPTH-36&feature=CHAISE%20LENGTH:CHAISE-63&feature=CHAISE%20WIDTH:CHAISEWIDTH-35', 2045, 10, 'SLON.FABRIC.SECT.CSLEFT - SE-173 - Leg001-3'),
		(1, 84, 'https://content.cylindo.com/api/v2/4472/products/SLON.FABRIC.SECT.CSLEFT/frames/1/SLON.FABRIC.SECT.CSLEFT.JPG?background=FFFFFF&feature=COLOR:SE-173&feature=FINISH:Leg008-1&feature=CUSHIONS:CUSHION-2&feature=DEPTH:DEPTH-36&feature=CHAISE%20LENGTH:CHAISE-63&feature=CHAISE%20WIDTH:CHAISEWIDTH-35', 2045, 10, 'SLON.FABRIC.SECT.CSLEFT - SE-173 - Leg008-1'),
		(1, 85, 'https://content.cylindo.com/api/v2/4472/products/SLON.FABRIC.SECT.CSLEFT/frames/1/SLON.FABRIC.SECT.CSLEFT.JPG?background=FFFFFF&feature=COLOR:SE-173&feature=FINISH:Leg008-3&feature=CUSHIONS:CUSHION-2&feature=DEPTH:DEPTH-36&feature=CHAISE%20LENGTH:CHAISE-63&feature=CHAISE%20WIDTH:CHAISEWIDTH-35', 2045, 10, 'SLON.FABRIC.SECT.CSLEFT - SE-173 - Leg008-3'),
		(1, 86, 'https://content.cylindo.com/api/v2/4472/products/SLON.FABRIC.SECT.CSLEFT/frames/1/SLON.FABRIC.SECT.CSLEFT.JPG?background=FFFFFF&feature=COLOR:SE-173&feature=FINISH:Leg008-2&feature=CUSHIONS:CUSHION-2&feature=DEPTH:DEPTH-36&feature=CHAISE%20LENGTH:CHAISE-63&feature=CHAISE%20WIDTH:CHAISEWIDTH-35', 2045, 10, 'SLON.FABRIC.SECT.CSLEFT - SE-173 - Leg008-2'),
		(1, 87, 'https://content.cylindo.com/api/v2/4472/products/SLON.FABRIC.SECT.CSLEFT/frames/1/SLON.FABRIC.SECT.CSLEFT.JPG?background=FFFFFF&feature=COLOR:SE-173&feature=FINISH:Leg002-2&feature=CUSHIONS:CUSHION-2&feature=DEPTH:DEPTH-36&feature=CHAISE%20LENGTH:CHAISE-63&feature=CHAISE%20WIDTH:CHAISEWIDTH-35', 2045, 10, 'SLON.FABRIC.SECT.CSLEFT - SE-173 - Leg002-2'),
		(1, 88, 'https://content.cylindo.com/api/v2/4472/products/SLON.FABRIC.SECT.CSLEFT/frames/1/SLON.FABRIC.SECT.CSLEFT.JPG?background=FFFFFF&feature=COLOR:SE-173&feature=FINISH:Leg002-3&feature=CUSHIONS:CUSHION-2&feature=DEPTH:DEPTH-36&feature=CHAISE%20LENGTH:CHAISE-63&feature=CHAISE%20WIDTH:CHAISEWIDTH-35', 2045, 10, 'SLON.FABRIC.SECT.CSLEFT - SE-173 - Leg002-3'),
		(1, 89, 'https://content.cylindo.com/api/v2/4472/products/SLON.FABRIC.SECT.CSLEFT/frames/1/SLON.FABRIC.SECT.CSLEFT.JPG?background=FFFFFF&feature=COLOR:SE-173&feature=FINISH:Leg002-4&feature=CUSHIONS:CUSHION-2&feature=DEPTH:DEPTH-36&feature=CHAISE%20LENGTH:CHAISE-63&feature=CHAISE%20WIDTH:CHAISEWIDTH-35', 2045, 10, 'SLON.FABRIC.SECT.CSLEFT - SE-173 - Leg002-4'),
		(1, 90, 'https://content.cylindo.com/api/v2/4472/products/SLON.FABRIC.SECT.CSLEFT/frames/1/SLON.FABRIC.SECT.CSLEFT.JPG?background=FFFFFF&feature=COLOR:SE-173&feature=FINISH:Leg014-2&feature=CUSHIONS:CUSHION-2&feature=DEPTH:DEPTH-36&feature=CHAISE%20LENGTH:CHAISE-63&feature=CHAISE%20WIDTH:CHAISEWIDTH-35', 2045, 10, 'SLON.FABRIC.SECT.CSLEFT - SE-173 - Leg014-2'),
		(1, 91, 'https://content.cylindo.com/api/v2/4472/products/SLON.FABRIC.SECT.CSLEFT/frames/1/SLON.FABRIC.SECT.CSLEFT.JPG?background=FFFFFF&feature=COLOR:SE-166&feature=FINISH:Leg001-1&feature=CUSHIONS:CUSHION-2&feature=DEPTH:DEPTH-36&feature=CHAISE%20LENGTH:CHAISE-63&feature=CHAISE%20WIDTH:CHAISEWIDTH-35', 2045, 10, 'SLON.FABRIC.SECT.CSLEFT - SE-166 - Leg001-1'),
		(1, 92, 'https://content.cylindo.com/api/v2/4472/products/SLON.FABRIC.SECT.CSLEFT/frames/1/SLON.FABRIC.SECT.CSLEFT.JPG?background=FFFFFF&feature=COLOR:SE-166&feature=FINISH:Leg001-2&feature=CUSHIONS:CUSHION-2&feature=DEPTH:DEPTH-36&feature=CHAISE%20LENGTH:CHAISE-63&feature=CHAISE%20WIDTH:CHAISEWIDTH-35', 2045, 10, 'SLON.FABRIC.SECT.CSLEFT - SE-166 - Leg001-2'),
		(1, 93, 'https://content.cylindo.com/api/v2/4472/products/SLON.FABRIC.SECT.CSLEFT/frames/1/SLON.FABRIC.SECT.CSLEFT.JPG?background=FFFFFF&feature=COLOR:SE-166&feature=FINISH:Leg001-3&feature=CUSHIONS:CUSHION-2&feature=DEPTH:DEPTH-36&feature=CHAISE%20LENGTH:CHAISE-63&feature=CHAISE%20WIDTH:CHAISEWIDTH-35', 2045, 10, 'SLON.FABRIC.SECT.CSLEFT - SE-166 - Leg001-3'),
		(1, 94, 'https://content.cylindo.com/api/v2/4472/products/SLON.FABRIC.SECT.CSLEFT/frames/1/SLON.FABRIC.SECT.CSLEFT.JPG?background=FFFFFF&feature=COLOR:SE-166&feature=FINISH:Leg008-1&feature=CUSHIONS:CUSHION-2&feature=DEPTH:DEPTH-36&feature=CHAISE%20LENGTH:CHAISE-63&feature=CHAISE%20WIDTH:CHAISEWIDTH-35', 2045, 10, 'SLON.FABRIC.SECT.CSLEFT - SE-166 - Leg008-1'),
		(1, 95, 'https://content.cylindo.com/api/v2/4472/products/SLON.FABRIC.SECT.CSLEFT/frames/1/SLON.FABRIC.SECT.CSLEFT.JPG?background=FFFFFF&feature=COLOR:SE-166&feature=FINISH:Leg008-3&feature=CUSHIONS:CUSHION-2&feature=DEPTH:DEPTH-36&feature=CHAISE%20LENGTH:CHAISE-63&feature=CHAISE%20WIDTH:CHAISEWIDTH-35', 2045, 10, 'SLON.FABRIC.SECT.CSLEFT - SE-166 - Leg008-3'),
		(1, 96, 'https://content.cylindo.com/api/v2/4472/products/SLON.FABRIC.SECT.CSLEFT/frames/1/SLON.FABRIC.SECT.CSLEFT.JPG?background=FFFFFF&feature=COLOR:SE-166&feature=FINISH:Leg008-2&feature=CUSHIONS:CUSHION-2&feature=DEPTH:DEPTH-36&feature=CHAISE%20LENGTH:CHAISE-63&feature=CHAISE%20WIDTH:CHAISEWIDTH-35', 2045, 10, 'SLON.FABRIC.SECT.CSLEFT - SE-166 - Leg008-2'),
		(1, 97, 'https://content.cylindo.com/api/v2/4472/products/SLON.FABRIC.SECT.CSLEFT/frames/1/SLON.FABRIC.SECT.CSLEFT.JPG?background=FFFFFF&feature=COLOR:SE-166&feature=FINISH:Leg002-2&feature=CUSHIONS:CUSHION-2&feature=DEPTH:DEPTH-36&feature=CHAISE%20LENGTH:CHAISE-63&feature=CHAISE%20WIDTH:CHAISEWIDTH-35', 2045, 10, 'SLON.FABRIC.SECT.CSLEFT - SE-166 - Leg002-2'),
		(1, 98, 'https://content.cylindo.com/api/v2/4472/products/SLON.FABRIC.SECT.CSLEFT/frames/1/SLON.FABRIC.SECT.CSLEFT.JPG?background=FFFFFF&feature=COLOR:SE-166&feature=FINISH:Leg002-3&feature=CUSHIONS:CUSHION-2&feature=DEPTH:DEPTH-36&feature=CHAISE%20LENGTH:CHAISE-63&feature=CHAISE%20WIDTH:CHAISEWIDTH-35', 2045, 10, 'SLON.FABRIC.SECT.CSLEFT - SE-166 - Leg002-3'),
		(1, 99, 'https://content.cylindo.com/api/v2/4472/products/SLON.FABRIC.SECT.CSLEFT/frames/1/SLON.FABRIC.SECT.CSLEFT.JPG?background=FFFFFF&feature=COLOR:SE-166&feature=FINISH:Leg002-4&feature=CUSHIONS:CUSHION-2&feature=DEPTH:DEPTH-36&feature=CHAISE%20LENGTH:CHAISE-63&feature=CHAISE%20WIDTH:CHAISEWIDTH-35', 2045, 10, 'SLON.FABRIC.SECT.CSLEFT - SE-166 - Leg002-4'),
		(1, 100, 'https://content.cylindo.com/api/v2/4472/products/SLON.FABRIC.SECT.CSLEFT/frames/1/SLON.FABRIC.SECT.CSLEFT.JPG?background=FFFFFF&feature=COLOR:SE-166&feature=FINISH:Leg014-2&feature=CUSHIONS:CUSHION-2&feature=DEPTH:DEPTH-36&feature=CHAISE%20LENGTH:CHAISE-63&feature=CHAISE%20WIDTH:CHAISEWIDTH-35', 2045, 10, 'SLON.FABRIC.SECT.CSLEFT - SE-166 - Leg014-2'),
		(2, 1, 'https://content.cylindo.com/api/v2/4472/products/SLON.LEATHR.SECT.CSLEFT/frames/1/SLON.LEATHR.SECT.CSLEFT.JPG?background=FFFFFF&feature=COLOR:2210A&feature=FINISH:Leg008-1&feature=CUSHIONS:CUSHION-2&feature=DEPTH:DEPTH-36&feature=CHAISE%20LENGTH:CHAISE-63&feature=CHAISE%20WIDTH:CHAISEWIDTH-35', 4095, 10, 'SLON.LEATHR.SECT.CSLEFT - 2210A - Leg008-1'),
		(2, 2, 'https://content.cylindo.com/api/v2/4472/products/SLON.LEATHR.SECT.CSLEFT/frames/1/SLON.LEATHR.SECT.CSLEFT.JPG?background=FFFFFF&feature=COLOR:2210A&feature=FINISH:Leg008-3&feature=CUSHIONS:CUSHION-2&feature=DEPTH:DEPTH-36&feature=CHAISE%20LENGTH:CHAISE-63&feature=CHAISE%20WIDTH:CHAISEWIDTH-35', 4095, 10, 'SLON.LEATHR.SECT.CSLEFT - 2210A - Leg008-3'),
		(2, 3, 'https://content.cylindo.com/api/v2/4472/products/SLON.LEATHR.SECT.CSLEFT/frames/1/SLON.LEATHR.SECT.CSLEFT.JPG?background=FFFFFF&feature=COLOR:2210A&feature=FINISH:Leg008-2&feature=CUSHIONS:CUSHION-2&feature=DEPTH:DEPTH-36&feature=CHAISE%20LENGTH:CHAISE-63&feature=CHAISE%20WIDTH:CHAISEWIDTH-35', 4095, 10, 'SLON.LEATHR.SECT.CSLEFT - 2210A - Leg008-2'),
		(2, 4, 'https://content.cylindo.com/api/v2/4472/products/SLON.LEATHR.SECT.CSLEFT/frames/1/SLON.LEATHR.SECT.CSLEFT.JPG?background=FFFFFF&feature=COLOR:2210A&feature=FINISH:Leg001-1&feature=CUSHIONS:CUSHION-2&feature=DEPTH:DEPTH-36&feature=CHAISE%20LENGTH:CHAISE-63&feature=CHAISE%20WIDTH:CHAISEWIDTH-35', 4095, 10, 'SLON.LEATHR.SECT.CSLEFT - 2210A - Leg001-1'),
		(2, 5, 'https://content.cylindo.com/api/v2/4472/products/SLON.LEATHR.SECT.CSLEFT/frames/1/SLON.LEATHR.SECT.CSLEFT.JPG?background=FFFFFF&feature=COLOR:2210A&feature=FINISH:Leg001-2&feature=CUSHIONS:CUSHION-2&feature=DEPTH:DEPTH-36&feature=CHAISE%20LENGTH:CHAISE-63&feature=CHAISE%20WIDTH:CHAISEWIDTH-35', 4095, 10, 'SLON.LEATHR.SECT.CSLEFT - 2210A - Leg001-2'),
		(2, 6, 'https://content.cylindo.com/api/v2/4472/products/SLON.LEATHR.SECT.CSLEFT/frames/1/SLON.LEATHR.SECT.CSLEFT.JPG?background=FFFFFF&feature=COLOR:2210A&feature=FINISH:Leg001-3&feature=CUSHIONS:CUSHION-2&feature=DEPTH:DEPTH-36&feature=CHAISE%20LENGTH:CHAISE-63&feature=CHAISE%20WIDTH:CHAISEWIDTH-35', 4095, 10, 'SLON.LEATHR.SECT.CSLEFT - 2210A - Leg001-3'),
		(2, 7, 'https://content.cylindo.com/api/v2/4472/products/SLON.LEATHR.SECT.CSLEFT/frames/1/SLON.LEATHR.SECT.CSLEFT.JPG?background=FFFFFF&feature=COLOR:2210A&feature=FINISH:Leg002-2&feature=CUSHIONS:CUSHION-2&feature=DEPTH:DEPTH-36&feature=CHAISE%20LENGTH:CHAISE-63&feature=CHAISE%20WIDTH:CHAISEWIDTH-35', 4095, 10, 'SLON.LEATHR.SECT.CSLEFT - 2210A - Leg002-2'),
		(2, 8, 'https://content.cylindo.com/api/v2/4472/products/SLON.LEATHR.SECT.CSLEFT/frames/1/SLON.LEATHR.SECT.CSLEFT.JPG?background=FFFFFF&feature=COLOR:2210A&feature=FINISH:Leg002-3&feature=CUSHIONS:CUSHION-2&feature=DEPTH:DEPTH-36&feature=CHAISE%20LENGTH:CHAISE-63&feature=CHAISE%20WIDTH:CHAISEWIDTH-35', 4095, 10, 'SLON.LEATHR.SECT.CSLEFT - 2210A - Leg002-3'),
		(2, 9, 'https://content.cylindo.com/api/v2/4472/products/SLON.LEATHR.SECT.CSLEFT/frames/1/SLON.LEATHR.SECT.CSLEFT.JPG?background=FFFFFF&feature=COLOR:2210A&feature=FINISH:Leg002-4&feature=CUSHIONS:CUSHION-2&feature=DEPTH:DEPTH-36&feature=CHAISE%20LENGTH:CHAISE-63&feature=CHAISE%20WIDTH:CHAISEWIDTH-35', 4095, 10, 'SLON.LEATHR.SECT.CSLEFT - 2210A - Leg002-4'),
		(2, 10, 'https://content.cylindo.com/api/v2/4472/products/SLON.LEATHR.SECT.CSLEFT/frames/1/SLON.LEATHR.SECT.CSLEFT.JPG?background=FFFFFF&feature=COLOR:2210A&feature=FINISH:Leg014-2&feature=CUSHIONS:CUSHION-2&feature=DEPTH:DEPTH-36&feature=CHAISE%20LENGTH:CHAISE-63&feature=CHAISE%20WIDTH:CHAISEWIDTH-35', 4095, 10, 'SLON.LEATHR.SECT.CSLEFT - 2210A - Leg014-2'),
		(2, 11, 'https://content.cylindo.com/api/v2/4472/products/SLON.LEATHR.SECT.CSLEFT/frames/1/SLON.LEATHR.SECT.CSLEFT.JPG?background=FFFFFF&feature=COLOR:LTHR-02&feature=FINISH:Leg008-1&feature=CUSHIONS:CUSHION-2&feature=DEPTH:DEPTH-36&feature=CHAISE%20LENGTH:CHAISE-63&feature=CHAISE%20WIDTH:CHAISEWIDTH-35', 4095, 10, 'SLON.LEATHR.SECT.CSLEFT - LTHR-02 - Leg008-1'),
		(2, 12, 'https://content.cylindo.com/api/v2/4472/products/SLON.LEATHR.SECT.CSLEFT/frames/1/SLON.LEATHR.SECT.CSLEFT.JPG?background=FFFFFF&feature=COLOR:LTHR-02&feature=FINISH:Leg008-3&feature=CUSHIONS:CUSHION-2&feature=DEPTH:DEPTH-36&feature=CHAISE%20LENGTH:CHAISE-63&feature=CHAISE%20WIDTH:CHAISEWIDTH-35', 4095, 10, 'SLON.LEATHR.SECT.CSLEFT - LTHR-02 - Leg008-3'),
		(2, 13, 'https://content.cylindo.com/api/v2/4472/products/SLON.LEATHR.SECT.CSLEFT/frames/1/SLON.LEATHR.SECT.CSLEFT.JPG?background=FFFFFF&feature=COLOR:LTHR-02&feature=FINISH:Leg008-2&feature=CUSHIONS:CUSHION-2&feature=DEPTH:DEPTH-36&feature=CHAISE%20LENGTH:CHAISE-63&feature=CHAISE%20WIDTH:CHAISEWIDTH-35', 4095, 10, 'SLON.LEATHR.SECT.CSLEFT - LTHR-02 - Leg008-2'),
		(2, 14, 'https://content.cylindo.com/api/v2/4472/products/SLON.LEATHR.SECT.CSLEFT/frames/1/SLON.LEATHR.SECT.CSLEFT.JPG?background=FFFFFF&feature=COLOR:LTHR-02&feature=FINISH:Leg001-1&feature=CUSHIONS:CUSHION-2&feature=DEPTH:DEPTH-36&feature=CHAISE%20LENGTH:CHAISE-63&feature=CHAISE%20WIDTH:CHAISEWIDTH-35', 4095, 10, 'SLON.LEATHR.SECT.CSLEFT - LTHR-02 - Leg001-1'),
		(2, 15, 'https://content.cylindo.com/api/v2/4472/products/SLON.LEATHR.SECT.CSLEFT/frames/1/SLON.LEATHR.SECT.CSLEFT.JPG?background=FFFFFF&feature=COLOR:LTHR-02&feature=FINISH:Leg001-2&feature=CUSHIONS:CUSHION-2&feature=DEPTH:DEPTH-36&feature=CHAISE%20LENGTH:CHAISE-63&feature=CHAISE%20WIDTH:CHAISEWIDTH-35', 4095, 10, 'SLON.LEATHR.SECT.CSLEFT - LTHR-02 - Leg001-2'),
		(2, 16, 'https://content.cylindo.com/api/v2/4472/products/SLON.LEATHR.SECT.CSLEFT/frames/1/SLON.LEATHR.SECT.CSLEFT.JPG?background=FFFFFF&feature=COLOR:LTHR-02&feature=FINISH:Leg001-3&feature=CUSHIONS:CUSHION-2&feature=DEPTH:DEPTH-36&feature=CHAISE%20LENGTH:CHAISE-63&feature=CHAISE%20WIDTH:CHAISEWIDTH-35', 4095, 10, 'SLON.LEATHR.SECT.CSLEFT - LTHR-02 - Leg001-3'),
		(2, 17, 'https://content.cylindo.com/api/v2/4472/products/SLON.LEATHR.SECT.CSLEFT/frames/1/SLON.LEATHR.SECT.CSLEFT.JPG?background=FFFFFF&feature=COLOR:LTHR-02&feature=FINISH:Leg002-2&feature=CUSHIONS:CUSHION-2&feature=DEPTH:DEPTH-36&feature=CHAISE%20LENGTH:CHAISE-63&feature=CHAISE%20WIDTH:CHAISEWIDTH-35', 4095, 10, 'SLON.LEATHR.SECT.CSLEFT - LTHR-02 - Leg002-2'),
		(2, 18, 'https://content.cylindo.com/api/v2/4472/products/SLON.LEATHR.SECT.CSLEFT/frames/1/SLON.LEATHR.SECT.CSLEFT.JPG?background=FFFFFF&feature=COLOR:LTHR-02&feature=FINISH:Leg002-3&feature=CUSHIONS:CUSHION-2&feature=DEPTH:DEPTH-36&feature=CHAISE%20LENGTH:CHAISE-63&feature=CHAISE%20WIDTH:CHAISEWIDTH-35', 4095, 10, 'SLON.LEATHR.SECT.CSLEFT - LTHR-02 - Leg002-3'),
		(2, 19, 'https://content.cylindo.com/api/v2/4472/products/SLON.LEATHR.SECT.CSLEFT/frames/1/SLON.LEATHR.SECT.CSLEFT.JPG?background=FFFFFF&feature=COLOR:LTHR-02&feature=FINISH:Leg002-4&feature=CUSHIONS:CUSHION-2&feature=DEPTH:DEPTH-36&feature=CHAISE%20LENGTH:CHAISE-63&feature=CHAISE%20WIDTH:CHAISEWIDTH-35', 4095, 10, 'SLON.LEATHR.SECT.CSLEFT - LTHR-02 - Leg002-4'),
		(2, 20, 'https://content.cylindo.com/api/v2/4472/products/SLON.LEATHR.SECT.CSLEFT/frames/1/SLON.LEATHR.SECT.CSLEFT.JPG?background=FFFFFF&feature=COLOR:LTHR-02&feature=FINISH:Leg014-2&feature=CUSHIONS:CUSHION-2&feature=DEPTH:DEPTH-36&feature=CHAISE%20LENGTH:CHAISE-63&feature=CHAISE%20WIDTH:CHAISEWIDTH-35', 4095, 10, 'SLON.LEATHR.SECT.CSLEFT - LTHR-02 - Leg014-2'),
		(2, 21, 'https://content.cylindo.com/api/v2/4472/products/SLON.LEATHR.SECT.CSLEFT/frames/1/SLON.LEATHR.SECT.CSLEFT.JPG?background=FFFFFF&feature=COLOR:8519A&feature=FINISH:Leg008-1&feature=CUSHIONS:CUSHION-2&feature=DEPTH:DEPTH-36&feature=CHAISE%20LENGTH:CHAISE-63&feature=CHAISE%20WIDTH:CHAISEWIDTH-35', 4095, 10, 'SLON.LEATHR.SECT.CSLEFT - 8519A - Leg008-1'),
		(2, 22, 'https://content.cylindo.com/api/v2/4472/products/SLON.LEATHR.SECT.CSLEFT/frames/1/SLON.LEATHR.SECT.CSLEFT.JPG?background=FFFFFF&feature=COLOR:8519A&feature=FINISH:Leg008-3&feature=CUSHIONS:CUSHION-2&feature=DEPTH:DEPTH-36&feature=CHAISE%20LENGTH:CHAISE-63&feature=CHAISE%20WIDTH:CHAISEWIDTH-35', 4095, 10, 'SLON.LEATHR.SECT.CSLEFT - 8519A - Leg008-3'),
		(2, 23, 'https://content.cylindo.com/api/v2/4472/products/SLON.LEATHR.SECT.CSLEFT/frames/1/SLON.LEATHR.SECT.CSLEFT.JPG?background=FFFFFF&feature=COLOR:8519A&feature=FINISH:Leg008-2&feature=CUSHIONS:CUSHION-2&feature=DEPTH:DEPTH-36&feature=CHAISE%20LENGTH:CHAISE-63&feature=CHAISE%20WIDTH:CHAISEWIDTH-35', 4095, 10, 'SLON.LEATHR.SECT.CSLEFT - 8519A - Leg008-2'),
		(2, 24, 'https://content.cylindo.com/api/v2/4472/products/SLON.LEATHR.SECT.CSLEFT/frames/1/SLON.LEATHR.SECT.CSLEFT.JPG?background=FFFFFF&feature=COLOR:8519A&feature=FINISH:Leg001-1&feature=CUSHIONS:CUSHION-2&feature=DEPTH:DEPTH-36&feature=CHAISE%20LENGTH:CHAISE-63&feature=CHAISE%20WIDTH:CHAISEWIDTH-35', 4095, 10, 'SLON.LEATHR.SECT.CSLEFT - 8519A - Leg001-1'),
		(2, 25, 'https://content.cylindo.com/api/v2/4472/products/SLON.LEATHR.SECT.CSLEFT/frames/1/SLON.LEATHR.SECT.CSLEFT.JPG?background=FFFFFF&feature=COLOR:8519A&feature=FINISH:Leg001-2&feature=CUSHIONS:CUSHION-2&feature=DEPTH:DEPTH-36&feature=CHAISE%20LENGTH:CHAISE-63&feature=CHAISE%20WIDTH:CHAISEWIDTH-35', 4095, 10, 'SLON.LEATHR.SECT.CSLEFT - 8519A - Leg001-2'),
		(2, 26, 'https://content.cylindo.com/api/v2/4472/products/SLON.LEATHR.SECT.CSLEFT/frames/1/SLON.LEATHR.SECT.CSLEFT.JPG?background=FFFFFF&feature=COLOR:8519A&feature=FINISH:Leg001-3&feature=CUSHIONS:CUSHION-2&feature=DEPTH:DEPTH-36&feature=CHAISE%20LENGTH:CHAISE-63&feature=CHAISE%20WIDTH:CHAISEWIDTH-35', 4095, 10, 'SLON.LEATHR.SECT.CSLEFT - 8519A - Leg001-3'),
		(2, 27, 'https://content.cylindo.com/api/v2/4472/products/SLON.LEATHR.SECT.CSLEFT/frames/1/SLON.LEATHR.SECT.CSLEFT.JPG?background=FFFFFF&feature=COLOR:8519A&feature=FINISH:Leg002-2&feature=CUSHIONS:CUSHION-2&feature=DEPTH:DEPTH-36&feature=CHAISE%20LENGTH:CHAISE-63&feature=CHAISE%20WIDTH:CHAISEWIDTH-35', 4095, 10, 'SLON.LEATHR.SECT.CSLEFT - 8519A - Leg002-2'),
		(2, 28, 'https://content.cylindo.com/api/v2/4472/products/SLON.LEATHR.SECT.CSLEFT/frames/1/SLON.LEATHR.SECT.CSLEFT.JPG?background=FFFFFF&feature=COLOR:8519A&feature=FINISH:Leg002-3&feature=CUSHIONS:CUSHION-2&feature=DEPTH:DEPTH-36&feature=CHAISE%20LENGTH:CHAISE-63&feature=CHAISE%20WIDTH:CHAISEWIDTH-35', 4095, 10, 'SLON.LEATHR.SECT.CSLEFT - 8519A - Leg002-3'),
		(2, 29, 'https://content.cylindo.com/api/v2/4472/products/SLON.LEATHR.SECT.CSLEFT/frames/1/SLON.LEATHR.SECT.CSLEFT.JPG?background=FFFFFF&feature=COLOR:8519A&feature=FINISH:Leg002-4&feature=CUSHIONS:CUSHION-2&feature=DEPTH:DEPTH-36&feature=CHAISE%20LENGTH:CHAISE-63&feature=CHAISE%20WIDTH:CHAISEWIDTH-35', 4095, 10, 'SLON.LEATHR.SECT.CSLEFT - 8519A - Leg002-4'),
		(2, 30, 'https://content.cylindo.com/api/v2/4472/products/SLON.LEATHR.SECT.CSLEFT/frames/1/SLON.LEATHR.SECT.CSLEFT.JPG?background=FFFFFF&feature=COLOR:8519A&feature=FINISH:Leg014-2&feature=CUSHIONS:CUSHION-2&feature=DEPTH:DEPTH-36&feature=CHAISE%20LENGTH:CHAISE-63&feature=CHAISE%20WIDTH:CHAISEWIDTH-35', 4095, 10, 'SLON.LEATHR.SECT.CSLEFT - 8519A - Leg014-2'),
		(2, 31, 'https://content.cylindo.com/api/v2/4472/products/SLON.LEATHR.SECT.CSLEFT/frames/1/SLON.LEATHR.SECT.CSLEFT.JPG?background=FFFFFF&feature=COLOR:LTHR-01&feature=FINISH:Leg008-1&feature=CUSHIONS:CUSHION-2&feature=DEPTH:DEPTH-36&feature=CHAISE%20LENGTH:CHAISE-63&feature=CHAISE%20WIDTH:CHAISEWIDTH-35', 4095, 10, 'SLON.LEATHR.SECT.CSLEFT - LTHR-01 - Leg008-1'),
		(2, 32, 'https://content.cylindo.com/api/v2/4472/products/SLON.LEATHR.SECT.CSLEFT/frames/1/SLON.LEATHR.SECT.CSLEFT.JPG?background=FFFFFF&feature=COLOR:LTHR-01&feature=FINISH:Leg008-3&feature=CUSHIONS:CUSHION-2&feature=DEPTH:DEPTH-36&feature=CHAISE%20LENGTH:CHAISE-63&feature=CHAISE%20WIDTH:CHAISEWIDTH-35', 4095, 10, 'SLON.LEATHR.SECT.CSLEFT - LTHR-01 - Leg008-3'),
		(2, 33, 'https://content.cylindo.com/api/v2/4472/products/SLON.LEATHR.SECT.CSLEFT/frames/1/SLON.LEATHR.SECT.CSLEFT.JPG?background=FFFFFF&feature=COLOR:LTHR-01&feature=FINISH:Leg008-2&feature=CUSHIONS:CUSHION-2&feature=DEPTH:DEPTH-36&feature=CHAISE%20LENGTH:CHAISE-63&feature=CHAISE%20WIDTH:CHAISEWIDTH-35', 4095, 10, 'SLON.LEATHR.SECT.CSLEFT - LTHR-01 - Leg008-2'),
		(2, 34, 'https://content.cylindo.com/api/v2/4472/products/SLON.LEATHR.SECT.CSLEFT/frames/1/SLON.LEATHR.SECT.CSLEFT.JPG?background=FFFFFF&feature=COLOR:LTHR-01&feature=FINISH:Leg001-1&feature=CUSHIONS:CUSHION-2&feature=DEPTH:DEPTH-36&feature=CHAISE%20LENGTH:CHAISE-63&feature=CHAISE%20WIDTH:CHAISEWIDTH-35', 4095, 10, 'SLON.LEATHR.SECT.CSLEFT - LTHR-01 - Leg001-1'),
		(2, 35, 'https://content.cylindo.com/api/v2/4472/products/SLON.LEATHR.SECT.CSLEFT/frames/1/SLON.LEATHR.SECT.CSLEFT.JPG?background=FFFFFF&feature=COLOR:LTHR-01&feature=FINISH:Leg001-2&feature=CUSHIONS:CUSHION-2&feature=DEPTH:DEPTH-36&feature=CHAISE%20LENGTH:CHAISE-63&feature=CHAISE%20WIDTH:CHAISEWIDTH-35', 4095, 10, 'SLON.LEATHR.SECT.CSLEFT - LTHR-01 - Leg001-2'),
		(2, 36, 'https://content.cylindo.com/api/v2/4472/products/SLON.LEATHR.SECT.CSLEFT/frames/1/SLON.LEATHR.SECT.CSLEFT.JPG?background=FFFFFF&feature=COLOR:LTHR-01&feature=FINISH:Leg001-3&feature=CUSHIONS:CUSHION-2&feature=DEPTH:DEPTH-36&feature=CHAISE%20LENGTH:CHAISE-63&feature=CHAISE%20WIDTH:CHAISEWIDTH-35', 4095, 10, 'SLON.LEATHR.SECT.CSLEFT - LTHR-01 - Leg001-3'),
		(2, 37, 'https://content.cylindo.com/api/v2/4472/products/SLON.LEATHR.SECT.CSLEFT/frames/1/SLON.LEATHR.SECT.CSLEFT.JPG?background=FFFFFF&feature=COLOR:LTHR-01&feature=FINISH:Leg002-2&feature=CUSHIONS:CUSHION-2&feature=DEPTH:DEPTH-36&feature=CHAISE%20LENGTH:CHAISE-63&feature=CHAISE%20WIDTH:CHAISEWIDTH-35', 4095, 10, 'SLON.LEATHR.SECT.CSLEFT - LTHR-01 - Leg002-2'),
		(2, 38, 'https://content.cylindo.com/api/v2/4472/products/SLON.LEATHR.SECT.CSLEFT/frames/1/SLON.LEATHR.SECT.CSLEFT.JPG?background=FFFFFF&feature=COLOR:LTHR-01&feature=FINISH:Leg002-3&feature=CUSHIONS:CUSHION-2&feature=DEPTH:DEPTH-36&feature=CHAISE%20LENGTH:CHAISE-63&feature=CHAISE%20WIDTH:CHAISEWIDTH-35', 4095, 10, 'SLON.LEATHR.SECT.CSLEFT - LTHR-01 - Leg002-3'),
		(2, 39, 'https://content.cylindo.com/api/v2/4472/products/SLON.LEATHR.SECT.CSLEFT/frames/1/SLON.LEATHR.SECT.CSLEFT.JPG?background=FFFFFF&feature=COLOR:LTHR-01&feature=FINISH:Leg002-4&feature=CUSHIONS:CUSHION-2&feature=DEPTH:DEPTH-36&feature=CHAISE%20LENGTH:CHAISE-63&feature=CHAISE%20WIDTH:CHAISEWIDTH-35', 4095, 10, 'SLON.LEATHR.SECT.CSLEFT - LTHR-01 - Leg002-4'),
		(2, 40, 'https://content.cylindo.com/api/v2/4472/products/SLON.LEATHR.SECT.CSLEFT/frames/1/SLON.LEATHR.SECT.CSLEFT.JPG?background=FFFFFF&feature=COLOR:LTHR-01&feature=FINISH:Leg014-2&feature=CUSHIONS:CUSHION-2&feature=DEPTH:DEPTH-36&feature=CHAISE%20LENGTH:CHAISE-63&feature=CHAISE%20WIDTH:CHAISEWIDTH-35', 4095, 10, 'SLON.LEATHR.SECT.CSLEFT - LTHR-01 - Leg014-2'),
		(2, 41, 'https://content.cylindo.com/api/v2/4472/products/SLON.LEATHR.SECT.CSLEFT/frames/1/SLON.LEATHR.SECT.CSLEFT.JPG?background=FFFFFF&feature=COLOR:LTHR-03&feature=FINISH:Leg008-1&feature=CUSHIONS:CUSHION-2&feature=DEPTH:DEPTH-36&feature=CHAISE%20LENGTH:CHAISE-63&feature=CHAISE%20WIDTH:CHAISEWIDTH-35', 4095, 10, 'SLON.LEATHR.SECT.CSLEFT - LTHR-03 - Leg008-1'),
		(2, 42, 'https://content.cylindo.com/api/v2/4472/products/SLON.LEATHR.SECT.CSLEFT/frames/1/SLON.LEATHR.SECT.CSLEFT.JPG?background=FFFFFF&feature=COLOR:LTHR-03&feature=FINISH:Leg008-3&feature=CUSHIONS:CUSHION-2&feature=DEPTH:DEPTH-36&feature=CHAISE%20LENGTH:CHAISE-63&feature=CHAISE%20WIDTH:CHAISEWIDTH-35', 4095, 10, 'SLON.LEATHR.SECT.CSLEFT - LTHR-03 - Leg008-3'),
		(2, 43, 'https://content.cylindo.com/api/v2/4472/products/SLON.LEATHR.SECT.CSLEFT/frames/1/SLON.LEATHR.SECT.CSLEFT.JPG?background=FFFFFF&feature=COLOR:LTHR-03&feature=FINISH:Leg008-2&feature=CUSHIONS:CUSHION-2&feature=DEPTH:DEPTH-36&feature=CHAISE%20LENGTH:CHAISE-63&feature=CHAISE%20WIDTH:CHAISEWIDTH-35', 4095, 10, 'SLON.LEATHR.SECT.CSLEFT - LTHR-03 - Leg008-2'),
		(2, 44, 'https://content.cylindo.com/api/v2/4472/products/SLON.LEATHR.SECT.CSLEFT/frames/1/SLON.LEATHR.SECT.CSLEFT.JPG?background=FFFFFF&feature=COLOR:LTHR-03&feature=FINISH:Leg001-1&feature=CUSHIONS:CUSHION-2&feature=DEPTH:DEPTH-36&feature=CHAISE%20LENGTH:CHAISE-63&feature=CHAISE%20WIDTH:CHAISEWIDTH-35', 4095, 10, 'SLON.LEATHR.SECT.CSLEFT - LTHR-03 - Leg001-1'),
		(2, 45, 'https://content.cylindo.com/api/v2/4472/products/SLON.LEATHR.SECT.CSLEFT/frames/1/SLON.LEATHR.SECT.CSLEFT.JPG?background=FFFFFF&feature=COLOR:LTHR-03&feature=FINISH:Leg001-2&feature=CUSHIONS:CUSHION-2&feature=DEPTH:DEPTH-36&feature=CHAISE%20LENGTH:CHAISE-63&feature=CHAISE%20WIDTH:CHAISEWIDTH-35', 4095, 10, 'SLON.LEATHR.SECT.CSLEFT - LTHR-03 - Leg001-2'),
		(2, 46, 'https://content.cylindo.com/api/v2/4472/products/SLON.LEATHR.SECT.CSLEFT/frames/1/SLON.LEATHR.SECT.CSLEFT.JPG?background=FFFFFF&feature=COLOR:LTHR-03&feature=FINISH:Leg001-3&feature=CUSHIONS:CUSHION-2&feature=DEPTH:DEPTH-36&feature=CHAISE%20LENGTH:CHAISE-63&feature=CHAISE%20WIDTH:CHAISEWIDTH-35', 4095, 10, 'SLON.LEATHR.SECT.CSLEFT - LTHR-03 - Leg001-3'),
		(2, 47, 'https://content.cylindo.com/api/v2/4472/products/SLON.LEATHR.SECT.CSLEFT/frames/1/SLON.LEATHR.SECT.CSLEFT.JPG?background=FFFFFF&feature=COLOR:LTHR-03&feature=FINISH:Leg002-2&feature=CUSHIONS:CUSHION-2&feature=DEPTH:DEPTH-36&feature=CHAISE%20LENGTH:CHAISE-63&feature=CHAISE%20WIDTH:CHAISEWIDTH-35', 4095, 10, 'SLON.LEATHR.SECT.CSLEFT - LTHR-03 - Leg002-2'),
		(2, 48, 'https://content.cylindo.com/api/v2/4472/products/SLON.LEATHR.SECT.CSLEFT/frames/1/SLON.LEATHR.SECT.CSLEFT.JPG?background=FFFFFF&feature=COLOR:LTHR-03&feature=FINISH:Leg002-3&feature=CUSHIONS:CUSHION-2&feature=DEPTH:DEPTH-36&feature=CHAISE%20LENGTH:CHAISE-63&feature=CHAISE%20WIDTH:CHAISEWIDTH-35', 4095, 10, 'SLON.LEATHR.SECT.CSLEFT - LTHR-03 - Leg002-3'),
		(2, 49, 'https://content.cylindo.com/api/v2/4472/products/SLON.LEATHR.SECT.CSLEFT/frames/1/SLON.LEATHR.SECT.CSLEFT.JPG?background=FFFFFF&feature=COLOR:LTHR-03&feature=FINISH:Leg002-4&feature=CUSHIONS:CUSHION-2&feature=DEPTH:DEPTH-36&feature=CHAISE%20LENGTH:CHAISE-63&feature=CHAISE%20WIDTH:CHAISEWIDTH-35', 4095, 10, 'SLON.LEATHR.SECT.CSLEFT - LTHR-03 - Leg002-4'),
		(2, 50, 'https://content.cylindo.com/api/v2/4472/products/SLON.LEATHR.SECT.CSLEFT/frames/1/SLON.LEATHR.SECT.CSLEFT.JPG?background=FFFFFF&feature=COLOR:LTHR-03&feature=FINISH:Leg014-2&feature=CUSHIONS:CUSHION-2&feature=DEPTH:DEPTH-36&feature=CHAISE%20LENGTH:CHAISE-63&feature=CHAISE%20WIDTH:CHAISEWIDTH-35', 4095, 10, 'SLON.LEATHR.SECT.CSLEFT - LTHR-03 - Leg014-2'),
		(2, 51, 'https://content.cylindo.com/api/v2/4472/products/SLON.LEATHR.SECT.CSLEFT/frames/1/SLON.LEATHR.SECT.CSLEFT.JPG?background=FFFFFF&feature=COLOR:LTHR-05&feature=FINISH:Leg008-1&feature=CUSHIONS:CUSHION-2&feature=DEPTH:DEPTH-36&feature=CHAISE%20LENGTH:CHAISE-63&feature=CHAISE%20WIDTH:CHAISEWIDTH-35', 4095, 10, 'SLON.LEATHR.SECT.CSLEFT - LTHR-05 - Leg008-1'),
		(2, 52, 'https://content.cylindo.com/api/v2/4472/products/SLON.LEATHR.SECT.CSLEFT/frames/1/SLON.LEATHR.SECT.CSLEFT.JPG?background=FFFFFF&feature=COLOR:LTHR-05&feature=FINISH:Leg008-3&feature=CUSHIONS:CUSHION-2&feature=DEPTH:DEPTH-36&feature=CHAISE%20LENGTH:CHAISE-63&feature=CHAISE%20WIDTH:CHAISEWIDTH-35', 4095, 10, 'SLON.LEATHR.SECT.CSLEFT - LTHR-05 - Leg008-3'),
		(2, 53, 'https://content.cylindo.com/api/v2/4472/products/SLON.LEATHR.SECT.CSLEFT/frames/1/SLON.LEATHR.SECT.CSLEFT.JPG?background=FFFFFF&feature=COLOR:LTHR-05&feature=FINISH:Leg008-2&feature=CUSHIONS:CUSHION-2&feature=DEPTH:DEPTH-36&feature=CHAISE%20LENGTH:CHAISE-63&feature=CHAISE%20WIDTH:CHAISEWIDTH-35', 4095, 10, 'SLON.LEATHR.SECT.CSLEFT - LTHR-05 - Leg008-2'),
		(2, 54, 'https://content.cylindo.com/api/v2/4472/products/SLON.LEATHR.SECT.CSLEFT/frames/1/SLON.LEATHR.SECT.CSLEFT.JPG?background=FFFFFF&feature=COLOR:LTHR-05&feature=FINISH:Leg001-1&feature=CUSHIONS:CUSHION-2&feature=DEPTH:DEPTH-36&feature=CHAISE%20LENGTH:CHAISE-63&feature=CHAISE%20WIDTH:CHAISEWIDTH-35', 4095, 10, 'SLON.LEATHR.SECT.CSLEFT - LTHR-05 - Leg001-1'),
		(2, 55, 'https://content.cylindo.com/api/v2/4472/products/SLON.LEATHR.SECT.CSLEFT/frames/1/SLON.LEATHR.SECT.CSLEFT.JPG?background=FFFFFF&feature=COLOR:LTHR-05&feature=FINISH:Leg001-2&feature=CUSHIONS:CUSHION-2&feature=DEPTH:DEPTH-36&feature=CHAISE%20LENGTH:CHAISE-63&feature=CHAISE%20WIDTH:CHAISEWIDTH-35', 4095, 10, 'SLON.LEATHR.SECT.CSLEFT - LTHR-05 - Leg001-2'),
		(2, 56, 'https://content.cylindo.com/api/v2/4472/products/SLON.LEATHR.SECT.CSLEFT/frames/1/SLON.LEATHR.SECT.CSLEFT.JPG?background=FFFFFF&feature=COLOR:LTHR-05&feature=FINISH:Leg001-3&feature=CUSHIONS:CUSHION-2&feature=DEPTH:DEPTH-36&feature=CHAISE%20LENGTH:CHAISE-63&feature=CHAISE%20WIDTH:CHAISEWIDTH-35', 4095, 10, 'SLON.LEATHR.SECT.CSLEFT - LTHR-05 - Leg001-3'),
		(2, 57, 'https://content.cylindo.com/api/v2/4472/products/SLON.LEATHR.SECT.CSLEFT/frames/1/SLON.LEATHR.SECT.CSLEFT.JPG?background=FFFFFF&feature=COLOR:LTHR-05&feature=FINISH:Leg002-2&feature=CUSHIONS:CUSHION-2&feature=DEPTH:DEPTH-36&feature=CHAISE%20LENGTH:CHAISE-63&feature=CHAISE%20WIDTH:CHAISEWIDTH-35', 4095, 10, 'SLON.LEATHR.SECT.CSLEFT - LTHR-05 - Leg002-2'),
		(2, 58, 'https://content.cylindo.com/api/v2/4472/products/SLON.LEATHR.SECT.CSLEFT/frames/1/SLON.LEATHR.SECT.CSLEFT.JPG?background=FFFFFF&feature=COLOR:LTHR-05&feature=FINISH:Leg002-3&feature=CUSHIONS:CUSHION-2&feature=DEPTH:DEPTH-36&feature=CHAISE%20LENGTH:CHAISE-63&feature=CHAISE%20WIDTH:CHAISEWIDTH-35', 4095, 10, 'SLON.LEATHR.SECT.CSLEFT - LTHR-05 - Leg002-3'),
		(2, 59, 'https://content.cylindo.com/api/v2/4472/products/SLON.LEATHR.SECT.CSLEFT/frames/1/SLON.LEATHR.SECT.CSLEFT.JPG?background=FFFFFF&feature=COLOR:LTHR-05&feature=FINISH:Leg002-4&feature=CUSHIONS:CUSHION-2&feature=DEPTH:DEPTH-36&feature=CHAISE%20LENGTH:CHAISE-63&feature=CHAISE%20WIDTH:CHAISEWIDTH-35', 4095, 10, 'SLON.LEATHR.SECT.CSLEFT - LTHR-05 - Leg002-4'),
		(2, 60, 'https://content.cylindo.com/api/v2/4472/products/SLON.LEATHR.SECT.CSLEFT/frames/1/SLON.LEATHR.SECT.CSLEFT.JPG?background=FFFFFF&feature=COLOR:LTHR-05&feature=FINISH:Leg014-2&feature=CUSHIONS:CUSHION-2&feature=DEPTH:DEPTH-36&feature=CHAISE%20LENGTH:CHAISE-63&feature=CHAISE%20WIDTH:CHAISEWIDTH-35', 4095, 10, 'SLON.LEATHR.SECT.CSLEFT - LTHR-05 - Leg014-2'),
		(2, 61, 'https://content.cylindo.com/api/v2/4472/products/SLON.LEATHR.SECT.CSLEFT/frames/1/SLON.LEATHR.SECT.CSLEFT.JPG?background=FFFFFF&feature=COLOR:LTHR-04&feature=FINISH:Leg008-1&feature=CUSHIONS:CUSHION-2&feature=DEPTH:DEPTH-36&feature=CHAISE%20LENGTH:CHAISE-63&feature=CHAISE%20WIDTH:CHAISEWIDTH-35', 4095, 10, 'SLON.LEATHR.SECT.CSLEFT - LTHR-04 - Leg008-1'),
		(2, 62, 'https://content.cylindo.com/api/v2/4472/products/SLON.LEATHR.SECT.CSLEFT/frames/1/SLON.LEATHR.SECT.CSLEFT.JPG?background=FFFFFF&feature=COLOR:LTHR-04&feature=FINISH:Leg008-3&feature=CUSHIONS:CUSHION-2&feature=DEPTH:DEPTH-36&feature=CHAISE%20LENGTH:CHAISE-63&feature=CHAISE%20WIDTH:CHAISEWIDTH-35', 4095, 10, 'SLON.LEATHR.SECT.CSLEFT - LTHR-04 - Leg008-3'),
		(2, 63, 'https://content.cylindo.com/api/v2/4472/products/SLON.LEATHR.SECT.CSLEFT/frames/1/SLON.LEATHR.SECT.CSLEFT.JPG?background=FFFFFF&feature=COLOR:LTHR-04&feature=FINISH:Leg008-2&feature=CUSHIONS:CUSHION-2&feature=DEPTH:DEPTH-36&feature=CHAISE%20LENGTH:CHAISE-63&feature=CHAISE%20WIDTH:CHAISEWIDTH-35', 4095, 10, 'SLON.LEATHR.SECT.CSLEFT - LTHR-04 - Leg008-2'),
		(2, 64, 'https://content.cylindo.com/api/v2/4472/products/SLON.LEATHR.SECT.CSLEFT/frames/1/SLON.LEATHR.SECT.CSLEFT.JPG?background=FFFFFF&feature=COLOR:LTHR-04&feature=FINISH:Leg001-1&feature=CUSHIONS:CUSHION-2&feature=DEPTH:DEPTH-36&feature=CHAISE%20LENGTH:CHAISE-63&feature=CHAISE%20WIDTH:CHAISEWIDTH-35', 4095, 10, 'SLON.LEATHR.SECT.CSLEFT - LTHR-04 - Leg001-1'),
		(2, 65, 'https://content.cylindo.com/api/v2/4472/products/SLON.LEATHR.SECT.CSLEFT/frames/1/SLON.LEATHR.SECT.CSLEFT.JPG?background=FFFFFF&feature=COLOR:LTHR-04&feature=FINISH:Leg001-2&feature=CUSHIONS:CUSHION-2&feature=DEPTH:DEPTH-36&feature=CHAISE%20LENGTH:CHAISE-63&feature=CHAISE%20WIDTH:CHAISEWIDTH-35', 4095, 10, 'SLON.LEATHR.SECT.CSLEFT - LTHR-04 - Leg001-2'),
		(2, 66, 'https://content.cylindo.com/api/v2/4472/products/SLON.LEATHR.SECT.CSLEFT/frames/1/SLON.LEATHR.SECT.CSLEFT.JPG?background=FFFFFF&feature=COLOR:LTHR-04&feature=FINISH:Leg001-3&feature=CUSHIONS:CUSHION-2&feature=DEPTH:DEPTH-36&feature=CHAISE%20LENGTH:CHAISE-63&feature=CHAISE%20WIDTH:CHAISEWIDTH-35', 4095, 10, 'SLON.LEATHR.SECT.CSLEFT - LTHR-04 - Leg001-3'),
		(2, 67, 'https://content.cylindo.com/api/v2/4472/products/SLON.LEATHR.SECT.CSLEFT/frames/1/SLON.LEATHR.SECT.CSLEFT.JPG?background=FFFFFF&feature=COLOR:LTHR-04&feature=FINISH:Leg002-2&feature=CUSHIONS:CUSHION-2&feature=DEPTH:DEPTH-36&feature=CHAISE%20LENGTH:CHAISE-63&feature=CHAISE%20WIDTH:CHAISEWIDTH-35', 4095, 10, 'SLON.LEATHR.SECT.CSLEFT - LTHR-04 - Leg002-2'),
		(2, 68, 'https://content.cylindo.com/api/v2/4472/products/SLON.LEATHR.SECT.CSLEFT/frames/1/SLON.LEATHR.SECT.CSLEFT.JPG?background=FFFFFF&feature=COLOR:LTHR-04&feature=FINISH:Leg002-3&feature=CUSHIONS:CUSHION-2&feature=DEPTH:DEPTH-36&feature=CHAISE%20LENGTH:CHAISE-63&feature=CHAISE%20WIDTH:CHAISEWIDTH-35', 4095, 10, 'SLON.LEATHR.SECT.CSLEFT - LTHR-04 - Leg002-3'),
		(2, 69, 'https://content.cylindo.com/api/v2/4472/products/SLON.LEATHR.SECT.CSLEFT/frames/1/SLON.LEATHR.SECT.CSLEFT.JPG?background=FFFFFF&feature=COLOR:LTHR-04&feature=FINISH:Leg002-4&feature=CUSHIONS:CUSHION-2&feature=DEPTH:DEPTH-36&feature=CHAISE%20LENGTH:CHAISE-63&feature=CHAISE%20WIDTH:CHAISEWIDTH-35', 4095, 10, 'SLON.LEATHR.SECT.CSLEFT - LTHR-04 - Leg002-4'),
		(2, 70, 'https://content.cylindo.com/api/v2/4472/products/SLON.LEATHR.SECT.CSLEFT/frames/1/SLON.LEATHR.SECT.CSLEFT.JPG?background=FFFFFF&feature=COLOR:LTHR-04&feature=FINISH:Leg014-2&feature=CUSHIONS:CUSHION-2&feature=DEPTH:DEPTH-36&feature=CHAISE%20LENGTH:CHAISE-63&feature=CHAISE%20WIDTH:CHAISEWIDTH-35', 4095, 10, 'SLON.LEATHR.SECT.CSLEFT - LTHR-04 - Leg014-2'),
		(2, 71, 'https://content.cylindo.com/api/v2/4472/products/SLON.LEATHR.SECT.CSLEFT/frames/1/SLON.LEATHR.SECT.CSLEFT.JPG?background=FFFFFF&feature=COLOR:LTHR-06&feature=FINISH:Leg008-1&feature=CUSHIONS:CUSHION-2&feature=DEPTH:DEPTH-36&feature=CHAISE%20LENGTH:CHAISE-63&feature=CHAISE%20WIDTH:CHAISEWIDTH-35', 4095, 10, 'SLON.LEATHR.SECT.CSLEFT - LTHR-06 - Leg008-1'),
		(2, 72, 'https://content.cylindo.com/api/v2/4472/products/SLON.LEATHR.SECT.CSLEFT/frames/1/SLON.LEATHR.SECT.CSLEFT.JPG?background=FFFFFF&feature=COLOR:LTHR-06&feature=FINISH:Leg008-3&feature=CUSHIONS:CUSHION-2&feature=DEPTH:DEPTH-36&feature=CHAISE%20LENGTH:CHAISE-63&feature=CHAISE%20WIDTH:CHAISEWIDTH-35', 4095, 10, 'SLON.LEATHR.SECT.CSLEFT - LTHR-06 - Leg008-3'),
		(2, 73, 'https://content.cylindo.com/api/v2/4472/products/SLON.LEATHR.SECT.CSLEFT/frames/1/SLON.LEATHR.SECT.CSLEFT.JPG?background=FFFFFF&feature=COLOR:LTHR-06&feature=FINISH:Leg008-2&feature=CUSHIONS:CUSHION-2&feature=DEPTH:DEPTH-36&feature=CHAISE%20LENGTH:CHAISE-63&feature=CHAISE%20WIDTH:CHAISEWIDTH-35', 4095, 10, 'SLON.LEATHR.SECT.CSLEFT - LTHR-06 - Leg008-2'),
		(2, 74, 'https://content.cylindo.com/api/v2/4472/products/SLON.LEATHR.SECT.CSLEFT/frames/1/SLON.LEATHR.SECT.CSLEFT.JPG?background=FFFFFF&feature=COLOR:LTHR-06&feature=FINISH:Leg001-1&feature=CUSHIONS:CUSHION-2&feature=DEPTH:DEPTH-36&feature=CHAISE%20LENGTH:CHAISE-63&feature=CHAISE%20WIDTH:CHAISEWIDTH-35', 4095, 10, 'SLON.LEATHR.SECT.CSLEFT - LTHR-06 - Leg001-1'),
		(2, 75, 'https://content.cylindo.com/api/v2/4472/products/SLON.LEATHR.SECT.CSLEFT/frames/1/SLON.LEATHR.SECT.CSLEFT.JPG?background=FFFFFF&feature=COLOR:LTHR-06&feature=FINISH:Leg001-2&feature=CUSHIONS:CUSHION-2&feature=DEPTH:DEPTH-36&feature=CHAISE%20LENGTH:CHAISE-63&feature=CHAISE%20WIDTH:CHAISEWIDTH-35', 4095, 10, 'SLON.LEATHR.SECT.CSLEFT - LTHR-06 - Leg001-2'),
		(2, 76, 'https://content.cylindo.com/api/v2/4472/products/SLON.LEATHR.SECT.CSLEFT/frames/1/SLON.LEATHR.SECT.CSLEFT.JPG?background=FFFFFF&feature=COLOR:LTHR-06&feature=FINISH:Leg001-3&feature=CUSHIONS:CUSHION-2&feature=DEPTH:DEPTH-36&feature=CHAISE%20LENGTH:CHAISE-63&feature=CHAISE%20WIDTH:CHAISEWIDTH-35', 4095, 10, 'SLON.LEATHR.SECT.CSLEFT - LTHR-06 - Leg001-3'),
		(2, 77, 'https://content.cylindo.com/api/v2/4472/products/SLON.LEATHR.SECT.CSLEFT/frames/1/SLON.LEATHR.SECT.CSLEFT.JPG?background=FFFFFF&feature=COLOR:LTHR-06&feature=FINISH:Leg002-2&feature=CUSHIONS:CUSHION-2&feature=DEPTH:DEPTH-36&feature=CHAISE%20LENGTH:CHAISE-63&feature=CHAISE%20WIDTH:CHAISEWIDTH-35', 4095, 10, 'SLON.LEATHR.SECT.CSLEFT - LTHR-06 - Leg002-2'),
		(2, 78, 'https://content.cylindo.com/api/v2/4472/products/SLON.LEATHR.SECT.CSLEFT/frames/1/SLON.LEATHR.SECT.CSLEFT.JPG?background=FFFFFF&feature=COLOR:LTHR-06&feature=FINISH:Leg002-3&feature=CUSHIONS:CUSHION-2&feature=DEPTH:DEPTH-36&feature=CHAISE%20LENGTH:CHAISE-63&feature=CHAISE%20WIDTH:CHAISEWIDTH-35', 4095, 10, 'SLON.LEATHR.SECT.CSLEFT - LTHR-06 - Leg002-3'),
		(2, 79, 'https://content.cylindo.com/api/v2/4472/products/SLON.LEATHR.SECT.CSLEFT/frames/1/SLON.LEATHR.SECT.CSLEFT.JPG?background=FFFFFF&feature=COLOR:LTHR-06&feature=FINISH:Leg002-4&feature=CUSHIONS:CUSHION-2&feature=DEPTH:DEPTH-36&feature=CHAISE%20LENGTH:CHAISE-63&feature=CHAISE%20WIDTH:CHAISEWIDTH-35', 4095, 10, 'SLON.LEATHR.SECT.CSLEFT - LTHR-06 - Leg002-4'),
		(2, 80, 'https://content.cylindo.com/api/v2/4472/products/SLON.LEATHR.SECT.CSLEFT/frames/1/SLON.LEATHR.SECT.CSLEFT.JPG?background=FFFFFF&feature=COLOR:LTHR-06&feature=FINISH:Leg014-2&feature=CUSHIONS:CUSHION-2&feature=DEPTH:DEPTH-36&feature=CHAISE%20LENGTH:CHAISE-63&feature=CHAISE%20WIDTH:CHAISEWIDTH-35', 4095, 10, 'SLON.LEATHR.SECT.CSLEFT - LTHR-06 - Leg014-2'),
		(3, 1, 'https://content.cylindo.com/api/v2/4472/products/SLON.FABRIC.SECT.CSRGHT/frames/1/SLON.FABRIC.SECT.CSRGHT.JPG?background=FFFFFF&feature=COLOR:BI-132&feature=FINISH:Leg001-1&feature=CUSHIONS:CUSHION-2&feature=DEPTH:DEPTH-36&feature=CHAISE%20LENGTH:CHAISE-63&feature=CHAISE%20WIDTH:CHAISEWIDTH-35', 2045, 10, 'SLON.FABRIC.SECT.CSRGHT - BI-132 - Leg001-1'),
		(3, 2, 'https://content.cylindo.com/api/v2/4472/products/SLON.FABRIC.SECT.CSRGHT/frames/1/SLON.FABRIC.SECT.CSRGHT.JPG?background=FFFFFF&feature=COLOR:BI-132&feature=FINISH:Leg001-2&feature=CUSHIONS:CUSHION-2&feature=DEPTH:DEPTH-36&feature=CHAISE%20LENGTH:CHAISE-63&feature=CHAISE%20WIDTH:CHAISEWIDTH-35', 2045, 10, 'SLON.FABRIC.SECT.CSRGHT - BI-132 - Leg001-2'),
		(3, 3, 'https://content.cylindo.com/api/v2/4472/products/SLON.FABRIC.SECT.CSRGHT/frames/1/SLON.FABRIC.SECT.CSRGHT.JPG?background=FFFFFF&feature=COLOR:BI-132&feature=FINISH:Leg001-3&feature=CUSHIONS:CUSHION-2&feature=DEPTH:DEPTH-36&feature=CHAISE%20LENGTH:CHAISE-63&feature=CHAISE%20WIDTH:CHAISEWIDTH-35', 2045, 10, 'SLON.FABRIC.SECT.CSRGHT - BI-132 - Leg001-3'),
		(3, 4, 'https://content.cylindo.com/api/v2/4472/products/SLON.FABRIC.SECT.CSRGHT/frames/1/SLON.FABRIC.SECT.CSRGHT.JPG?background=FFFFFF&feature=COLOR:BI-132&feature=FINISH:Leg008-1&feature=CUSHIONS:CUSHION-2&feature=DEPTH:DEPTH-36&feature=CHAISE%20LENGTH:CHAISE-63&feature=CHAISE%20WIDTH:CHAISEWIDTH-35', 2045, 10, 'SLON.FABRIC.SECT.CSRGHT - BI-132 - Leg008-1'),
		(3, 5, 'https://content.cylindo.com/api/v2/4472/products/SLON.FABRIC.SECT.CSRGHT/frames/1/SLON.FABRIC.SECT.CSRGHT.JPG?background=FFFFFF&feature=COLOR:BI-132&feature=FINISH:Leg008-3&feature=CUSHIONS:CUSHION-2&feature=DEPTH:DEPTH-36&feature=CHAISE%20LENGTH:CHAISE-63&feature=CHAISE%20WIDTH:CHAISEWIDTH-35', 2045, 10, 'SLON.FABRIC.SECT.CSRGHT - BI-132 - Leg008-3'),
		(3, 6, 'https://content.cylindo.com/api/v2/4472/products/SLON.FABRIC.SECT.CSRGHT/frames/1/SLON.FABRIC.SECT.CSRGHT.JPG?background=FFFFFF&feature=COLOR:BI-132&feature=FINISH:Leg008-2&feature=CUSHIONS:CUSHION-2&feature=DEPTH:DEPTH-36&feature=CHAISE%20LENGTH:CHAISE-63&feature=CHAISE%20WIDTH:CHAISEWIDTH-35', 2045, 10, 'SLON.FABRIC.SECT.CSRGHT - BI-132 - Leg008-2'),
		(3, 7, 'https://content.cylindo.com/api/v2/4472/products/SLON.FABRIC.SECT.CSRGHT/frames/1/SLON.FABRIC.SECT.CSRGHT.JPG?background=FFFFFF&feature=COLOR:BI-132&feature=FINISH:Leg002-2&feature=CUSHIONS:CUSHION-2&feature=DEPTH:DEPTH-36&feature=CHAISE%20LENGTH:CHAISE-63&feature=CHAISE%20WIDTH:CHAISEWIDTH-35', 2045, 10, 'SLON.FABRIC.SECT.CSRGHT - BI-132 - Leg002-2'),
		(3, 8, 'https://content.cylindo.com/api/v2/4472/products/SLON.FABRIC.SECT.CSRGHT/frames/1/SLON.FABRIC.SECT.CSRGHT.JPG?background=FFFFFF&feature=COLOR:BI-132&feature=FINISH:Leg002-3&feature=CUSHIONS:CUSHION-2&feature=DEPTH:DEPTH-36&feature=CHAISE%20LENGTH:CHAISE-63&feature=CHAISE%20WIDTH:CHAISEWIDTH-35', 2045, 10, 'SLON.FABRIC.SECT.CSRGHT - BI-132 - Leg002-3'),
		(3, 9, 'https://content.cylindo.com/api/v2/4472/products/SLON.FABRIC.SECT.CSRGHT/frames/1/SLON.FABRIC.SECT.CSRGHT.JPG?background=FFFFFF&feature=COLOR:BI-132&feature=FINISH:Leg002-4&feature=CUSHIONS:CUSHION-2&feature=DEPTH:DEPTH-36&feature=CHAISE%20LENGTH:CHAISE-63&feature=CHAISE%20WIDTH:CHAISEWIDTH-35', 2045, 10, 'SLON.FABRIC.SECT.CSRGHT - BI-132 - Leg002-4'),
		(3, 10, 'https://content.cylindo.com/api/v2/4472/products/SLON.FABRIC.SECT.CSRGHT/frames/1/SLON.FABRIC.SECT.CSRGHT.JPG?background=FFFFFF&feature=COLOR:BI-132&feature=FINISH:Leg014-2&feature=CUSHIONS:CUSHION-2&feature=DEPTH:DEPTH-36&feature=CHAISE%20LENGTH:CHAISE-63&feature=CHAISE%20WIDTH:CHAISEWIDTH-35', 2045, 10, 'SLON.FABRIC.SECT.CSRGHT - BI-132 - Leg014-2'),
		(3, 11, 'https://content.cylindo.com/api/v2/4472/products/SLON.FABRIC.SECT.CSRGHT/frames/1/SLON.FABRIC.SECT.CSRGHT.JPG?background=FFFFFF&feature=COLOR:BI-134&feature=FINISH:Leg001-1&feature=CUSHIONS:CUSHION-2&feature=DEPTH:DEPTH-36&feature=CHAISE%20LENGTH:CHAISE-63&feature=CHAISE%20WIDTH:CHAISEWIDTH-35', 2045, 10, 'SLON.FABRIC.SECT.CSRGHT - BI-134 - Leg001-1'),
		(3, 12, 'https://content.cylindo.com/api/v2/4472/products/SLON.FABRIC.SECT.CSRGHT/frames/1/SLON.FABRIC.SECT.CSRGHT.JPG?background=FFFFFF&feature=COLOR:BI-134&feature=FINISH:Leg001-2&feature=CUSHIONS:CUSHION-2&feature=DEPTH:DEPTH-36&feature=CHAISE%20LENGTH:CHAISE-63&feature=CHAISE%20WIDTH:CHAISEWIDTH-35', 2045, 10, 'SLON.FABRIC.SECT.CSRGHT - BI-134 - Leg001-2'),
		(3, 13, 'https://content.cylindo.com/api/v2/4472/products/SLON.FABRIC.SECT.CSRGHT/frames/1/SLON.FABRIC.SECT.CSRGHT.JPG?background=FFFFFF&feature=COLOR:BI-134&feature=FINISH:Leg001-3&feature=CUSHIONS:CUSHION-2&feature=DEPTH:DEPTH-36&feature=CHAISE%20LENGTH:CHAISE-63&feature=CHAISE%20WIDTH:CHAISEWIDTH-35', 2045, 10, 'SLON.FABRIC.SECT.CSRGHT - BI-134 - Leg001-3'),
		(3, 14, 'https://content.cylindo.com/api/v2/4472/products/SLON.FABRIC.SECT.CSRGHT/frames/1/SLON.FABRIC.SECT.CSRGHT.JPG?background=FFFFFF&feature=COLOR:BI-134&feature=FINISH:Leg008-1&feature=CUSHIONS:CUSHION-2&feature=DEPTH:DEPTH-36&feature=CHAISE%20LENGTH:CHAISE-63&feature=CHAISE%20WIDTH:CHAISEWIDTH-35', 2045, 10, 'SLON.FABRIC.SECT.CSRGHT - BI-134 - Leg008-1'),
		(3, 15, 'https://content.cylindo.com/api/v2/4472/products/SLON.FABRIC.SECT.CSRGHT/frames/1/SLON.FABRIC.SECT.CSRGHT.JPG?background=FFFFFF&feature=COLOR:BI-134&feature=FINISH:Leg008-3&feature=CUSHIONS:CUSHION-2&feature=DEPTH:DEPTH-36&feature=CHAISE%20LENGTH:CHAISE-63&feature=CHAISE%20WIDTH:CHAISEWIDTH-35', 2045, 10, 'SLON.FABRIC.SECT.CSRGHT - BI-134 - Leg008-3'),
		(3, 16, 'https://content.cylindo.com/api/v2/4472/products/SLON.FABRIC.SECT.CSRGHT/frames/1/SLON.FABRIC.SECT.CSRGHT.JPG?background=FFFFFF&feature=COLOR:BI-134&feature=FINISH:Leg008-2&feature=CUSHIONS:CUSHION-2&feature=DEPTH:DEPTH-36&feature=CHAISE%20LENGTH:CHAISE-63&feature=CHAISE%20WIDTH:CHAISEWIDTH-35', 2045, 10, 'SLON.FABRIC.SECT.CSRGHT - BI-134 - Leg008-2'),
		(3, 17, 'https://content.cylindo.com/api/v2/4472/products/SLON.FABRIC.SECT.CSRGHT/frames/1/SLON.FABRIC.SECT.CSRGHT.JPG?background=FFFFFF&feature=COLOR:BI-134&feature=FINISH:Leg002-2&feature=CUSHIONS:CUSHION-2&feature=DEPTH:DEPTH-36&feature=CHAISE%20LENGTH:CHAISE-63&feature=CHAISE%20WIDTH:CHAISEWIDTH-35', 2045, 10, 'SLON.FABRIC.SECT.CSRGHT - BI-134 - Leg002-2'),
		(3, 18, 'https://content.cylindo.com/api/v2/4472/products/SLON.FABRIC.SECT.CSRGHT/frames/1/SLON.FABRIC.SECT.CSRGHT.JPG?background=FFFFFF&feature=COLOR:BI-134&feature=FINISH:Leg002-3&feature=CUSHIONS:CUSHION-2&feature=DEPTH:DEPTH-36&feature=CHAISE%20LENGTH:CHAISE-63&feature=CHAISE%20WIDTH:CHAISEWIDTH-35', 2045, 10, 'SLON.FABRIC.SECT.CSRGHT - BI-134 - Leg002-3'),
		(3, 19, 'https://content.cylindo.com/api/v2/4472/products/SLON.FABRIC.SECT.CSRGHT/frames/1/SLON.FABRIC.SECT.CSRGHT.JPG?background=FFFFFF&feature=COLOR:BI-134&feature=FINISH:Leg002-4&feature=CUSHIONS:CUSHION-2&feature=DEPTH:DEPTH-36&feature=CHAISE%20LENGTH:CHAISE-63&feature=CHAISE%20WIDTH:CHAISEWIDTH-35', 2045, 10, 'SLON.FABRIC.SECT.CSRGHT - BI-134 - Leg002-4'),
		(3, 20, 'https://content.cylindo.com/api/v2/4472/products/SLON.FABRIC.SECT.CSRGHT/frames/1/SLON.FABRIC.SECT.CSRGHT.JPG?background=FFFFFF&feature=COLOR:BI-134&feature=FINISH:Leg014-2&feature=CUSHIONS:CUSHION-2&feature=DEPTH:DEPTH-36&feature=CHAISE%20LENGTH:CHAISE-63&feature=CHAISE%20WIDTH:CHAISEWIDTH-35', 2045, 10, 'SLON.FABRIC.SECT.CSRGHT - BI-134 - Leg014-2'),
		(3, 21, 'https://content.cylindo.com/api/v2/4472/products/SLON.FABRIC.SECT.CSRGHT/frames/1/SLON.FABRIC.SECT.CSRGHT.JPG?background=FFFFFF&feature=COLOR:BI-133&feature=FINISH:Leg001-1&feature=CUSHIONS:CUSHION-2&feature=DEPTH:DEPTH-36&feature=CHAISE%20LENGTH:CHAISE-63&feature=CHAISE%20WIDTH:CHAISEWIDTH-35', 2045, 10, 'SLON.FABRIC.SECT.CSRGHT - BI-133 - Leg001-1'),
		(3, 22, 'https://content.cylindo.com/api/v2/4472/products/SLON.FABRIC.SECT.CSRGHT/frames/1/SLON.FABRIC.SECT.CSRGHT.JPG?background=FFFFFF&feature=COLOR:BI-133&feature=FINISH:Leg001-2&feature=CUSHIONS:CUSHION-2&feature=DEPTH:DEPTH-36&feature=CHAISE%20LENGTH:CHAISE-63&feature=CHAISE%20WIDTH:CHAISEWIDTH-35', 2045, 10, 'SLON.FABRIC.SECT.CSRGHT - BI-133 - Leg001-2'),
		(3, 23, 'https://content.cylindo.com/api/v2/4472/products/SLON.FABRIC.SECT.CSRGHT/frames/1/SLON.FABRIC.SECT.CSRGHT.JPG?background=FFFFFF&feature=COLOR:BI-133&feature=FINISH:Leg001-3&feature=CUSHIONS:CUSHION-2&feature=DEPTH:DEPTH-36&feature=CHAISE%20LENGTH:CHAISE-63&feature=CHAISE%20WIDTH:CHAISEWIDTH-35', 2045, 10, 'SLON.FABRIC.SECT.CSRGHT - BI-133 - Leg001-3'),
		(3, 24, 'https://content.cylindo.com/api/v2/4472/products/SLON.FABRIC.SECT.CSRGHT/frames/1/SLON.FABRIC.SECT.CSRGHT.JPG?background=FFFFFF&feature=COLOR:BI-133&feature=FINISH:Leg008-1&feature=CUSHIONS:CUSHION-2&feature=DEPTH:DEPTH-36&feature=CHAISE%20LENGTH:CHAISE-63&feature=CHAISE%20WIDTH:CHAISEWIDTH-35', 2045, 10, 'SLON.FABRIC.SECT.CSRGHT - BI-133 - Leg008-1'),
		(3, 25, 'https://content.cylindo.com/api/v2/4472/products/SLON.FABRIC.SECT.CSRGHT/frames/1/SLON.FABRIC.SECT.CSRGHT.JPG?background=FFFFFF&feature=COLOR:BI-133&feature=FINISH:Leg008-3&feature=CUSHIONS:CUSHION-2&feature=DEPTH:DEPTH-36&feature=CHAISE%20LENGTH:CHAISE-63&feature=CHAISE%20WIDTH:CHAISEWIDTH-35', 2045, 10, 'SLON.FABRIC.SECT.CSRGHT - BI-133 - Leg008-3'),
		(3, 26, 'https://content.cylindo.com/api/v2/4472/products/SLON.FABRIC.SECT.CSRGHT/frames/1/SLON.FABRIC.SECT.CSRGHT.JPG?background=FFFFFF&feature=COLOR:BI-133&feature=FINISH:Leg008-2&feature=CUSHIONS:CUSHION-2&feature=DEPTH:DEPTH-36&feature=CHAISE%20LENGTH:CHAISE-63&feature=CHAISE%20WIDTH:CHAISEWIDTH-35', 2045, 10, 'SLON.FABRIC.SECT.CSRGHT - BI-133 - Leg008-2'),
		(3, 27, 'https://content.cylindo.com/api/v2/4472/products/SLON.FABRIC.SECT.CSRGHT/frames/1/SLON.FABRIC.SECT.CSRGHT.JPG?background=FFFFFF&feature=COLOR:BI-133&feature=FINISH:Leg002-2&feature=CUSHIONS:CUSHION-2&feature=DEPTH:DEPTH-36&feature=CHAISE%20LENGTH:CHAISE-63&feature=CHAISE%20WIDTH:CHAISEWIDTH-35', 2045, 10, 'SLON.FABRIC.SECT.CSRGHT - BI-133 - Leg002-2'),
		(3, 28, 'https://content.cylindo.com/api/v2/4472/products/SLON.FABRIC.SECT.CSRGHT/frames/1/SLON.FABRIC.SECT.CSRGHT.JPG?background=FFFFFF&feature=COLOR:BI-133&feature=FINISH:Leg002-3&feature=CUSHIONS:CUSHION-2&feature=DEPTH:DEPTH-36&feature=CHAISE%20LENGTH:CHAISE-63&feature=CHAISE%20WIDTH:CHAISEWIDTH-35', 2045, 10, 'SLON.FABRIC.SECT.CSRGHT - BI-133 - Leg002-3'),
		(3, 29, 'https://content.cylindo.com/api/v2/4472/products/SLON.FABRIC.SECT.CSRGHT/frames/1/SLON.FABRIC.SECT.CSRGHT.JPG?background=FFFFFF&feature=COLOR:BI-133&feature=FINISH:Leg002-4&feature=CUSHIONS:CUSHION-2&feature=DEPTH:DEPTH-36&feature=CHAISE%20LENGTH:CHAISE-63&feature=CHAISE%20WIDTH:CHAISEWIDTH-35', 2045, 10, 'SLON.FABRIC.SECT.CSRGHT - BI-133 - Leg002-4'),
		(3, 30, 'https://content.cylindo.com/api/v2/4472/products/SLON.FABRIC.SECT.CSRGHT/frames/1/SLON.FABRIC.SECT.CSRGHT.JPG?background=FFFFFF&feature=COLOR:BI-133&feature=FINISH:Leg014-2&feature=CUSHIONS:CUSHION-2&feature=DEPTH:DEPTH-36&feature=CHAISE%20LENGTH:CHAISE-63&feature=CHAISE%20WIDTH:CHAISEWIDTH-35', 2045, 10, 'SLON.FABRIC.SECT.CSRGHT - BI-133 - Leg014-2'),
		(3, 31, 'https://content.cylindo.com/api/v2/4472/products/SLON.FABRIC.SECT.CSRGHT/frames/1/SLON.FABRIC.SECT.CSRGHT.JPG?background=FFFFFF&feature=COLOR:SE-161&feature=FINISH:Leg001-1&feature=CUSHIONS:CUSHION-2&feature=DEPTH:DEPTH-36&feature=CHAISE%20LENGTH:CHAISE-63&feature=CHAISE%20WIDTH:CHAISEWIDTH-35', 2045, 10, 'SLON.FABRIC.SECT.CSRGHT - SE-161 - Leg001-1'),
		(3, 32, 'https://content.cylindo.com/api/v2/4472/products/SLON.FABRIC.SECT.CSRGHT/frames/1/SLON.FABRIC.SECT.CSRGHT.JPG?background=FFFFFF&feature=COLOR:SE-161&feature=FINISH:Leg001-2&feature=CUSHIONS:CUSHION-2&feature=DEPTH:DEPTH-36&feature=CHAISE%20LENGTH:CHAISE-63&feature=CHAISE%20WIDTH:CHAISEWIDTH-35', 2045, 10, 'SLON.FABRIC.SECT.CSRGHT - SE-161 - Leg001-2'),
		(3, 33, 'https://content.cylindo.com/api/v2/4472/products/SLON.FABRIC.SECT.CSRGHT/frames/1/SLON.FABRIC.SECT.CSRGHT.JPG?background=FFFFFF&feature=COLOR:SE-161&feature=FINISH:Leg001-3&feature=CUSHIONS:CUSHION-2&feature=DEPTH:DEPTH-36&feature=CHAISE%20LENGTH:CHAISE-63&feature=CHAISE%20WIDTH:CHAISEWIDTH-35', 2045, 10, 'SLON.FABRIC.SECT.CSRGHT - SE-161 - Leg001-3'),
		(3, 34, 'https://content.cylindo.com/api/v2/4472/products/SLON.FABRIC.SECT.CSRGHT/frames/1/SLON.FABRIC.SECT.CSRGHT.JPG?background=FFFFFF&feature=COLOR:SE-161&feature=FINISH:Leg008-1&feature=CUSHIONS:CUSHION-2&feature=DEPTH:DEPTH-36&feature=CHAISE%20LENGTH:CHAISE-63&feature=CHAISE%20WIDTH:CHAISEWIDTH-35', 2045, 10, 'SLON.FABRIC.SECT.CSRGHT - SE-161 - Leg008-1'),
		(3, 35, 'https://content.cylindo.com/api/v2/4472/products/SLON.FABRIC.SECT.CSRGHT/frames/1/SLON.FABRIC.SECT.CSRGHT.JPG?background=FFFFFF&feature=COLOR:SE-161&feature=FINISH:Leg008-3&feature=CUSHIONS:CUSHION-2&feature=DEPTH:DEPTH-36&feature=CHAISE%20LENGTH:CHAISE-63&feature=CHAISE%20WIDTH:CHAISEWIDTH-35', 2045, 10, 'SLON.FABRIC.SECT.CSRGHT - SE-161 - Leg008-3'),
		(3, 36, 'https://content.cylindo.com/api/v2/4472/products/SLON.FABRIC.SECT.CSRGHT/frames/1/SLON.FABRIC.SECT.CSRGHT.JPG?background=FFFFFF&feature=COLOR:SE-161&feature=FINISH:Leg008-2&feature=CUSHIONS:CUSHION-2&feature=DEPTH:DEPTH-36&feature=CHAISE%20LENGTH:CHAISE-63&feature=CHAISE%20WIDTH:CHAISEWIDTH-35', 2045, 10, 'SLON.FABRIC.SECT.CSRGHT - SE-161 - Leg008-2'),
		(3, 37, 'https://content.cylindo.com/api/v2/4472/products/SLON.FABRIC.SECT.CSRGHT/frames/1/SLON.FABRIC.SECT.CSRGHT.JPG?background=FFFFFF&feature=COLOR:SE-161&feature=FINISH:Leg002-2&feature=CUSHIONS:CUSHION-2&feature=DEPTH:DEPTH-36&feature=CHAISE%20LENGTH:CHAISE-63&feature=CHAISE%20WIDTH:CHAISEWIDTH-35', 2045, 10, 'SLON.FABRIC.SECT.CSRGHT - SE-161 - Leg002-2'),
		(3, 38, 'https://content.cylindo.com/api/v2/4472/products/SLON.FABRIC.SECT.CSRGHT/frames/1/SLON.FABRIC.SECT.CSRGHT.JPG?background=FFFFFF&feature=COLOR:SE-161&feature=FINISH:Leg002-3&feature=CUSHIONS:CUSHION-2&feature=DEPTH:DEPTH-36&feature=CHAISE%20LENGTH:CHAISE-63&feature=CHAISE%20WIDTH:CHAISEWIDTH-35', 2045, 10, 'SLON.FABRIC.SECT.CSRGHT - SE-161 - Leg002-3'),
		(3, 39, 'https://content.cylindo.com/api/v2/4472/products/SLON.FABRIC.SECT.CSRGHT/frames/1/SLON.FABRIC.SECT.CSRGHT.JPG?background=FFFFFF&feature=COLOR:SE-161&feature=FINISH:Leg002-4&feature=CUSHIONS:CUSHION-2&feature=DEPTH:DEPTH-36&feature=CHAISE%20LENGTH:CHAISE-63&feature=CHAISE%20WIDTH:CHAISEWIDTH-35', 2045, 10, 'SLON.FABRIC.SECT.CSRGHT - SE-161 - Leg002-4'),
		(3, 40, 'https://content.cylindo.com/api/v2/4472/products/SLON.FABRIC.SECT.CSRGHT/frames/1/SLON.FABRIC.SECT.CSRGHT.JPG?background=FFFFFF&feature=COLOR:SE-161&feature=FINISH:Leg014-2&feature=CUSHIONS:CUSHION-2&feature=DEPTH:DEPTH-36&feature=CHAISE%20LENGTH:CHAISE-63&feature=CHAISE%20WIDTH:CHAISEWIDTH-35', 2045, 10, 'SLON.FABRIC.SECT.CSRGHT - SE-161 - Leg014-2'),
		(3, 41, 'https://content.cylindo.com/api/v2/4472/products/SLON.FABRIC.SECT.CSRGHT/frames/1/SLON.FABRIC.SECT.CSRGHT.JPG?background=FFFFFF&feature=COLOR:SE-167&feature=FINISH:Leg001-1&feature=CUSHIONS:CUSHION-2&feature=DEPTH:DEPTH-36&feature=CHAISE%20LENGTH:CHAISE-63&feature=CHAISE%20WIDTH:CHAISEWIDTH-35', 2045, 10, 'SLON.FABRIC.SECT.CSRGHT - SE-167 - Leg001-1'),
		(3, 42, 'https://content.cylindo.com/api/v2/4472/products/SLON.FABRIC.SECT.CSRGHT/frames/1/SLON.FABRIC.SECT.CSRGHT.JPG?background=FFFFFF&feature=COLOR:SE-167&feature=FINISH:Leg001-2&feature=CUSHIONS:CUSHION-2&feature=DEPTH:DEPTH-36&feature=CHAISE%20LENGTH:CHAISE-63&feature=CHAISE%20WIDTH:CHAISEWIDTH-35', 2045, 10, 'SLON.FABRIC.SECT.CSRGHT - SE-167 - Leg001-2'),
		(3, 43, 'https://content.cylindo.com/api/v2/4472/products/SLON.FABRIC.SECT.CSRGHT/frames/1/SLON.FABRIC.SECT.CSRGHT.JPG?background=FFFFFF&feature=COLOR:SE-167&feature=FINISH:Leg001-3&feature=CUSHIONS:CUSHION-2&feature=DEPTH:DEPTH-36&feature=CHAISE%20LENGTH:CHAISE-63&feature=CHAISE%20WIDTH:CHAISEWIDTH-35', 2045, 10, 'SLON.FABRIC.SECT.CSRGHT - SE-167 - Leg001-3'),
		(3, 44, 'https://content.cylindo.com/api/v2/4472/products/SLON.FABRIC.SECT.CSRGHT/frames/1/SLON.FABRIC.SECT.CSRGHT.JPG?background=FFFFFF&feature=COLOR:SE-167&feature=FINISH:Leg008-1&feature=CUSHIONS:CUSHION-2&feature=DEPTH:DEPTH-36&feature=CHAISE%20LENGTH:CHAISE-63&feature=CHAISE%20WIDTH:CHAISEWIDTH-35', 2045, 10, 'SLON.FABRIC.SECT.CSRGHT - SE-167 - Leg008-1'),
		(3, 45, 'https://content.cylindo.com/api/v2/4472/products/SLON.FABRIC.SECT.CSRGHT/frames/1/SLON.FABRIC.SECT.CSRGHT.JPG?background=FFFFFF&feature=COLOR:SE-167&feature=FINISH:Leg008-3&feature=CUSHIONS:CUSHION-2&feature=DEPTH:DEPTH-36&feature=CHAISE%20LENGTH:CHAISE-63&feature=CHAISE%20WIDTH:CHAISEWIDTH-35', 2045, 10, 'SLON.FABRIC.SECT.CSRGHT - SE-167 - Leg008-3'),
		(3, 46, 'https://content.cylindo.com/api/v2/4472/products/SLON.FABRIC.SECT.CSRGHT/frames/1/SLON.FABRIC.SECT.CSRGHT.JPG?background=FFFFFF&feature=COLOR:SE-167&feature=FINISH:Leg008-2&feature=CUSHIONS:CUSHION-2&feature=DEPTH:DEPTH-36&feature=CHAISE%20LENGTH:CHAISE-63&feature=CHAISE%20WIDTH:CHAISEWIDTH-35', 2045, 10, 'SLON.FABRIC.SECT.CSRGHT - SE-167 - Leg008-2'),
		(3, 47, 'https://content.cylindo.com/api/v2/4472/products/SLON.FABRIC.SECT.CSRGHT/frames/1/SLON.FABRIC.SECT.CSRGHT.JPG?background=FFFFFF&feature=COLOR:SE-167&feature=FINISH:Leg002-2&feature=CUSHIONS:CUSHION-2&feature=DEPTH:DEPTH-36&feature=CHAISE%20LENGTH:CHAISE-63&feature=CHAISE%20WIDTH:CHAISEWIDTH-35', 2045, 10, 'SLON.FABRIC.SECT.CSRGHT - SE-167 - Leg002-2'),
		(3, 48, 'https://content.cylindo.com/api/v2/4472/products/SLON.FABRIC.SECT.CSRGHT/frames/1/SLON.FABRIC.SECT.CSRGHT.JPG?background=FFFFFF&feature=COLOR:SE-167&feature=FINISH:Leg002-3&feature=CUSHIONS:CUSHION-2&feature=DEPTH:DEPTH-36&feature=CHAISE%20LENGTH:CHAISE-63&feature=CHAISE%20WIDTH:CHAISEWIDTH-35', 2045, 10, 'SLON.FABRIC.SECT.CSRGHT - SE-167 - Leg002-3'),
		(3, 49, 'https://content.cylindo.com/api/v2/4472/products/SLON.FABRIC.SECT.CSRGHT/frames/1/SLON.FABRIC.SECT.CSRGHT.JPG?background=FFFFFF&feature=COLOR:SE-167&feature=FINISH:Leg002-4&feature=CUSHIONS:CUSHION-2&feature=DEPTH:DEPTH-36&feature=CHAISE%20LENGTH:CHAISE-63&feature=CHAISE%20WIDTH:CHAISEWIDTH-35', 2045, 10, 'SLON.FABRIC.SECT.CSRGHT - SE-167 - Leg002-4'),
		(3, 50, 'https://content.cylindo.com/api/v2/4472/products/SLON.FABRIC.SECT.CSRGHT/frames/1/SLON.FABRIC.SECT.CSRGHT.JPG?background=FFFFFF&feature=COLOR:SE-167&feature=FINISH:Leg014-2&feature=CUSHIONS:CUSHION-2&feature=DEPTH:DEPTH-36&feature=CHAISE%20LENGTH:CHAISE-63&feature=CHAISE%20WIDTH:CHAISEWIDTH-35', 2045, 10, 'SLON.FABRIC.SECT.CSRGHT - SE-167 - Leg014-2'),
		(3, 51, 'https://content.cylindo.com/api/v2/4472/products/SLON.FABRIC.SECT.CSRGHT/frames/1/SLON.FABRIC.SECT.CSRGHT.JPG?background=FFFFFF&feature=COLOR:SE-171&feature=FINISH:Leg001-1&feature=CUSHIONS:CUSHION-2&feature=DEPTH:DEPTH-36&feature=CHAISE%20LENGTH:CHAISE-63&feature=CHAISE%20WIDTH:CHAISEWIDTH-35', 2045, 10, 'SLON.FABRIC.SECT.CSRGHT - SE-171 - Leg001-1'),
		(3, 52, 'https://content.cylindo.com/api/v2/4472/products/SLON.FABRIC.SECT.CSRGHT/frames/1/SLON.FABRIC.SECT.CSRGHT.JPG?background=FFFFFF&feature=COLOR:SE-171&feature=FINISH:Leg001-2&feature=CUSHIONS:CUSHION-2&feature=DEPTH:DEPTH-36&feature=CHAISE%20LENGTH:CHAISE-63&feature=CHAISE%20WIDTH:CHAISEWIDTH-35', 2045, 10, 'SLON.FABRIC.SECT.CSRGHT - SE-171 - Leg001-2'),
		(3, 53, 'https://content.cylindo.com/api/v2/4472/products/SLON.FABRIC.SECT.CSRGHT/frames/1/SLON.FABRIC.SECT.CSRGHT.JPG?background=FFFFFF&feature=COLOR:SE-171&feature=FINISH:Leg001-3&feature=CUSHIONS:CUSHION-2&feature=DEPTH:DEPTH-36&feature=CHAISE%20LENGTH:CHAISE-63&feature=CHAISE%20WIDTH:CHAISEWIDTH-35', 2045, 10, 'SLON.FABRIC.SECT.CSRGHT - SE-171 - Leg001-3'),
		(3, 54, 'https://content.cylindo.com/api/v2/4472/products/SLON.FABRIC.SECT.CSRGHT/frames/1/SLON.FABRIC.SECT.CSRGHT.JPG?background=FFFFFF&feature=COLOR:SE-171&feature=FINISH:Leg008-1&feature=CUSHIONS:CUSHION-2&feature=DEPTH:DEPTH-36&feature=CHAISE%20LENGTH:CHAISE-63&feature=CHAISE%20WIDTH:CHAISEWIDTH-35', 2045, 10, 'SLON.FABRIC.SECT.CSRGHT - SE-171 - Leg008-1'),
		(3, 55, 'https://content.cylindo.com/api/v2/4472/products/SLON.FABRIC.SECT.CSRGHT/frames/1/SLON.FABRIC.SECT.CSRGHT.JPG?background=FFFFFF&feature=COLOR:SE-171&feature=FINISH:Leg008-3&feature=CUSHIONS:CUSHION-2&feature=DEPTH:DEPTH-36&feature=CHAISE%20LENGTH:CHAISE-63&feature=CHAISE%20WIDTH:CHAISEWIDTH-35', 2045, 10, 'SLON.FABRIC.SECT.CSRGHT - SE-171 - Leg008-3'),
		(3, 56, 'https://content.cylindo.com/api/v2/4472/products/SLON.FABRIC.SECT.CSRGHT/frames/1/SLON.FABRIC.SECT.CSRGHT.JPG?background=FFFFFF&feature=COLOR:SE-171&feature=FINISH:Leg008-2&feature=CUSHIONS:CUSHION-2&feature=DEPTH:DEPTH-36&feature=CHAISE%20LENGTH:CHAISE-63&feature=CHAISE%20WIDTH:CHAISEWIDTH-35', 2045, 10, 'SLON.FABRIC.SECT.CSRGHT - SE-171 - Leg008-2'),
		(3, 57, 'https://content.cylindo.com/api/v2/4472/products/SLON.FABRIC.SECT.CSRGHT/frames/1/SLON.FABRIC.SECT.CSRGHT.JPG?background=FFFFFF&feature=COLOR:SE-171&feature=FINISH:Leg002-2&feature=CUSHIONS:CUSHION-2&feature=DEPTH:DEPTH-36&feature=CHAISE%20LENGTH:CHAISE-63&feature=CHAISE%20WIDTH:CHAISEWIDTH-35', 2045, 10, 'SLON.FABRIC.SECT.CSRGHT - SE-171 - Leg002-2'),
		(3, 58, 'https://content.cylindo.com/api/v2/4472/products/SLON.FABRIC.SECT.CSRGHT/frames/1/SLON.FABRIC.SECT.CSRGHT.JPG?background=FFFFFF&feature=COLOR:SE-171&feature=FINISH:Leg002-3&feature=CUSHIONS:CUSHION-2&feature=DEPTH:DEPTH-36&feature=CHAISE%20LENGTH:CHAISE-63&feature=CHAISE%20WIDTH:CHAISEWIDTH-35', 2045, 10, 'SLON.FABRIC.SECT.CSRGHT - SE-171 - Leg002-3'),
		(3, 59, 'https://content.cylindo.com/api/v2/4472/products/SLON.FABRIC.SECT.CSRGHT/frames/1/SLON.FABRIC.SECT.CSRGHT.JPG?background=FFFFFF&feature=COLOR:SE-171&feature=FINISH:Leg002-4&feature=CUSHIONS:CUSHION-2&feature=DEPTH:DEPTH-36&feature=CHAISE%20LENGTH:CHAISE-63&feature=CHAISE%20WIDTH:CHAISEWIDTH-35', 2045, 10, 'SLON.FABRIC.SECT.CSRGHT - SE-171 - Leg002-4'),
		(3, 60, 'https://content.cylindo.com/api/v2/4472/products/SLON.FABRIC.SECT.CSRGHT/frames/1/SLON.FABRIC.SECT.CSRGHT.JPG?background=FFFFFF&feature=COLOR:SE-171&feature=FINISH:Leg014-2&feature=CUSHIONS:CUSHION-2&feature=DEPTH:DEPTH-36&feature=CHAISE%20LENGTH:CHAISE-63&feature=CHAISE%20WIDTH:CHAISEWIDTH-35', 2045, 10, 'SLON.FABRIC.SECT.CSRGHT - SE-171 - Leg014-2'),
		(3, 61, 'https://content.cylindo.com/api/v2/4472/products/SLON.FABRIC.SECT.CSRGHT/frames/1/SLON.FABRIC.SECT.CSRGHT.JPG?background=FFFFFF&feature=COLOR:SE-172&feature=FINISH:Leg001-1&feature=CUSHIONS:CUSHION-2&feature=DEPTH:DEPTH-36&feature=CHAISE%20LENGTH:CHAISE-63&feature=CHAISE%20WIDTH:CHAISEWIDTH-35', 2045, 10, 'SLON.FABRIC.SECT.CSRGHT - SE-172 - Leg001-1'),
		(3, 62, 'https://content.cylindo.com/api/v2/4472/products/SLON.FABRIC.SECT.CSRGHT/frames/1/SLON.FABRIC.SECT.CSRGHT.JPG?background=FFFFFF&feature=COLOR:SE-172&feature=FINISH:Leg001-2&feature=CUSHIONS:CUSHION-2&feature=DEPTH:DEPTH-36&feature=CHAISE%20LENGTH:CHAISE-63&feature=CHAISE%20WIDTH:CHAISEWIDTH-35', 2045, 10, 'SLON.FABRIC.SECT.CSRGHT - SE-172 - Leg001-2'),
		(3, 63, 'https://content.cylindo.com/api/v2/4472/products/SLON.FABRIC.SECT.CSRGHT/frames/1/SLON.FABRIC.SECT.CSRGHT.JPG?background=FFFFFF&feature=COLOR:SE-172&feature=FINISH:Leg001-3&feature=CUSHIONS:CUSHION-2&feature=DEPTH:DEPTH-36&feature=CHAISE%20LENGTH:CHAISE-63&feature=CHAISE%20WIDTH:CHAISEWIDTH-35', 2045, 10, 'SLON.FABRIC.SECT.CSRGHT - SE-172 - Leg001-3'),
		(3, 64, 'https://content.cylindo.com/api/v2/4472/products/SLON.FABRIC.SECT.CSRGHT/frames/1/SLON.FABRIC.SECT.CSRGHT.JPG?background=FFFFFF&feature=COLOR:SE-172&feature=FINISH:Leg008-1&feature=CUSHIONS:CUSHION-2&feature=DEPTH:DEPTH-36&feature=CHAISE%20LENGTH:CHAISE-63&feature=CHAISE%20WIDTH:CHAISEWIDTH-35', 2045, 10, 'SLON.FABRIC.SECT.CSRGHT - SE-172 - Leg008-1'),
		(3, 65, 'https://content.cylindo.com/api/v2/4472/products/SLON.FABRIC.SECT.CSRGHT/frames/1/SLON.FABRIC.SECT.CSRGHT.JPG?background=FFFFFF&feature=COLOR:SE-172&feature=FINISH:Leg008-3&feature=CUSHIONS:CUSHION-2&feature=DEPTH:DEPTH-36&feature=CHAISE%20LENGTH:CHAISE-63&feature=CHAISE%20WIDTH:CHAISEWIDTH-35', 2045, 10, 'SLON.FABRIC.SECT.CSRGHT - SE-172 - Leg008-3'),
		(3, 66, 'https://content.cylindo.com/api/v2/4472/products/SLON.FABRIC.SECT.CSRGHT/frames/1/SLON.FABRIC.SECT.CSRGHT.JPG?background=FFFFFF&feature=COLOR:SE-172&feature=FINISH:Leg008-2&feature=CUSHIONS:CUSHION-2&feature=DEPTH:DEPTH-36&feature=CHAISE%20LENGTH:CHAISE-63&feature=CHAISE%20WIDTH:CHAISEWIDTH-35', 2045, 10, 'SLON.FABRIC.SECT.CSRGHT - SE-172 - Leg008-2'),
		(3, 67, 'https://content.cylindo.com/api/v2/4472/products/SLON.FABRIC.SECT.CSRGHT/frames/1/SLON.FABRIC.SECT.CSRGHT.JPG?background=FFFFFF&feature=COLOR:SE-172&feature=FINISH:Leg002-2&feature=CUSHIONS:CUSHION-2&feature=DEPTH:DEPTH-36&feature=CHAISE%20LENGTH:CHAISE-63&feature=CHAISE%20WIDTH:CHAISEWIDTH-35', 2045, 10, 'SLON.FABRIC.SECT.CSRGHT - SE-172 - Leg002-2'),
		(3, 68, 'https://content.cylindo.com/api/v2/4472/products/SLON.FABRIC.SECT.CSRGHT/frames/1/SLON.FABRIC.SECT.CSRGHT.JPG?background=FFFFFF&feature=COLOR:SE-172&feature=FINISH:Leg002-3&feature=CUSHIONS:CUSHION-2&feature=DEPTH:DEPTH-36&feature=CHAISE%20LENGTH:CHAISE-63&feature=CHAISE%20WIDTH:CHAISEWIDTH-35', 2045, 10, 'SLON.FABRIC.SECT.CSRGHT - SE-172 - Leg002-3'),
		(3, 69, 'https://content.cylindo.com/api/v2/4472/products/SLON.FABRIC.SECT.CSRGHT/frames/1/SLON.FABRIC.SECT.CSRGHT.JPG?background=FFFFFF&feature=COLOR:SE-172&feature=FINISH:Leg002-4&feature=CUSHIONS:CUSHION-2&feature=DEPTH:DEPTH-36&feature=CHAISE%20LENGTH:CHAISE-63&feature=CHAISE%20WIDTH:CHAISEWIDTH-35', 2045, 10, 'SLON.FABRIC.SECT.CSRGHT - SE-172 - Leg002-4'),
		(3, 70, 'https://content.cylindo.com/api/v2/4472/products/SLON.FABRIC.SECT.CSRGHT/frames/1/SLON.FABRIC.SECT.CSRGHT.JPG?background=FFFFFF&feature=COLOR:SE-172&feature=FINISH:Leg014-2&feature=CUSHIONS:CUSHION-2&feature=DEPTH:DEPTH-36&feature=CHAISE%20LENGTH:CHAISE-63&feature=CHAISE%20WIDTH:CHAISEWIDTH-35', 2045, 10, 'SLON.FABRIC.SECT.CSRGHT - SE-172 - Leg014-2'),
		(3, 71, 'https://content.cylindo.com/api/v2/4472/products/SLON.FABRIC.SECT.CSRGHT/frames/1/SLON.FABRIC.SECT.CSRGHT.JPG?background=FFFFFF&feature=COLOR:SE-170&feature=FINISH:Leg001-1&feature=CUSHIONS:CUSHION-2&feature=DEPTH:DEPTH-36&feature=CHAISE%20LENGTH:CHAISE-63&feature=CHAISE%20WIDTH:CHAISEWIDTH-35', 2045, 10, 'SLON.FABRIC.SECT.CSRGHT - SE-170 - Leg001-1'),
		(3, 72, 'https://content.cylindo.com/api/v2/4472/products/SLON.FABRIC.SECT.CSRGHT/frames/1/SLON.FABRIC.SECT.CSRGHT.JPG?background=FFFFFF&feature=COLOR:SE-170&feature=FINISH:Leg001-2&feature=CUSHIONS:CUSHION-2&feature=DEPTH:DEPTH-36&feature=CHAISE%20LENGTH:CHAISE-63&feature=CHAISE%20WIDTH:CHAISEWIDTH-35', 2045, 10, 'SLON.FABRIC.SECT.CSRGHT - SE-170 - Leg001-2'),
		(3, 73, 'https://content.cylindo.com/api/v2/4472/products/SLON.FABRIC.SECT.CSRGHT/frames/1/SLON.FABRIC.SECT.CSRGHT.JPG?background=FFFFFF&feature=COLOR:SE-170&feature=FINISH:Leg001-3&feature=CUSHIONS:CUSHION-2&feature=DEPTH:DEPTH-36&feature=CHAISE%20LENGTH:CHAISE-63&feature=CHAISE%20WIDTH:CHAISEWIDTH-35', 2045, 10, 'SLON.FABRIC.SECT.CSRGHT - SE-170 - Leg001-3'),
		(3, 74, 'https://content.cylindo.com/api/v2/4472/products/SLON.FABRIC.SECT.CSRGHT/frames/1/SLON.FABRIC.SECT.CSRGHT.JPG?background=FFFFFF&feature=COLOR:SE-170&feature=FINISH:Leg008-1&feature=CUSHIONS:CUSHION-2&feature=DEPTH:DEPTH-36&feature=CHAISE%20LENGTH:CHAISE-63&feature=CHAISE%20WIDTH:CHAISEWIDTH-35', 2045, 10, 'SLON.FABRIC.SECT.CSRGHT - SE-170 - Leg008-1'),
		(3, 75, 'https://content.cylindo.com/api/v2/4472/products/SLON.FABRIC.SECT.CSRGHT/frames/1/SLON.FABRIC.SECT.CSRGHT.JPG?background=FFFFFF&feature=COLOR:SE-170&feature=FINISH:Leg008-3&feature=CUSHIONS:CUSHION-2&feature=DEPTH:DEPTH-36&feature=CHAISE%20LENGTH:CHAISE-63&feature=CHAISE%20WIDTH:CHAISEWIDTH-35', 2045, 10, 'SLON.FABRIC.SECT.CSRGHT - SE-170 - Leg008-3'),
		(3, 76, 'https://content.cylindo.com/api/v2/4472/products/SLON.FABRIC.SECT.CSRGHT/frames/1/SLON.FABRIC.SECT.CSRGHT.JPG?background=FFFFFF&feature=COLOR:SE-170&feature=FINISH:Leg008-2&feature=CUSHIONS:CUSHION-2&feature=DEPTH:DEPTH-36&feature=CHAISE%20LENGTH:CHAISE-63&feature=CHAISE%20WIDTH:CHAISEWIDTH-35', 2045, 10, 'SLON.FABRIC.SECT.CSRGHT - SE-170 - Leg008-2'),
		(3, 77, 'https://content.cylindo.com/api/v2/4472/products/SLON.FABRIC.SECT.CSRGHT/frames/1/SLON.FABRIC.SECT.CSRGHT.JPG?background=FFFFFF&feature=COLOR:SE-170&feature=FINISH:Leg002-2&feature=CUSHIONS:CUSHION-2&feature=DEPTH:DEPTH-36&feature=CHAISE%20LENGTH:CHAISE-63&feature=CHAISE%20WIDTH:CHAISEWIDTH-35', 2045, 10, 'SLON.FABRIC.SECT.CSRGHT - SE-170 - Leg002-2'),
		(3, 78, 'https://content.cylindo.com/api/v2/4472/products/SLON.FABRIC.SECT.CSRGHT/frames/1/SLON.FABRIC.SECT.CSRGHT.JPG?background=FFFFFF&feature=COLOR:SE-170&feature=FINISH:Leg002-3&feature=CUSHIONS:CUSHION-2&feature=DEPTH:DEPTH-36&feature=CHAISE%20LENGTH:CHAISE-63&feature=CHAISE%20WIDTH:CHAISEWIDTH-35', 2045, 10, 'SLON.FABRIC.SECT.CSRGHT - SE-170 - Leg002-3'),
		(3, 79, 'https://content.cylindo.com/api/v2/4472/products/SLON.FABRIC.SECT.CSRGHT/frames/1/SLON.FABRIC.SECT.CSRGHT.JPG?background=FFFFFF&feature=COLOR:SE-170&feature=FINISH:Leg002-4&feature=CUSHIONS:CUSHION-2&feature=DEPTH:DEPTH-36&feature=CHAISE%20LENGTH:CHAISE-63&feature=CHAISE%20WIDTH:CHAISEWIDTH-35', 2045, 10, 'SLON.FABRIC.SECT.CSRGHT - SE-170 - Leg002-4'),
		(3, 80, 'https://content.cylindo.com/api/v2/4472/products/SLON.FABRIC.SECT.CSRGHT/frames/1/SLON.FABRIC.SECT.CSRGHT.JPG?background=FFFFFF&feature=COLOR:SE-170&feature=FINISH:Leg014-2&feature=CUSHIONS:CUSHION-2&feature=DEPTH:DEPTH-36&feature=CHAISE%20LENGTH:CHAISE-63&feature=CHAISE%20WIDTH:CHAISEWIDTH-35', 2045, 10, 'SLON.FABRIC.SECT.CSRGHT - SE-170 - Leg014-2'),
		(3, 81, 'https://content.cylindo.com/api/v2/4472/products/SLON.FABRIC.SECT.CSRGHT/frames/1/SLON.FABRIC.SECT.CSRGHT.JPG?background=FFFFFF&feature=COLOR:SE-173&feature=FINISH:Leg001-1&feature=CUSHIONS:CUSHION-2&feature=DEPTH:DEPTH-36&feature=CHAISE%20LENGTH:CHAISE-63&feature=CHAISE%20WIDTH:CHAISEWIDTH-35', 2045, 10, 'SLON.FABRIC.SECT.CSRGHT - SE-173 - Leg001-1'),
		(3, 82, 'https://content.cylindo.com/api/v2/4472/products/SLON.FABRIC.SECT.CSRGHT/frames/1/SLON.FABRIC.SECT.CSRGHT.JPG?background=FFFFFF&feature=COLOR:SE-173&feature=FINISH:Leg001-2&feature=CUSHIONS:CUSHION-2&feature=DEPTH:DEPTH-36&feature=CHAISE%20LENGTH:CHAISE-63&feature=CHAISE%20WIDTH:CHAISEWIDTH-35', 2045, 10, 'SLON.FABRIC.SECT.CSRGHT - SE-173 - Leg001-2'),
		(3, 83, 'https://content.cylindo.com/api/v2/4472/products/SLON.FABRIC.SECT.CSRGHT/frames/1/SLON.FABRIC.SECT.CSRGHT.JPG?background=FFFFFF&feature=COLOR:SE-173&feature=FINISH:Leg001-3&feature=CUSHIONS:CUSHION-2&feature=DEPTH:DEPTH-36&feature=CHAISE%20LENGTH:CHAISE-63&feature=CHAISE%20WIDTH:CHAISEWIDTH-35', 2045, 10, 'SLON.FABRIC.SECT.CSRGHT - SE-173 - Leg001-3'),
		(3, 84, 'https://content.cylindo.com/api/v2/4472/products/SLON.FABRIC.SECT.CSRGHT/frames/1/SLON.FABRIC.SECT.CSRGHT.JPG?background=FFFFFF&feature=COLOR:SE-173&feature=FINISH:Leg008-1&feature=CUSHIONS:CUSHION-2&feature=DEPTH:DEPTH-36&feature=CHAISE%20LENGTH:CHAISE-63&feature=CHAISE%20WIDTH:CHAISEWIDTH-35', 2045, 10, 'SLON.FABRIC.SECT.CSRGHT - SE-173 - Leg008-1'),
		(3, 85, 'https://content.cylindo.com/api/v2/4472/products/SLON.FABRIC.SECT.CSRGHT/frames/1/SLON.FABRIC.SECT.CSRGHT.JPG?background=FFFFFF&feature=COLOR:SE-173&feature=FINISH:Leg008-3&feature=CUSHIONS:CUSHION-2&feature=DEPTH:DEPTH-36&feature=CHAISE%20LENGTH:CHAISE-63&feature=CHAISE%20WIDTH:CHAISEWIDTH-35', 2045, 10, 'SLON.FABRIC.SECT.CSRGHT - SE-173 - Leg008-3'),
		(3, 86, 'https://content.cylindo.com/api/v2/4472/products/SLON.FABRIC.SECT.CSRGHT/frames/1/SLON.FABRIC.SECT.CSRGHT.JPG?background=FFFFFF&feature=COLOR:SE-173&feature=FINISH:Leg008-2&feature=CUSHIONS:CUSHION-2&feature=DEPTH:DEPTH-36&feature=CHAISE%20LENGTH:CHAISE-63&feature=CHAISE%20WIDTH:CHAISEWIDTH-35', 2045, 10, 'SLON.FABRIC.SECT.CSRGHT - SE-173 - Leg008-2'),
		(3, 87, 'https://content.cylindo.com/api/v2/4472/products/SLON.FABRIC.SECT.CSRGHT/frames/1/SLON.FABRIC.SECT.CSRGHT.JPG?background=FFFFFF&feature=COLOR:SE-173&feature=FINISH:Leg002-2&feature=CUSHIONS:CUSHION-2&feature=DEPTH:DEPTH-36&feature=CHAISE%20LENGTH:CHAISE-63&feature=CHAISE%20WIDTH:CHAISEWIDTH-35', 2045, 10, 'SLON.FABRIC.SECT.CSRGHT - SE-173 - Leg002-2'),
		(3, 88, 'https://content.cylindo.com/api/v2/4472/products/SLON.FABRIC.SECT.CSRGHT/frames/1/SLON.FABRIC.SECT.CSRGHT.JPG?background=FFFFFF&feature=COLOR:SE-173&feature=FINISH:Leg002-3&feature=CUSHIONS:CUSHION-2&feature=DEPTH:DEPTH-36&feature=CHAISE%20LENGTH:CHAISE-63&feature=CHAISE%20WIDTH:CHAISEWIDTH-35', 2045, 10, 'SLON.FABRIC.SECT.CSRGHT - SE-173 - Leg002-3'),
		(3, 89, 'https://content.cylindo.com/api/v2/4472/products/SLON.FABRIC.SECT.CSRGHT/frames/1/SLON.FABRIC.SECT.CSRGHT.JPG?background=FFFFFF&feature=COLOR:SE-173&feature=FINISH:Leg002-4&feature=CUSHIONS:CUSHION-2&feature=DEPTH:DEPTH-36&feature=CHAISE%20LENGTH:CHAISE-63&feature=CHAISE%20WIDTH:CHAISEWIDTH-35', 2045, 10, 'SLON.FABRIC.SECT.CSRGHT - SE-173 - Leg002-4'),
		(3, 90, 'https://content.cylindo.com/api/v2/4472/products/SLON.FABRIC.SECT.CSRGHT/frames/1/SLON.FABRIC.SECT.CSRGHT.JPG?background=FFFFFF&feature=COLOR:SE-173&feature=FINISH:Leg014-2&feature=CUSHIONS:CUSHION-2&feature=DEPTH:DEPTH-36&feature=CHAISE%20LENGTH:CHAISE-63&feature=CHAISE%20WIDTH:CHAISEWIDTH-35', 2045, 10, 'SLON.FABRIC.SECT.CSRGHT - SE-173 - Leg014-2'),
		(3, 91, 'https://content.cylindo.com/api/v2/4472/products/SLON.FABRIC.SECT.CSRGHT/frames/1/SLON.FABRIC.SECT.CSRGHT.JPG?background=FFFFFF&feature=COLOR:SE-166&feature=FINISH:Leg001-1&feature=CUSHIONS:CUSHION-2&feature=DEPTH:DEPTH-36&feature=CHAISE%20LENGTH:CHAISE-63&feature=CHAISE%20WIDTH:CHAISEWIDTH-35', 2045, 10, 'SLON.FABRIC.SECT.CSRGHT - SE-166 - Leg001-1'),
		(3, 92, 'https://content.cylindo.com/api/v2/4472/products/SLON.FABRIC.SECT.CSRGHT/frames/1/SLON.FABRIC.SECT.CSRGHT.JPG?background=FFFFFF&feature=COLOR:SE-166&feature=FINISH:Leg001-2&feature=CUSHIONS:CUSHION-2&feature=DEPTH:DEPTH-36&feature=CHAISE%20LENGTH:CHAISE-63&feature=CHAISE%20WIDTH:CHAISEWIDTH-35', 2045, 10, 'SLON.FABRIC.SECT.CSRGHT - SE-166 - Leg001-2'),
		(3, 93, 'https://content.cylindo.com/api/v2/4472/products/SLON.FABRIC.SECT.CSRGHT/frames/1/SLON.FABRIC.SECT.CSRGHT.JPG?background=FFFFFF&feature=COLOR:SE-166&feature=FINISH:Leg001-3&feature=CUSHIONS:CUSHION-2&feature=DEPTH:DEPTH-36&feature=CHAISE%20LENGTH:CHAISE-63&feature=CHAISE%20WIDTH:CHAISEWIDTH-35', 2045, 10, 'SLON.FABRIC.SECT.CSRGHT - SE-166 - Leg001-3'),
		(3, 94, 'https://content.cylindo.com/api/v2/4472/products/SLON.FABRIC.SECT.CSRGHT/frames/1/SLON.FABRIC.SECT.CSRGHT.JPG?background=FFFFFF&feature=COLOR:SE-166&feature=FINISH:Leg008-1&feature=CUSHIONS:CUSHION-2&feature=DEPTH:DEPTH-36&feature=CHAISE%20LENGTH:CHAISE-63&feature=CHAISE%20WIDTH:CHAISEWIDTH-35', 2045, 10, 'SLON.FABRIC.SECT.CSRGHT - SE-166 - Leg008-1'),
		(3, 95, 'https://content.cylindo.com/api/v2/4472/products/SLON.FABRIC.SECT.CSRGHT/frames/1/SLON.FABRIC.SECT.CSRGHT.JPG?background=FFFFFF&feature=COLOR:SE-166&feature=FINISH:Leg008-3&feature=CUSHIONS:CUSHION-2&feature=DEPTH:DEPTH-36&feature=CHAISE%20LENGTH:CHAISE-63&feature=CHAISE%20WIDTH:CHAISEWIDTH-35', 2045, 10, 'SLON.FABRIC.SECT.CSRGHT - SE-166 - Leg008-3'),
		(3, 96, 'https://content.cylindo.com/api/v2/4472/products/SLON.FABRIC.SECT.CSRGHT/frames/1/SLON.FABRIC.SECT.CSRGHT.JPG?background=FFFFFF&feature=COLOR:SE-166&feature=FINISH:Leg008-2&feature=CUSHIONS:CUSHION-2&feature=DEPTH:DEPTH-36&feature=CHAISE%20LENGTH:CHAISE-63&feature=CHAISE%20WIDTH:CHAISEWIDTH-35', 2045, 10, 'SLON.FABRIC.SECT.CSRGHT - SE-166 - Leg008-2'),
		(3, 97, 'https://content.cylindo.com/api/v2/4472/products/SLON.FABRIC.SECT.CSRGHT/frames/1/SLON.FABRIC.SECT.CSRGHT.JPG?background=FFFFFF&feature=COLOR:SE-166&feature=FINISH:Leg002-2&feature=CUSHIONS:CUSHION-2&feature=DEPTH:DEPTH-36&feature=CHAISE%20LENGTH:CHAISE-63&feature=CHAISE%20WIDTH:CHAISEWIDTH-35', 2045, 10, 'SLON.FABRIC.SECT.CSRGHT - SE-166 - Leg002-2'),
		(3, 98, 'https://content.cylindo.com/api/v2/4472/products/SLON.FABRIC.SECT.CSRGHT/frames/1/SLON.FABRIC.SECT.CSRGHT.JPG?background=FFFFFF&feature=COLOR:SE-166&feature=FINISH:Leg002-3&feature=CUSHIONS:CUSHION-2&feature=DEPTH:DEPTH-36&feature=CHAISE%20LENGTH:CHAISE-63&feature=CHAISE%20WIDTH:CHAISEWIDTH-35', 2045, 10, 'SLON.FABRIC.SECT.CSRGHT - SE-166 - Leg002-3'),
		(3, 99, 'https://content.cylindo.com/api/v2/4472/products/SLON.FABRIC.SECT.CSRGHT/frames/1/SLON.FABRIC.SECT.CSRGHT.JPG?background=FFFFFF&feature=COLOR:SE-166&feature=FINISH:Leg002-4&feature=CUSHIONS:CUSHION-2&feature=DEPTH:DEPTH-36&feature=CHAISE%20LENGTH:CHAISE-63&feature=CHAISE%20WIDTH:CHAISEWIDTH-35', 2045, 10, 'SLON.FABRIC.SECT.CSRGHT - SE-166 - Leg002-4'),
		(3, 100, 'https://content.cylindo.com/api/v2/4472/products/SLON.FABRIC.SECT.CSRGHT/frames/1/SLON.FABRIC.SECT.CSRGHT.JPG?background=FFFFFF&feature=COLOR:SE-166&feature=FINISH:Leg014-2&feature=CUSHIONS:CUSHION-2&feature=DEPTH:DEPTH-36&feature=CHAISE%20LENGTH:CHAISE-63&feature=CHAISE%20WIDTH:CHAISEWIDTH-35', 2045, 10, 'SLON.FABRIC.SECT.CSRGHT - SE-166 - Leg014-2'),
		(4, 1, 'https://content.cylindo.com/api/v2/4472/products/SLON.LEATHR.SECT.CSRGHT/frames/1/SLON.LEATHR.SECT.CSRGHT.JPG?background=FFFFFF&feature=COLOR:2210A&feature=FINISH:Leg008-1&feature=CUSHIONS:CUSHION-2&feature=DEPTH:DEPTH-36&feature=CHAISE%20LENGTH:CHAISE-63&feature=CHAISE%20WIDTH:CHAISEWIDTH-35', 4095, 10, 'SLON.LEATHR.SECT.CSRGHT - 2210A - Leg008-1'),
		(4, 2, 'https://content.cylindo.com/api/v2/4472/products/SLON.LEATHR.SECT.CSRGHT/frames/1/SLON.LEATHR.SECT.CSRGHT.JPG?background=FFFFFF&feature=COLOR:2210A&feature=FINISH:Leg008-3&feature=CUSHIONS:CUSHION-2&feature=DEPTH:DEPTH-36&feature=CHAISE%20LENGTH:CHAISE-63&feature=CHAISE%20WIDTH:CHAISEWIDTH-35', 4095, 10, 'SLON.LEATHR.SECT.CSRGHT - 2210A - Leg008-3'),
		(4, 3, 'https://content.cylindo.com/api/v2/4472/products/SLON.LEATHR.SECT.CSRGHT/frames/1/SLON.LEATHR.SECT.CSRGHT.JPG?background=FFFFFF&feature=COLOR:2210A&feature=FINISH:Leg008-2&feature=CUSHIONS:CUSHION-2&feature=DEPTH:DEPTH-36&feature=CHAISE%20LENGTH:CHAISE-63&feature=CHAISE%20WIDTH:CHAISEWIDTH-35', 4095, 10, 'SLON.LEATHR.SECT.CSRGHT - 2210A - Leg008-2'),
		(4, 4, 'https://content.cylindo.com/api/v2/4472/products/SLON.LEATHR.SECT.CSRGHT/frames/1/SLON.LEATHR.SECT.CSRGHT.JPG?background=FFFFFF&feature=COLOR:2210A&feature=FINISH:Leg001-1&feature=CUSHIONS:CUSHION-2&feature=DEPTH:DEPTH-36&feature=CHAISE%20LENGTH:CHAISE-63&feature=CHAISE%20WIDTH:CHAISEWIDTH-35', 4095, 10, 'SLON.LEATHR.SECT.CSRGHT - 2210A - Leg001-1'),
		(4, 5, 'https://content.cylindo.com/api/v2/4472/products/SLON.LEATHR.SECT.CSRGHT/frames/1/SLON.LEATHR.SECT.CSRGHT.JPG?background=FFFFFF&feature=COLOR:2210A&feature=FINISH:Leg001-2&feature=CUSHIONS:CUSHION-2&feature=DEPTH:DEPTH-36&feature=CHAISE%20LENGTH:CHAISE-63&feature=CHAISE%20WIDTH:CHAISEWIDTH-35', 4095, 10, 'SLON.LEATHR.SECT.CSRGHT - 2210A - Leg001-2'),
		(4, 6, 'https://content.cylindo.com/api/v2/4472/products/SLON.LEATHR.SECT.CSRGHT/frames/1/SLON.LEATHR.SECT.CSRGHT.JPG?background=FFFFFF&feature=COLOR:2210A&feature=FINISH:Leg001-3&feature=CUSHIONS:CUSHION-2&feature=DEPTH:DEPTH-36&feature=CHAISE%20LENGTH:CHAISE-63&feature=CHAISE%20WIDTH:CHAISEWIDTH-35', 4095, 10, 'SLON.LEATHR.SECT.CSRGHT - 2210A - Leg001-3'),
		(4, 7, 'https://content.cylindo.com/api/v2/4472/products/SLON.LEATHR.SECT.CSRGHT/frames/1/SLON.LEATHR.SECT.CSRGHT.JPG?background=FFFFFF&feature=COLOR:2210A&feature=FINISH:Leg002-2&feature=CUSHIONS:CUSHION-2&feature=DEPTH:DEPTH-36&feature=CHAISE%20LENGTH:CHAISE-63&feature=CHAISE%20WIDTH:CHAISEWIDTH-35', 4095, 10, 'SLON.LEATHR.SECT.CSRGHT - 2210A - Leg002-2'),
		(4, 8, 'https://content.cylindo.com/api/v2/4472/products/SLON.LEATHR.SECT.CSRGHT/frames/1/SLON.LEATHR.SECT.CSRGHT.JPG?background=FFFFFF&feature=COLOR:2210A&feature=FINISH:Leg002-3&feature=CUSHIONS:CUSHION-2&feature=DEPTH:DEPTH-36&feature=CHAISE%20LENGTH:CHAISE-63&feature=CHAISE%20WIDTH:CHAISEWIDTH-35', 4095, 10, 'SLON.LEATHR.SECT.CSRGHT - 2210A - Leg002-3'),
		(4, 9, 'https://content.cylindo.com/api/v2/4472/products/SLON.LEATHR.SECT.CSRGHT/frames/1/SLON.LEATHR.SECT.CSRGHT.JPG?background=FFFFFF&feature=COLOR:2210A&feature=FINISH:Leg002-4&feature=CUSHIONS:CUSHION-2&feature=DEPTH:DEPTH-36&feature=CHAISE%20LENGTH:CHAISE-63&feature=CHAISE%20WIDTH:CHAISEWIDTH-35', 4095, 10, 'SLON.LEATHR.SECT.CSRGHT - 2210A - Leg002-4'),
		(4, 10, 'https://content.cylindo.com/api/v2/4472/products/SLON.LEATHR.SECT.CSRGHT/frames/1/SLON.LEATHR.SECT.CSRGHT.JPG?background=FFFFFF&feature=COLOR:2210A&feature=FINISH:Leg014-2&feature=CUSHIONS:CUSHION-2&feature=DEPTH:DEPTH-36&feature=CHAISE%20LENGTH:CHAISE-63&feature=CHAISE%20WIDTH:CHAISEWIDTH-35', 4095, 10, 'SLON.LEATHR.SECT.CSRGHT - 2210A - Leg014-2'),
		(4, 11, 'https://content.cylindo.com/api/v2/4472/products/SLON.LEATHR.SECT.CSRGHT/frames/1/SLON.LEATHR.SECT.CSRGHT.JPG?background=FFFFFF&feature=COLOR:LTHR-02&feature=FINISH:Leg008-1&feature=CUSHIONS:CUSHION-2&feature=DEPTH:DEPTH-36&feature=CHAISE%20LENGTH:CHAISE-63&feature=CHAISE%20WIDTH:CHAISEWIDTH-35', 4095, 10, 'SLON.LEATHR.SECT.CSRGHT - LTHR-02 - Leg008-1'),
		(4, 12, 'https://content.cylindo.com/api/v2/4472/products/SLON.LEATHR.SECT.CSRGHT/frames/1/SLON.LEATHR.SECT.CSRGHT.JPG?background=FFFFFF&feature=COLOR:LTHR-02&feature=FINISH:Leg008-3&feature=CUSHIONS:CUSHION-2&feature=DEPTH:DEPTH-36&feature=CHAISE%20LENGTH:CHAISE-63&feature=CHAISE%20WIDTH:CHAISEWIDTH-35', 4095, 10, 'SLON.LEATHR.SECT.CSRGHT - LTHR-02 - Leg008-3'),
		(4, 13, 'https://content.cylindo.com/api/v2/4472/products/SLON.LEATHR.SECT.CSRGHT/frames/1/SLON.LEATHR.SECT.CSRGHT.JPG?background=FFFFFF&feature=COLOR:LTHR-02&feature=FINISH:Leg008-2&feature=CUSHIONS:CUSHION-2&feature=DEPTH:DEPTH-36&feature=CHAISE%20LENGTH:CHAISE-63&feature=CHAISE%20WIDTH:CHAISEWIDTH-35', 4095, 10, 'SLON.LEATHR.SECT.CSRGHT - LTHR-02 - Leg008-2'),
		(4, 14, 'https://content.cylindo.com/api/v2/4472/products/SLON.LEATHR.SECT.CSRGHT/frames/1/SLON.LEATHR.SECT.CSRGHT.JPG?background=FFFFFF&feature=COLOR:LTHR-02&feature=FINISH:Leg001-1&feature=CUSHIONS:CUSHION-2&feature=DEPTH:DEPTH-36&feature=CHAISE%20LENGTH:CHAISE-63&feature=CHAISE%20WIDTH:CHAISEWIDTH-35', 4095, 10, 'SLON.LEATHR.SECT.CSRGHT - LTHR-02 - Leg001-1'),
		(4, 15, 'https://content.cylindo.com/api/v2/4472/products/SLON.LEATHR.SECT.CSRGHT/frames/1/SLON.LEATHR.SECT.CSRGHT.JPG?background=FFFFFF&feature=COLOR:LTHR-02&feature=FINISH:Leg001-2&feature=CUSHIONS:CUSHION-2&feature=DEPTH:DEPTH-36&feature=CHAISE%20LENGTH:CHAISE-63&feature=CHAISE%20WIDTH:CHAISEWIDTH-35', 4095, 10, 'SLON.LEATHR.SECT.CSRGHT - LTHR-02 - Leg001-2'),
		(4, 16, 'https://content.cylindo.com/api/v2/4472/products/SLON.LEATHR.SECT.CSRGHT/frames/1/SLON.LEATHR.SECT.CSRGHT.JPG?background=FFFFFF&feature=COLOR:LTHR-02&feature=FINISH:Leg001-3&feature=CUSHIONS:CUSHION-2&feature=DEPTH:DEPTH-36&feature=CHAISE%20LENGTH:CHAISE-63&feature=CHAISE%20WIDTH:CHAISEWIDTH-35', 4095, 10, 'SLON.LEATHR.SECT.CSRGHT - LTHR-02 - Leg001-3'),
		(4, 17, 'https://content.cylindo.com/api/v2/4472/products/SLON.LEATHR.SECT.CSRGHT/frames/1/SLON.LEATHR.SECT.CSRGHT.JPG?background=FFFFFF&feature=COLOR:LTHR-02&feature=FINISH:Leg002-2&feature=CUSHIONS:CUSHION-2&feature=DEPTH:DEPTH-36&feature=CHAISE%20LENGTH:CHAISE-63&feature=CHAISE%20WIDTH:CHAISEWIDTH-35', 4095, 10, 'SLON.LEATHR.SECT.CSRGHT - LTHR-02 - Leg002-2'),
		(4, 18, 'https://content.cylindo.com/api/v2/4472/products/SLON.LEATHR.SECT.CSRGHT/frames/1/SLON.LEATHR.SECT.CSRGHT.JPG?background=FFFFFF&feature=COLOR:LTHR-02&feature=FINISH:Leg002-3&feature=CUSHIONS:CUSHION-2&feature=DEPTH:DEPTH-36&feature=CHAISE%20LENGTH:CHAISE-63&feature=CHAISE%20WIDTH:CHAISEWIDTH-35', 4095, 10, 'SLON.LEATHR.SECT.CSRGHT - LTHR-02 - Leg002-3'),
		(4, 19, 'https://content.cylindo.com/api/v2/4472/products/SLON.LEATHR.SECT.CSRGHT/frames/1/SLON.LEATHR.SECT.CSRGHT.JPG?background=FFFFFF&feature=COLOR:LTHR-02&feature=FINISH:Leg002-4&feature=CUSHIONS:CUSHION-2&feature=DEPTH:DEPTH-36&feature=CHAISE%20LENGTH:CHAISE-63&feature=CHAISE%20WIDTH:CHAISEWIDTH-35', 4095, 10, 'SLON.LEATHR.SECT.CSRGHT - LTHR-02 - Leg002-4'),
		(4, 20, 'https://content.cylindo.com/api/v2/4472/products/SLON.LEATHR.SECT.CSRGHT/frames/1/SLON.LEATHR.SECT.CSRGHT.JPG?background=FFFFFF&feature=COLOR:LTHR-02&feature=FINISH:Leg014-2&feature=CUSHIONS:CUSHION-2&feature=DEPTH:DEPTH-36&feature=CHAISE%20LENGTH:CHAISE-63&feature=CHAISE%20WIDTH:CHAISEWIDTH-35', 4095, 10, 'SLON.LEATHR.SECT.CSRGHT - LTHR-02 - Leg014-2'),
		(4, 21, 'https://content.cylindo.com/api/v2/4472/products/SLON.LEATHR.SECT.CSRGHT/frames/1/SLON.LEATHR.SECT.CSRGHT.JPG?background=FFFFFF&feature=COLOR:8519A&feature=FINISH:Leg008-1&feature=CUSHIONS:CUSHION-2&feature=DEPTH:DEPTH-36&feature=CHAISE%20LENGTH:CHAISE-63&feature=CHAISE%20WIDTH:CHAISEWIDTH-35', 4095, 10, 'SLON.LEATHR.SECT.CSRGHT - 8519A - Leg008-1'),
		(4, 22, 'https://content.cylindo.com/api/v2/4472/products/SLON.LEATHR.SECT.CSRGHT/frames/1/SLON.LEATHR.SECT.CSRGHT.JPG?background=FFFFFF&feature=COLOR:8519A&feature=FINISH:Leg008-3&feature=CUSHIONS:CUSHION-2&feature=DEPTH:DEPTH-36&feature=CHAISE%20LENGTH:CHAISE-63&feature=CHAISE%20WIDTH:CHAISEWIDTH-35', 4095, 10, 'SLON.LEATHR.SECT.CSRGHT - 8519A - Leg008-3'),
		(4, 23, 'https://content.cylindo.com/api/v2/4472/products/SLON.LEATHR.SECT.CSRGHT/frames/1/SLON.LEATHR.SECT.CSRGHT.JPG?background=FFFFFF&feature=COLOR:8519A&feature=FINISH:Leg008-2&feature=CUSHIONS:CUSHION-2&feature=DEPTH:DEPTH-36&feature=CHAISE%20LENGTH:CHAISE-63&feature=CHAISE%20WIDTH:CHAISEWIDTH-35', 4095, 10, 'SLON.LEATHR.SECT.CSRGHT - 8519A - Leg008-2'),
		(4, 24, 'https://content.cylindo.com/api/v2/4472/products/SLON.LEATHR.SECT.CSRGHT/frames/1/SLON.LEATHR.SECT.CSRGHT.JPG?background=FFFFFF&feature=COLOR:8519A&feature=FINISH:Leg001-1&feature=CUSHIONS:CUSHION-2&feature=DEPTH:DEPTH-36&feature=CHAISE%20LENGTH:CHAISE-63&feature=CHAISE%20WIDTH:CHAISEWIDTH-35', 4095, 10, 'SLON.LEATHR.SECT.CSRGHT - 8519A - Leg001-1'),
		(4, 25, 'https://content.cylindo.com/api/v2/4472/products/SLON.LEATHR.SECT.CSRGHT/frames/1/SLON.LEATHR.SECT.CSRGHT.JPG?background=FFFFFF&feature=COLOR:8519A&feature=FINISH:Leg001-2&feature=CUSHIONS:CUSHION-2&feature=DEPTH:DEPTH-36&feature=CHAISE%20LENGTH:CHAISE-63&feature=CHAISE%20WIDTH:CHAISEWIDTH-35', 4095, 10, 'SLON.LEATHR.SECT.CSRGHT - 8519A - Leg001-2'),
		(4, 26, 'https://content.cylindo.com/api/v2/4472/products/SLON.LEATHR.SECT.CSRGHT/frames/1/SLON.LEATHR.SECT.CSRGHT.JPG?background=FFFFFF&feature=COLOR:8519A&feature=FINISH:Leg001-3&feature=CUSHIONS:CUSHION-2&feature=DEPTH:DEPTH-36&feature=CHAISE%20LENGTH:CHAISE-63&feature=CHAISE%20WIDTH:CHAISEWIDTH-35', 4095, 10, 'SLON.LEATHR.SECT.CSRGHT - 8519A - Leg001-3'),
		(4, 27, 'https://content.cylindo.com/api/v2/4472/products/SLON.LEATHR.SECT.CSRGHT/frames/1/SLON.LEATHR.SECT.CSRGHT.JPG?background=FFFFFF&feature=COLOR:8519A&feature=FINISH:Leg002-2&feature=CUSHIONS:CUSHION-2&feature=DEPTH:DEPTH-36&feature=CHAISE%20LENGTH:CHAISE-63&feature=CHAISE%20WIDTH:CHAISEWIDTH-35', 4095, 10, 'SLON.LEATHR.SECT.CSRGHT - 8519A - Leg002-2'),
		(4, 28, 'https://content.cylindo.com/api/v2/4472/products/SLON.LEATHR.SECT.CSRGHT/frames/1/SLON.LEATHR.SECT.CSRGHT.JPG?background=FFFFFF&feature=COLOR:8519A&feature=FINISH:Leg002-3&feature=CUSHIONS:CUSHION-2&feature=DEPTH:DEPTH-36&feature=CHAISE%20LENGTH:CHAISE-63&feature=CHAISE%20WIDTH:CHAISEWIDTH-35', 4095, 10, 'SLON.LEATHR.SECT.CSRGHT - 8519A - Leg002-3'),
		(4, 29, 'https://content.cylindo.com/api/v2/4472/products/SLON.LEATHR.SECT.CSRGHT/frames/1/SLON.LEATHR.SECT.CSRGHT.JPG?background=FFFFFF&feature=COLOR:8519A&feature=FINISH:Leg002-4&feature=CUSHIONS:CUSHION-2&feature=DEPTH:DEPTH-36&feature=CHAISE%20LENGTH:CHAISE-63&feature=CHAISE%20WIDTH:CHAISEWIDTH-35', 4095, 10, 'SLON.LEATHR.SECT.CSRGHT - 8519A - Leg002-4'),
		(4, 30, 'https://content.cylindo.com/api/v2/4472/products/SLON.LEATHR.SECT.CSRGHT/frames/1/SLON.LEATHR.SECT.CSRGHT.JPG?background=FFFFFF&feature=COLOR:8519A&feature=FINISH:Leg014-2&feature=CUSHIONS:CUSHION-2&feature=DEPTH:DEPTH-36&feature=CHAISE%20LENGTH:CHAISE-63&feature=CHAISE%20WIDTH:CHAISEWIDTH-35', 4095, 10, 'SLON.LEATHR.SECT.CSRGHT - 8519A - Leg014-2'),
		(4, 31, 'https://content.cylindo.com/api/v2/4472/products/SLON.LEATHR.SECT.CSRGHT/frames/1/SLON.LEATHR.SECT.CSRGHT.JPG?background=FFFFFF&feature=COLOR:LTHR-01&feature=FINISH:Leg008-1&feature=CUSHIONS:CUSHION-2&feature=DEPTH:DEPTH-36&feature=CHAISE%20LENGTH:CHAISE-63&feature=CHAISE%20WIDTH:CHAISEWIDTH-35', 4095, 10, 'SLON.LEATHR.SECT.CSRGHT - LTHR-01 - Leg008-1'),
		(4, 32, 'https://content.cylindo.com/api/v2/4472/products/SLON.LEATHR.SECT.CSRGHT/frames/1/SLON.LEATHR.SECT.CSRGHT.JPG?background=FFFFFF&feature=COLOR:LTHR-01&feature=FINISH:Leg008-3&feature=CUSHIONS:CUSHION-2&feature=DEPTH:DEPTH-36&feature=CHAISE%20LENGTH:CHAISE-63&feature=CHAISE%20WIDTH:CHAISEWIDTH-35', 4095, 10, 'SLON.LEATHR.SECT.CSRGHT - LTHR-01 - Leg008-3'),
		(4, 33, 'https://content.cylindo.com/api/v2/4472/products/SLON.LEATHR.SECT.CSRGHT/frames/1/SLON.LEATHR.SECT.CSRGHT.JPG?background=FFFFFF&feature=COLOR:LTHR-01&feature=FINISH:Leg008-2&feature=CUSHIONS:CUSHION-2&feature=DEPTH:DEPTH-36&feature=CHAISE%20LENGTH:CHAISE-63&feature=CHAISE%20WIDTH:CHAISEWIDTH-35', 4095, 10, 'SLON.LEATHR.SECT.CSRGHT - LTHR-01 - Leg008-2'),
		(4, 34, 'https://content.cylindo.com/api/v2/4472/products/SLON.LEATHR.SECT.CSRGHT/frames/1/SLON.LEATHR.SECT.CSRGHT.JPG?background=FFFFFF&feature=COLOR:LTHR-01&feature=FINISH:Leg001-1&feature=CUSHIONS:CUSHION-2&feature=DEPTH:DEPTH-36&feature=CHAISE%20LENGTH:CHAISE-63&feature=CHAISE%20WIDTH:CHAISEWIDTH-35', 4095, 10, 'SLON.LEATHR.SECT.CSRGHT - LTHR-01 - Leg001-1'),
		(4, 35, 'https://content.cylindo.com/api/v2/4472/products/SLON.LEATHR.SECT.CSRGHT/frames/1/SLON.LEATHR.SECT.CSRGHT.JPG?background=FFFFFF&feature=COLOR:LTHR-01&feature=FINISH:Leg001-2&feature=CUSHIONS:CUSHION-2&feature=DEPTH:DEPTH-36&feature=CHAISE%20LENGTH:CHAISE-63&feature=CHAISE%20WIDTH:CHAISEWIDTH-35', 4095, 10, 'SLON.LEATHR.SECT.CSRGHT - LTHR-01 - Leg001-2'),
		(4, 36, 'https://content.cylindo.com/api/v2/4472/products/SLON.LEATHR.SECT.CSRGHT/frames/1/SLON.LEATHR.SECT.CSRGHT.JPG?background=FFFFFF&feature=COLOR:LTHR-01&feature=FINISH:Leg001-3&feature=CUSHIONS:CUSHION-2&feature=DEPTH:DEPTH-36&feature=CHAISE%20LENGTH:CHAISE-63&feature=CHAISE%20WIDTH:CHAISEWIDTH-35', 4095, 10, 'SLON.LEATHR.SECT.CSRGHT - LTHR-01 - Leg001-3'),
		(4, 37, 'https://content.cylindo.com/api/v2/4472/products/SLON.LEATHR.SECT.CSRGHT/frames/1/SLON.LEATHR.SECT.CSRGHT.JPG?background=FFFFFF&feature=COLOR:LTHR-01&feature=FINISH:Leg002-2&feature=CUSHIONS:CUSHION-2&feature=DEPTH:DEPTH-36&feature=CHAISE%20LENGTH:CHAISE-63&feature=CHAISE%20WIDTH:CHAISEWIDTH-35', 4095, 10, 'SLON.LEATHR.SECT.CSRGHT - LTHR-01 - Leg002-2'),
		(4, 38, 'https://content.cylindo.com/api/v2/4472/products/SLON.LEATHR.SECT.CSRGHT/frames/1/SLON.LEATHR.SECT.CSRGHT.JPG?background=FFFFFF&feature=COLOR:LTHR-01&feature=FINISH:Leg002-3&feature=CUSHIONS:CUSHION-2&feature=DEPTH:DEPTH-36&feature=CHAISE%20LENGTH:CHAISE-63&feature=CHAISE%20WIDTH:CHAISEWIDTH-35', 4095, 10, 'SLON.LEATHR.SECT.CSRGHT - LTHR-01 - Leg002-3'),
		(4, 39, 'https://content.cylindo.com/api/v2/4472/products/SLON.LEATHR.SECT.CSRGHT/frames/1/SLON.LEATHR.SECT.CSRGHT.JPG?background=FFFFFF&feature=COLOR:LTHR-01&feature=FINISH:Leg002-4&feature=CUSHIONS:CUSHION-2&feature=DEPTH:DEPTH-36&feature=CHAISE%20LENGTH:CHAISE-63&feature=CHAISE%20WIDTH:CHAISEWIDTH-35', 4095, 10, 'SLON.LEATHR.SECT.CSRGHT - LTHR-01 - Leg002-4'),
		(4, 40, 'https://content.cylindo.com/api/v2/4472/products/SLON.LEATHR.SECT.CSRGHT/frames/1/SLON.LEATHR.SECT.CSRGHT.JPG?background=FFFFFF&feature=COLOR:LTHR-01&feature=FINISH:Leg014-2&feature=CUSHIONS:CUSHION-2&feature=DEPTH:DEPTH-36&feature=CHAISE%20LENGTH:CHAISE-63&feature=CHAISE%20WIDTH:CHAISEWIDTH-35', 4095, 10, 'SLON.LEATHR.SECT.CSRGHT - LTHR-01 - Leg014-2'),
		(4, 41, 'https://content.cylindo.com/api/v2/4472/products/SLON.LEATHR.SECT.CSRGHT/frames/1/SLON.LEATHR.SECT.CSRGHT.JPG?background=FFFFFF&feature=COLOR:LTHR-03&feature=FINISH:Leg008-1&feature=CUSHIONS:CUSHION-2&feature=DEPTH:DEPTH-36&feature=CHAISE%20LENGTH:CHAISE-63&feature=CHAISE%20WIDTH:CHAISEWIDTH-35', 4095, 10, 'SLON.LEATHR.SECT.CSRGHT - LTHR-03 - Leg008-1'),
		(4, 42, 'https://content.cylindo.com/api/v2/4472/products/SLON.LEATHR.SECT.CSRGHT/frames/1/SLON.LEATHR.SECT.CSRGHT.JPG?background=FFFFFF&feature=COLOR:LTHR-03&feature=FINISH:Leg008-3&feature=CUSHIONS:CUSHION-2&feature=DEPTH:DEPTH-36&feature=CHAISE%20LENGTH:CHAISE-63&feature=CHAISE%20WIDTH:CHAISEWIDTH-35', 4095, 10, 'SLON.LEATHR.SECT.CSRGHT - LTHR-03 - Leg008-3'),
		(4, 43, 'https://content.cylindo.com/api/v2/4472/products/SLON.LEATHR.SECT.CSRGHT/frames/1/SLON.LEATHR.SECT.CSRGHT.JPG?background=FFFFFF&feature=COLOR:LTHR-03&feature=FINISH:Leg008-2&feature=CUSHIONS:CUSHION-2&feature=DEPTH:DEPTH-36&feature=CHAISE%20LENGTH:CHAISE-63&feature=CHAISE%20WIDTH:CHAISEWIDTH-35', 4095, 10, 'SLON.LEATHR.SECT.CSRGHT - LTHR-03 - Leg008-2'),
		(4, 44, 'https://content.cylindo.com/api/v2/4472/products/SLON.LEATHR.SECT.CSRGHT/frames/1/SLON.LEATHR.SECT.CSRGHT.JPG?background=FFFFFF&feature=COLOR:LTHR-03&feature=FINISH:Leg001-1&feature=CUSHIONS:CUSHION-2&feature=DEPTH:DEPTH-36&feature=CHAISE%20LENGTH:CHAISE-63&feature=CHAISE%20WIDTH:CHAISEWIDTH-35', 4095, 10, 'SLON.LEATHR.SECT.CSRGHT - LTHR-03 - Leg001-1'),
		(4, 45, 'https://content.cylindo.com/api/v2/4472/products/SLON.LEATHR.SECT.CSRGHT/frames/1/SLON.LEATHR.SECT.CSRGHT.JPG?background=FFFFFF&feature=COLOR:LTHR-03&feature=FINISH:Leg001-2&feature=CUSHIONS:CUSHION-2&feature=DEPTH:DEPTH-36&feature=CHAISE%20LENGTH:CHAISE-63&feature=CHAISE%20WIDTH:CHAISEWIDTH-35', 4095, 10, 'SLON.LEATHR.SECT.CSRGHT - LTHR-03 - Leg001-2'),
		(4, 46, 'https://content.cylindo.com/api/v2/4472/products/SLON.LEATHR.SECT.CSRGHT/frames/1/SLON.LEATHR.SECT.CSRGHT.JPG?background=FFFFFF&feature=COLOR:LTHR-03&feature=FINISH:Leg001-3&feature=CUSHIONS:CUSHION-2&feature=DEPTH:DEPTH-36&feature=CHAISE%20LENGTH:CHAISE-63&feature=CHAISE%20WIDTH:CHAISEWIDTH-35', 4095, 10, 'SLON.LEATHR.SECT.CSRGHT - LTHR-03 - Leg001-3'),
		(4, 47, 'https://content.cylindo.com/api/v2/4472/products/SLON.LEATHR.SECT.CSRGHT/frames/1/SLON.LEATHR.SECT.CSRGHT.JPG?background=FFFFFF&feature=COLOR:LTHR-03&feature=FINISH:Leg002-2&feature=CUSHIONS:CUSHION-2&feature=DEPTH:DEPTH-36&feature=CHAISE%20LENGTH:CHAISE-63&feature=CHAISE%20WIDTH:CHAISEWIDTH-35', 4095, 10, 'SLON.LEATHR.SECT.CSRGHT - LTHR-03 - Leg002-2'),
		(4, 48, 'https://content.cylindo.com/api/v2/4472/products/SLON.LEATHR.SECT.CSRGHT/frames/1/SLON.LEATHR.SECT.CSRGHT.JPG?background=FFFFFF&feature=COLOR:LTHR-03&feature=FINISH:Leg002-3&feature=CUSHIONS:CUSHION-2&feature=DEPTH:DEPTH-36&feature=CHAISE%20LENGTH:CHAISE-63&feature=CHAISE%20WIDTH:CHAISEWIDTH-35', 4095, 10, 'SLON.LEATHR.SECT.CSRGHT - LTHR-03 - Leg002-3'),
		(4, 49, 'https://content.cylindo.com/api/v2/4472/products/SLON.LEATHR.SECT.CSRGHT/frames/1/SLON.LEATHR.SECT.CSRGHT.JPG?background=FFFFFF&feature=COLOR:LTHR-03&feature=FINISH:Leg002-4&feature=CUSHIONS:CUSHION-2&feature=DEPTH:DEPTH-36&feature=CHAISE%20LENGTH:CHAISE-63&feature=CHAISE%20WIDTH:CHAISEWIDTH-35', 4095, 10, 'SLON.LEATHR.SECT.CSRGHT - LTHR-03 - Leg002-4'),
		(4, 50, 'https://content.cylindo.com/api/v2/4472/products/SLON.LEATHR.SECT.CSRGHT/frames/1/SLON.LEATHR.SECT.CSRGHT.JPG?background=FFFFFF&feature=COLOR:LTHR-03&feature=FINISH:Leg014-2&feature=CUSHIONS:CUSHION-2&feature=DEPTH:DEPTH-36&feature=CHAISE%20LENGTH:CHAISE-63&feature=CHAISE%20WIDTH:CHAISEWIDTH-35', 4095, 10, 'SLON.LEATHR.SECT.CSRGHT - LTHR-03 - Leg014-2'),
		(4, 51, 'https://content.cylindo.com/api/v2/4472/products/SLON.LEATHR.SECT.CSRGHT/frames/1/SLON.LEATHR.SECT.CSRGHT.JPG?background=FFFFFF&feature=COLOR:LTHR-05&feature=FINISH:Leg008-1&feature=CUSHIONS:CUSHION-2&feature=DEPTH:DEPTH-36&feature=CHAISE%20LENGTH:CHAISE-63&feature=CHAISE%20WIDTH:CHAISEWIDTH-35', 4095, 10, 'SLON.LEATHR.SECT.CSRGHT - LTHR-05 - Leg008-1'),
		(4, 52, 'https://content.cylindo.com/api/v2/4472/products/SLON.LEATHR.SECT.CSRGHT/frames/1/SLON.LEATHR.SECT.CSRGHT.JPG?background=FFFFFF&feature=COLOR:LTHR-05&feature=FINISH:Leg008-3&feature=CUSHIONS:CUSHION-2&feature=DEPTH:DEPTH-36&feature=CHAISE%20LENGTH:CHAISE-63&feature=CHAISE%20WIDTH:CHAISEWIDTH-35', 4095, 10, 'SLON.LEATHR.SECT.CSRGHT - LTHR-05 - Leg008-3'),
		(4, 53, 'https://content.cylindo.com/api/v2/4472/products/SLON.LEATHR.SECT.CSRGHT/frames/1/SLON.LEATHR.SECT.CSRGHT.JPG?background=FFFFFF&feature=COLOR:LTHR-05&feature=FINISH:Leg008-2&feature=CUSHIONS:CUSHION-2&feature=DEPTH:DEPTH-36&feature=CHAISE%20LENGTH:CHAISE-63&feature=CHAISE%20WIDTH:CHAISEWIDTH-35', 4095, 10, 'SLON.LEATHR.SECT.CSRGHT - LTHR-05 - Leg008-2'),
		(4, 54, 'https://content.cylindo.com/api/v2/4472/products/SLON.LEATHR.SECT.CSRGHT/frames/1/SLON.LEATHR.SECT.CSRGHT.JPG?background=FFFFFF&feature=COLOR:LTHR-05&feature=FINISH:Leg001-1&feature=CUSHIONS:CUSHION-2&feature=DEPTH:DEPTH-36&feature=CHAISE%20LENGTH:CHAISE-63&feature=CHAISE%20WIDTH:CHAISEWIDTH-35', 4095, 10, 'SLON.LEATHR.SECT.CSRGHT - LTHR-05 - Leg001-1'),
		(4, 55, 'https://content.cylindo.com/api/v2/4472/products/SLON.LEATHR.SECT.CSRGHT/frames/1/SLON.LEATHR.SECT.CSRGHT.JPG?background=FFFFFF&feature=COLOR:LTHR-05&feature=FINISH:Leg001-2&feature=CUSHIONS:CUSHION-2&feature=DEPTH:DEPTH-36&feature=CHAISE%20LENGTH:CHAISE-63&feature=CHAISE%20WIDTH:CHAISEWIDTH-35', 4095, 10, 'SLON.LEATHR.SECT.CSRGHT - LTHR-05 - Leg001-2'),
		(4, 56, 'https://content.cylindo.com/api/v2/4472/products/SLON.LEATHR.SECT.CSRGHT/frames/1/SLON.LEATHR.SECT.CSRGHT.JPG?background=FFFFFF&feature=COLOR:LTHR-05&feature=FINISH:Leg001-3&feature=CUSHIONS:CUSHION-2&feature=DEPTH:DEPTH-36&feature=CHAISE%20LENGTH:CHAISE-63&feature=CHAISE%20WIDTH:CHAISEWIDTH-35', 4095, 10, 'SLON.LEATHR.SECT.CSRGHT - LTHR-05 - Leg001-3'),
		(4, 57, 'https://content.cylindo.com/api/v2/4472/products/SLON.LEATHR.SECT.CSRGHT/frames/1/SLON.LEATHR.SECT.CSRGHT.JPG?background=FFFFFF&feature=COLOR:LTHR-05&feature=FINISH:Leg002-2&feature=CUSHIONS:CUSHION-2&feature=DEPTH:DEPTH-36&feature=CHAISE%20LENGTH:CHAISE-63&feature=CHAISE%20WIDTH:CHAISEWIDTH-35', 4095, 10, 'SLON.LEATHR.SECT.CSRGHT - LTHR-05 - Leg002-2'),
		(4, 58, 'https://content.cylindo.com/api/v2/4472/products/SLON.LEATHR.SECT.CSRGHT/frames/1/SLON.LEATHR.SECT.CSRGHT.JPG?background=FFFFFF&feature=COLOR:LTHR-05&feature=FINISH:Leg002-3&feature=CUSHIONS:CUSHION-2&feature=DEPTH:DEPTH-36&feature=CHAISE%20LENGTH:CHAISE-63&feature=CHAISE%20WIDTH:CHAISEWIDTH-35', 4095, 10, 'SLON.LEATHR.SECT.CSRGHT - LTHR-05 - Leg002-3'),
		(4, 59, 'https://content.cylindo.com/api/v2/4472/products/SLON.LEATHR.SECT.CSRGHT/frames/1/SLON.LEATHR.SECT.CSRGHT.JPG?background=FFFFFF&feature=COLOR:LTHR-05&feature=FINISH:Leg002-4&feature=CUSHIONS:CUSHION-2&feature=DEPTH:DEPTH-36&feature=CHAISE%20LENGTH:CHAISE-63&feature=CHAISE%20WIDTH:CHAISEWIDTH-35', 4095, 10, 'SLON.LEATHR.SECT.CSRGHT - LTHR-05 - Leg002-4'),
		(4, 60, 'https://content.cylindo.com/api/v2/4472/products/SLON.LEATHR.SECT.CSRGHT/frames/1/SLON.LEATHR.SECT.CSRGHT.JPG?background=FFFFFF&feature=COLOR:LTHR-05&feature=FINISH:Leg014-2&feature=CUSHIONS:CUSHION-2&feature=DEPTH:DEPTH-36&feature=CHAISE%20LENGTH:CHAISE-63&feature=CHAISE%20WIDTH:CHAISEWIDTH-35', 4095, 10, 'SLON.LEATHR.SECT.CSRGHT - LTHR-05 - Leg014-2'),
		(4, 61, 'https://content.cylindo.com/api/v2/4472/products/SLON.LEATHR.SECT.CSRGHT/frames/1/SLON.LEATHR.SECT.CSRGHT.JPG?background=FFFFFF&feature=COLOR:LTHR-04&feature=FINISH:Leg008-1&feature=CUSHIONS:CUSHION-2&feature=DEPTH:DEPTH-36&feature=CHAISE%20LENGTH:CHAISE-63&feature=CHAISE%20WIDTH:CHAISEWIDTH-35', 4095, 10, 'SLON.LEATHR.SECT.CSRGHT - LTHR-04 - Leg008-1'),
		(4, 62, 'https://content.cylindo.com/api/v2/4472/products/SLON.LEATHR.SECT.CSRGHT/frames/1/SLON.LEATHR.SECT.CSRGHT.JPG?background=FFFFFF&feature=COLOR:LTHR-04&feature=FINISH:Leg008-3&feature=CUSHIONS:CUSHION-2&feature=DEPTH:DEPTH-36&feature=CHAISE%20LENGTH:CHAISE-63&feature=CHAISE%20WIDTH:CHAISEWIDTH-35', 4095, 10, 'SLON.LEATHR.SECT.CSRGHT - LTHR-04 - Leg008-3'),
		(4, 63, 'https://content.cylindo.com/api/v2/4472/products/SLON.LEATHR.SECT.CSRGHT/frames/1/SLON.LEATHR.SECT.CSRGHT.JPG?background=FFFFFF&feature=COLOR:LTHR-04&feature=FINISH:Leg008-2&feature=CUSHIONS:CUSHION-2&feature=DEPTH:DEPTH-36&feature=CHAISE%20LENGTH:CHAISE-63&feature=CHAISE%20WIDTH:CHAISEWIDTH-35', 4095, 10, 'SLON.LEATHR.SECT.CSRGHT - LTHR-04 - Leg008-2'),
		(4, 64, 'https://content.cylindo.com/api/v2/4472/products/SLON.LEATHR.SECT.CSRGHT/frames/1/SLON.LEATHR.SECT.CSRGHT.JPG?background=FFFFFF&feature=COLOR:LTHR-04&feature=FINISH:Leg001-1&feature=CUSHIONS:CUSHION-2&feature=DEPTH:DEPTH-36&feature=CHAISE%20LENGTH:CHAISE-63&feature=CHAISE%20WIDTH:CHAISEWIDTH-35', 4095, 10, 'SLON.LEATHR.SECT.CSRGHT - LTHR-04 - Leg001-1'),
		(4, 65, 'https://content.cylindo.com/api/v2/4472/products/SLON.LEATHR.SECT.CSRGHT/frames/1/SLON.LEATHR.SECT.CSRGHT.JPG?background=FFFFFF&feature=COLOR:LTHR-04&feature=FINISH:Leg001-2&feature=CUSHIONS:CUSHION-2&feature=DEPTH:DEPTH-36&feature=CHAISE%20LENGTH:CHAISE-63&feature=CHAISE%20WIDTH:CHAISEWIDTH-35', 4095, 10, 'SLON.LEATHR.SECT.CSRGHT - LTHR-04 - Leg001-2'),
		(4, 66, 'https://content.cylindo.com/api/v2/4472/products/SLON.LEATHR.SECT.CSRGHT/frames/1/SLON.LEATHR.SECT.CSRGHT.JPG?background=FFFFFF&feature=COLOR:LTHR-04&feature=FINISH:Leg001-3&feature=CUSHIONS:CUSHION-2&feature=DEPTH:DEPTH-36&feature=CHAISE%20LENGTH:CHAISE-63&feature=CHAISE%20WIDTH:CHAISEWIDTH-35', 4095, 10, 'SLON.LEATHR.SECT.CSRGHT - LTHR-04 - Leg001-3'),
		(4, 67, 'https://content.cylindo.com/api/v2/4472/products/SLON.LEATHR.SECT.CSRGHT/frames/1/SLON.LEATHR.SECT.CSRGHT.JPG?background=FFFFFF&feature=COLOR:LTHR-04&feature=FINISH:Leg002-2&feature=CUSHIONS:CUSHION-2&feature=DEPTH:DEPTH-36&feature=CHAISE%20LENGTH:CHAISE-63&feature=CHAISE%20WIDTH:CHAISEWIDTH-35', 4095, 10, 'SLON.LEATHR.SECT.CSRGHT - LTHR-04 - Leg002-2'),
		(4, 68, 'https://content.cylindo.com/api/v2/4472/products/SLON.LEATHR.SECT.CSRGHT/frames/1/SLON.LEATHR.SECT.CSRGHT.JPG?background=FFFFFF&feature=COLOR:LTHR-04&feature=FINISH:Leg002-3&feature=CUSHIONS:CUSHION-2&feature=DEPTH:DEPTH-36&feature=CHAISE%20LENGTH:CHAISE-63&feature=CHAISE%20WIDTH:CHAISEWIDTH-35', 4095, 10, 'SLON.LEATHR.SECT.CSRGHT - LTHR-04 - Leg002-3'),
		(4, 69, 'https://content.cylindo.com/api/v2/4472/products/SLON.LEATHR.SECT.CSRGHT/frames/1/SLON.LEATHR.SECT.CSRGHT.JPG?background=FFFFFF&feature=COLOR:LTHR-04&feature=FINISH:Leg002-4&feature=CUSHIONS:CUSHION-2&feature=DEPTH:DEPTH-36&feature=CHAISE%20LENGTH:CHAISE-63&feature=CHAISE%20WIDTH:CHAISEWIDTH-35', 4095, 10, 'SLON.LEATHR.SECT.CSRGHT - LTHR-04 - Leg002-4'),
		(4, 70, 'https://content.cylindo.com/api/v2/4472/products/SLON.LEATHR.SECT.CSRGHT/frames/1/SLON.LEATHR.SECT.CSRGHT.JPG?background=FFFFFF&feature=COLOR:LTHR-04&feature=FINISH:Leg014-2&feature=CUSHIONS:CUSHION-2&feature=DEPTH:DEPTH-36&feature=CHAISE%20LENGTH:CHAISE-63&feature=CHAISE%20WIDTH:CHAISEWIDTH-35', 4095, 10, 'SLON.LEATHR.SECT.CSRGHT - LTHR-04 - Leg014-2'),
		(4, 71, 'https://content.cylindo.com/api/v2/4472/products/SLON.LEATHR.SECT.CSRGHT/frames/1/SLON.LEATHR.SECT.CSRGHT.JPG?background=FFFFFF&feature=COLOR:LTHR-06&feature=FINISH:Leg008-1&feature=CUSHIONS:CUSHION-2&feature=DEPTH:DEPTH-36&feature=CHAISE%20LENGTH:CHAISE-63&feature=CHAISE%20WIDTH:CHAISEWIDTH-35', 4095, 10, 'SLON.LEATHR.SECT.CSRGHT - LTHR-06 - Leg008-1'),
		(4, 72, 'https://content.cylindo.com/api/v2/4472/products/SLON.LEATHR.SECT.CSRGHT/frames/1/SLON.LEATHR.SECT.CSRGHT.JPG?background=FFFFFF&feature=COLOR:LTHR-06&feature=FINISH:Leg008-3&feature=CUSHIONS:CUSHION-2&feature=DEPTH:DEPTH-36&feature=CHAISE%20LENGTH:CHAISE-63&feature=CHAISE%20WIDTH:CHAISEWIDTH-35', 4095, 10, 'SLON.LEATHR.SECT.CSRGHT - LTHR-06 - Leg008-3'),
		(4, 73, 'https://content.cylindo.com/api/v2/4472/products/SLON.LEATHR.SECT.CSRGHT/frames/1/SLON.LEATHR.SECT.CSRGHT.JPG?background=FFFFFF&feature=COLOR:LTHR-06&feature=FINISH:Leg008-2&feature=CUSHIONS:CUSHION-2&feature=DEPTH:DEPTH-36&feature=CHAISE%20LENGTH:CHAISE-63&feature=CHAISE%20WIDTH:CHAISEWIDTH-35', 4095, 10, 'SLON.LEATHR.SECT.CSRGHT - LTHR-06 - Leg008-2'),
		(4, 74, 'https://content.cylindo.com/api/v2/4472/products/SLON.LEATHR.SECT.CSRGHT/frames/1/SLON.LEATHR.SECT.CSRGHT.JPG?background=FFFFFF&feature=COLOR:LTHR-06&feature=FINISH:Leg001-1&feature=CUSHIONS:CUSHION-2&feature=DEPTH:DEPTH-36&feature=CHAISE%20LENGTH:CHAISE-63&feature=CHAISE%20WIDTH:CHAISEWIDTH-35', 4095, 10, 'SLON.LEATHR.SECT.CSRGHT - LTHR-06 - Leg001-1'),
		(4, 75, 'https://content.cylindo.com/api/v2/4472/products/SLON.LEATHR.SECT.CSRGHT/frames/1/SLON.LEATHR.SECT.CSRGHT.JPG?background=FFFFFF&feature=COLOR:LTHR-06&feature=FINISH:Leg001-2&feature=CUSHIONS:CUSHION-2&feature=DEPTH:DEPTH-36&feature=CHAISE%20LENGTH:CHAISE-63&feature=CHAISE%20WIDTH:CHAISEWIDTH-35', 4095, 10, 'SLON.LEATHR.SECT.CSRGHT - LTHR-06 - Leg001-2'),
		(4, 76, 'https://content.cylindo.com/api/v2/4472/products/SLON.LEATHR.SECT.CSRGHT/frames/1/SLON.LEATHR.SECT.CSRGHT.JPG?background=FFFFFF&feature=COLOR:LTHR-06&feature=FINISH:Leg001-3&feature=CUSHIONS:CUSHION-2&feature=DEPTH:DEPTH-36&feature=CHAISE%20LENGTH:CHAISE-63&feature=CHAISE%20WIDTH:CHAISEWIDTH-35', 4095, 10, 'SLON.LEATHR.SECT.CSRGHT - LTHR-06 - Leg001-3'),
		(4, 77, 'https://content.cylindo.com/api/v2/4472/products/SLON.LEATHR.SECT.CSRGHT/frames/1/SLON.LEATHR.SECT.CSRGHT.JPG?background=FFFFFF&feature=COLOR:LTHR-06&feature=FINISH:Leg002-2&feature=CUSHIONS:CUSHION-2&feature=DEPTH:DEPTH-36&feature=CHAISE%20LENGTH:CHAISE-63&feature=CHAISE%20WIDTH:CHAISEWIDTH-35', 4095, 10, 'SLON.LEATHR.SECT.CSRGHT - LTHR-06 - Leg002-2'),
		(4, 78, 'https://content.cylindo.com/api/v2/4472/products/SLON.LEATHR.SECT.CSRGHT/frames/1/SLON.LEATHR.SECT.CSRGHT.JPG?background=FFFFFF&feature=COLOR:LTHR-06&feature=FINISH:Leg002-3&feature=CUSHIONS:CUSHION-2&feature=DEPTH:DEPTH-36&feature=CHAISE%20LENGTH:CHAISE-63&feature=CHAISE%20WIDTH:CHAISEWIDTH-35', 4095, 10, 'SLON.LEATHR.SECT.CSRGHT - LTHR-06 - Leg002-3'),
		(4, 79, 'https://content.cylindo.com/api/v2/4472/products/SLON.LEATHR.SECT.CSRGHT/frames/1/SLON.LEATHR.SECT.CSRGHT.JPG?background=FFFFFF&feature=COLOR:LTHR-06&feature=FINISH:Leg002-4&feature=CUSHIONS:CUSHION-2&feature=DEPTH:DEPTH-36&feature=CHAISE%20LENGTH:CHAISE-63&feature=CHAISE%20WIDTH:CHAISEWIDTH-35', 4095, 10, 'SLON.LEATHR.SECT.CSRGHT - LTHR-06 - Leg002-4'),
		(4, 80, 'https://content.cylindo.com/api/v2/4472/products/SLON.LEATHR.SECT.CSRGHT/frames/1/SLON.LEATHR.SECT.CSRGHT.JPG?background=FFFFFF&feature=COLOR:LTHR-06&feature=FINISH:Leg014-2&feature=CUSHIONS:CUSHION-2&feature=DEPTH:DEPTH-36&feature=CHAISE%20LENGTH:CHAISE-63&feature=CHAISE%20WIDTH:CHAISEWIDTH-35', 4095, 10, 'SLON.LEATHR.SECT.CSRGHT - LTHR-06 - Leg014-2');
	INSERT INTO "variant_value"(product_id, option_id, variant_id, category_id, option_value)
	VALUES
		(1, 1, 1, 3, 'Opal'),
		(1, 2, 1, 3, 'Oiled Walnut'),
		(1, 1, 2, 3, 'Opal'),
		(1, 2, 2, 3, 'Natural Oak'),
		(1, 1, 3, 3, 'Opal'),
		(1, 2, 3, 3, 'Painted Black'),
		(1, 1, 4, 3, 'Opal'),
		(1, 2, 4, 3, 'Chrome Plated'),
		(1, 1, 5, 3, 'Opal'),
		(1, 2, 5, 3, 'Brass Plated'),
		(1, 1, 6, 3, 'Opal'),
		(1, 2, 6, 3, 'Matte Black'),
		(1, 1, 7, 3, 'Opal'),
		(1, 2, 7, 3, 'Natural Oak'),
		(1, 1, 8, 3, 'Opal'),
		(1, 2, 8, 3, 'Painted Black'),
		(1, 1, 9, 3, 'Opal'),
		(1, 2, 9, 3, 'Oiled Walnut'),
		(1, 1, 10, 3, 'Opal'),
		(1, 2, 10, 3, 'Matte Black'),
		(1, 1, 11, 3, 'Abyss'),
		(1, 2, 11, 3, 'Oiled Walnut'),
		(1, 1, 12, 3, 'Abyss'),
		(1, 2, 12, 3, 'Natural Oak'),
		(1, 1, 13, 3, 'Abyss'),
		(1, 2, 13, 3, 'Painted Black'),
		(1, 1, 14, 3, 'Abyss'),
		(1, 2, 14, 3, 'Chrome Plated'),
		(1, 1, 15, 3, 'Abyss'),
		(1, 2, 15, 3, 'Brass Plated'),
		(1, 1, 16, 3, 'Abyss'),
		(1, 2, 16, 3, 'Matte Black'),
		(1, 1, 17, 3, 'Abyss'),
		(1, 2, 17, 3, 'Natural Oak'),
		(1, 1, 18, 3, 'Abyss'),
		(1, 2, 18, 3, 'Painted Black'),
		(1, 1, 19, 3, 'Abyss'),
		(1, 2, 19, 3, 'Oiled Walnut'),
		(1, 1, 20, 3, 'Abyss'),
		(1, 2, 20, 3, 'Matte Black'),
		(1, 1, 21, 3, 'Pepper'),
		(1, 2, 21, 3, 'Oiled Walnut'),
		(1, 1, 22, 3, 'Pepper'),
		(1, 2, 22, 3, 'Natural Oak'),
		(1, 1, 23, 3, 'Pepper'),
		(1, 2, 23, 3, 'Painted Black'),
		(1, 1, 24, 3, 'Pepper'),
		(1, 2, 24, 3, 'Chrome Plated'),
		(1, 1, 25, 3, 'Pepper'),
		(1, 2, 25, 3, 'Brass Plated'),
		(1, 1, 26, 3, 'Pepper'),
		(1, 2, 26, 3, 'Matte Black'),
		(1, 1, 27, 3, 'Pepper'),
		(1, 2, 27, 3, 'Natural Oak'),
		(1, 1, 28, 3, 'Pepper'),
		(1, 2, 28, 3, 'Painted Black'),
		(1, 1, 29, 3, 'Pepper'),
		(1, 2, 29, 3, 'Oiled Walnut'),
		(1, 1, 30, 3, 'Pepper'),
		(1, 2, 30, 3, 'Matte Black'),
		(1, 1, 31, 3, 'Coral'),
		(1, 2, 31, 3, 'Oiled Walnut'),
		(1, 1, 32, 3, 'Coral'),
		(1, 2, 32, 3, 'Natural Oak'),
		(1, 1, 33, 3, 'Coral'),
		(1, 2, 33, 3, 'Painted Black'),
		(1, 1, 34, 3, 'Coral'),
		(1, 2, 34, 3, 'Chrome Plated'),
		(1, 1, 35, 3, 'Coral'),
		(1, 2, 35, 3, 'Brass Plated'),
		(1, 1, 36, 3, 'Coral'),
		(1, 2, 36, 3, 'Matte Black'),
		(1, 1, 37, 3, 'Coral'),
		(1, 2, 37, 3, 'Natural Oak'),
		(1, 1, 38, 3, 'Coral'),
		(1, 2, 38, 3, 'Painted Black'),
		(1, 1, 39, 3, 'Coral'),
		(1, 2, 39, 3, 'Oiled Walnut'),
		(1, 1, 40, 3, 'Coral'),
		(1, 2, 40, 3, 'Matte Black'),
		(1, 1, 41, 3, 'Rust'),
		(1, 2, 41, 3, 'Oiled Walnut'),
		(1, 1, 42, 3, 'Rust'),
		(1, 2, 42, 3, 'Natural Oak'),
		(1, 1, 43, 3, 'Rust'),
		(1, 2, 43, 3, 'Painted Black'),
		(1, 1, 44, 3, 'Rust'),
		(1, 2, 44, 3, 'Chrome Plated'),
		(1, 1, 45, 3, 'Rust'),
		(1, 2, 45, 3, 'Brass Plated'),
		(1, 1, 46, 3, 'Rust'),
		(1, 2, 46, 3, 'Matte Black'),
		(1, 1, 47, 3, 'Rust'),
		(1, 2, 47, 3, 'Natural Oak'),
		(1, 1, 48, 3, 'Rust'),
		(1, 2, 48, 3, 'Painted Black'),
		(1, 1, 49, 3, 'Rust'),
		(1, 2, 49, 3, 'Oiled Walnut'),
		(1, 1, 50, 3, 'Rust'),
		(1, 2, 50, 3, 'Matte Black'),
		(1, 1, 51, 3, 'Wine'),
		(1, 2, 51, 3, 'Oiled Walnut'),
		(1, 1, 52, 3, 'Wine'),
		(1, 2, 52, 3, 'Natural Oak'),
		(1, 1, 53, 3, 'Wine'),
		(1, 2, 53, 3, 'Painted Black'),
		(1, 1, 54, 3, 'Wine'),
		(1, 2, 54, 3, 'Chrome Plated'),
		(1, 1, 55, 3, 'Wine'),
		(1, 2, 55, 3, 'Brass Plated'),
		(1, 1, 56, 3, 'Wine'),
		(1, 2, 56, 3, 'Matte Black'),
		(1, 1, 57, 3, 'Wine'),
		(1, 2, 57, 3, 'Natural Oak'),
		(1, 1, 58, 3, 'Wine'),
		(1, 2, 58, 3, 'Painted Black'),
		(1, 1, 59, 3, 'Wine'),
		(1, 2, 59, 3, 'Oiled Walnut'),
		(1, 1, 60, 3, 'Wine'),
		(1, 2, 60, 3, 'Matte Black'),
		(1, 1, 61, 3, 'Fawn'),
		(1, 2, 61, 3, 'Oiled Walnut'),
		(1, 1, 62, 3, 'Fawn'),
		(1, 2, 62, 3, 'Natural Oak'),
		(1, 1, 63, 3, 'Fawn'),
		(1, 2, 63, 3, 'Painted Black'),
		(1, 1, 64, 3, 'Fawn'),
		(1, 2, 64, 3, 'Chrome Plated'),
		(1, 1, 65, 3, 'Fawn'),
		(1, 2, 65, 3, 'Brass Plated'),
		(1, 1, 66, 3, 'Fawn'),
		(1, 2, 66, 3, 'Matte Black'),
		(1, 1, 67, 3, 'Fawn'),
		(1, 2, 67, 3, 'Natural Oak'),
		(1, 1, 68, 3, 'Fawn'),
		(1, 2, 68, 3, 'Painted Black'),
		(1, 1, 69, 3, 'Fawn'),
		(1, 2, 69, 3, 'Oiled Walnut'),
		(1, 1, 70, 3, 'Fawn'),
		(1, 2, 70, 3, 'Matte Black'),
		(1, 1, 71, 3, 'Marigold'),
		(1, 2, 71, 3, 'Oiled Walnut'),
		(1, 1, 72, 3, 'Marigold'),
		(1, 2, 72, 3, 'Natural Oak'),
		(1, 1, 73, 3, 'Marigold'),
		(1, 2, 73, 3, 'Painted Black'),
		(1, 1, 74, 3, 'Marigold'),
		(1, 2, 74, 3, 'Chrome Plated'),
		(1, 1, 75, 3, 'Marigold'),
		(1, 2, 75, 3, 'Brass Plated'),
		(1, 1, 76, 3, 'Marigold'),
		(1, 2, 76, 3, 'Matte Black'),
		(1, 1, 77, 3, 'Marigold'),
		(1, 2, 77, 3, 'Natural Oak'),
		(1, 1, 78, 3, 'Marigold'),
		(1, 2, 78, 3, 'Painted Black'),
		(1, 1, 79, 3, 'Marigold'),
		(1, 2, 79, 3, 'Oiled Walnut'),
		(1, 1, 80, 3, 'Marigold'),
		(1, 2, 80, 3, 'Matte Black'),
		(1, 1, 81, 3, 'Sage'),
		(1, 2, 81, 3, 'Oiled Walnut'),
		(1, 1, 82, 3, 'Sage'),
		(1, 2, 82, 3, 'Natural Oak'),
		(1, 1, 83, 3, 'Sage'),
		(1, 2, 83, 3, 'Painted Black'),
		(1, 1, 84, 3, 'Sage'),
		(1, 2, 84, 3, 'Chrome Plated'),
		(1, 1, 85, 3, 'Sage'),
		(1, 2, 85, 3, 'Brass Plated'),
		(1, 1, 86, 3, 'Sage'),
		(1, 2, 86, 3, 'Matte Black'),
		(1, 1, 87, 3, 'Sage'),
		(1, 2, 87, 3, 'Natural Oak'),
		(1, 1, 88, 3, 'Sage'),
		(1, 2, 88, 3, 'Painted Black'),
		(1, 1, 89, 3, 'Sage'),
		(1, 2, 89, 3, 'Oiled Walnut'),
		(1, 1, 90, 3, 'Sage'),
		(1, 2, 90, 3, 'Matte Black'),
		(1, 1, 91, 3, 'Peacock'),
		(1, 2, 91, 3, 'Oiled Walnut'),
		(1, 1, 92, 3, 'Peacock'),
		(1, 2, 92, 3, 'Natural Oak'),
		(1, 1, 93, 3, 'Peacock'),
		(1, 2, 93, 3, 'Painted Black'),
		(1, 1, 94, 3, 'Peacock'),
		(1, 2, 94, 3, 'Chrome Plated'),
		(1, 1, 95, 3, 'Peacock'),
		(1, 2, 95, 3, 'Brass Plated'),
		(1, 1, 96, 3, 'Peacock'),
		(1, 2, 96, 3, 'Matte Black'),
		(1, 1, 97, 3, 'Peacock'),
		(1, 2, 97, 3, 'Natural Oak'),
		(1, 1, 98, 3, 'Peacock'),
		(1, 2, 98, 3, 'Painted Black'),
		(1, 1, 99, 3, 'Peacock'),
		(1, 2, 99, 3, 'Oiled Walnut'),
		(1, 1, 100, 3, 'Peacock'),
		(1, 2, 100, 3, 'Matte Black'),
		(2, 1, 1, 3, 'Palomino'),
		(2, 2, 1, 3, 'Chrome Plated'),
		(2, 1, 2, 3, 'Palomino'),
		(2, 2, 2, 3, 'Brass Plated'),
		(2, 1, 3, 3, 'Palomino'),
		(2, 2, 3, 3, 'Matte Black'),
		(2, 1, 4, 3, 'Palomino'),
		(2, 2, 4, 3, 'Oiled Walnut'),
		(2, 1, 5, 3, 'Palomino'),
		(2, 2, 5, 3, 'Natural Oak'),
		(2, 1, 6, 3, 'Palomino'),
		(2, 2, 6, 3, 'Painted Black'),
		(2, 1, 7, 3, 'Palomino'),
		(2, 2, 7, 3, 'Natural Oak'),
		(2, 1, 8, 3, 'Palomino'),
		(2, 2, 8, 3, 'Painted Black'),
		(2, 1, 9, 3, 'Palomino'),
		(2, 2, 9, 3, 'Oiled Walnut'),
		(2, 1, 10, 3, 'Palomino'),
		(2, 2, 10, 3, 'Matte Black'),
		(2, 1, 11, 3, 'Fossil'),
		(2, 2, 11, 3, 'Chrome Plated'),
		(2, 1, 12, 3, 'Fossil'),
		(2, 2, 12, 3, 'Brass Plated'),
		(2, 1, 13, 3, 'Fossil'),
		(2, 2, 13, 3, 'Matte Black'),
		(2, 1, 14, 3, 'Fossil'),
		(2, 2, 14, 3, 'Oiled Walnut'),
		(2, 1, 15, 3, 'Fossil'),
		(2, 2, 15, 3, 'Natural Oak'),
		(2, 1, 16, 3, 'Fossil'),
		(2, 2, 16, 3, 'Painted Black'),
		(2, 1, 17, 3, 'Fossil'),
		(2, 2, 17, 3, 'Natural Oak'),
		(2, 1, 18, 3, 'Fossil'),
		(2, 2, 18, 3, 'Painted Black'),
		(2, 1, 19, 3, 'Fossil'),
		(2, 2, 19, 3, 'Oiled Walnut'),
		(2, 1, 20, 3, 'Fossil'),
		(2, 2, 20, 3, 'Matte Black'),
		(2, 1, 21, 3, 'Pecan'),
		(2, 2, 21, 3, 'Chrome Plated'),
		(2, 1, 22, 3, 'Pecan'),
		(2, 2, 22, 3, 'Brass Plated'),
		(2, 1, 23, 3, 'Pecan'),
		(2, 2, 23, 3, 'Matte Black'),
		(2, 1, 24, 3, 'Pecan'),
		(2, 2, 24, 3, 'Oiled Walnut'),
		(2, 1, 25, 3, 'Pecan'),
		(2, 2, 25, 3, 'Natural Oak'),
		(2, 1, 26, 3, 'Pecan'),
		(2, 2, 26, 3, 'Painted Black'),
		(2, 1, 27, 3, 'Pecan'),
		(2, 2, 27, 3, 'Natural Oak'),
		(2, 1, 28, 3, 'Pecan'),
		(2, 2, 28, 3, 'Painted Black'),
		(2, 1, 29, 3, 'Pecan'),
		(2, 2, 29, 3, 'Oiled Walnut'),
		(2, 1, 30, 3, 'Pecan'),
		(2, 2, 30, 3, 'Matte Black'),
		(2, 1, 31, 3, 'Cognac'),
		(2, 2, 31, 3, 'Chrome Plated'),
		(2, 1, 32, 3, 'Cognac'),
		(2, 2, 32, 3, 'Brass Plated'),
		(2, 1, 33, 3, 'Cognac'),
		(2, 2, 33, 3, 'Matte Black'),
		(2, 1, 34, 3, 'Cognac'),
		(2, 2, 34, 3, 'Oiled Walnut'),
		(2, 1, 35, 3, 'Cognac'),
		(2, 2, 35, 3, 'Natural Oak'),
		(2, 1, 36, 3, 'Cognac'),
		(2, 2, 36, 3, 'Painted Black'),
		(2, 1, 37, 3, 'Cognac'),
		(2, 2, 37, 3, 'Natural Oak'),
		(2, 1, 38, 3, 'Cognac'),
		(2, 2, 38, 3, 'Painted Black'),
		(2, 1, 39, 3, 'Cognac'),
		(2, 2, 39, 3, 'Oiled Walnut'),
		(2, 1, 40, 3, 'Cognac'),
		(2, 2, 40, 3, 'Matte Black'),
		(2, 1, 41, 3, 'Flint'),
		(2, 2, 41, 3, 'Chrome Plated'),
		(2, 1, 42, 3, 'Flint'),
		(2, 2, 42, 3, 'Brass Plated'),
		(2, 1, 43, 3, 'Flint'),
		(2, 2, 43, 3, 'Matte Black'),
		(2, 1, 44, 3, 'Flint'),
		(2, 2, 44, 3, 'Oiled Walnut'),
		(2, 1, 45, 3, 'Flint'),
		(2, 2, 45, 3, 'Natural Oak'),
		(2, 1, 46, 3, 'Flint'),
		(2, 2, 46, 3, 'Painted Black'),
		(2, 1, 47, 3, 'Flint'),
		(2, 2, 47, 3, 'Natural Oak'),
		(2, 1, 48, 3, 'Flint'),
		(2, 2, 48, 3, 'Painted Black'),
		(2, 1, 49, 3, 'Flint'),
		(2, 2, 49, 3, 'Oiled Walnut'),
		(2, 1, 50, 3, 'Flint'),
		(2, 2, 50, 3, 'Matte Black'),
		(2, 1, 51, 3, 'Hunter'),
		(2, 2, 51, 3, 'Chrome Plated'),
		(2, 1, 52, 3, 'Hunter'),
		(2, 2, 52, 3, 'Brass Plated'),
		(2, 1, 53, 3, 'Hunter'),
		(2, 2, 53, 3, 'Matte Black'),
		(2, 1, 54, 3, 'Hunter'),
		(2, 2, 54, 3, 'Oiled Walnut'),
		(2, 1, 55, 3, 'Hunter'),
		(2, 2, 55, 3, 'Natural Oak'),
		(2, 1, 56, 3, 'Hunter'),
		(2, 2, 56, 3, 'Painted Black'),
		(2, 1, 57, 3, 'Hunter'),
		(2, 2, 57, 3, 'Natural Oak'),
		(2, 1, 58, 3, 'Hunter'),
		(2, 2, 58, 3, 'Painted Black'),
		(2, 1, 59, 3, 'Hunter'),
		(2, 2, 59, 3, 'Oiled Walnut'),
		(2, 1, 60, 3, 'Hunter'),
		(2, 2, 60, 3, 'Matte Black'),
		(2, 1, 61, 3, 'Marine Blue'),
		(2, 2, 61, 3, 'Chrome Plated'),
		(2, 1, 62, 3, 'Marine Blue'),
		(2, 2, 62, 3, 'Brass Plated'),
		(2, 1, 63, 3, 'Marine Blue'),
		(2, 2, 63, 3, 'Matte Black'),
		(2, 1, 64, 3, 'Marine Blue'),
		(2, 2, 64, 3, 'Oiled Walnut'),
		(2, 1, 65, 3, 'Marine Blue'),
		(2, 2, 65, 3, 'Natural Oak'),
		(2, 1, 66, 3, 'Marine Blue'),
		(2, 2, 66, 3, 'Painted Black'),
		(2, 1, 67, 3, 'Marine Blue'),
		(2, 2, 67, 3, 'Natural Oak'),
		(2, 1, 68, 3, 'Marine Blue'),
		(2, 2, 68, 3, 'Painted Black'),
		(2, 1, 69, 3, 'Marine Blue'),
		(2, 2, 69, 3, 'Oiled Walnut'),
		(2, 1, 70, 3, 'Marine Blue'),
		(2, 2, 70, 3, 'Matte Black'),
		(2, 1, 71, 3, 'Nightfall'),
		(2, 2, 71, 3, 'Chrome Plated'),
		(2, 1, 72, 3, 'Nightfall'),
		(2, 2, 72, 3, 'Brass Plated'),
		(2, 1, 73, 3, 'Nightfall'),
		(2, 2, 73, 3, 'Matte Black'),
		(2, 1, 74, 3, 'Nightfall'),
		(2, 2, 74, 3, 'Oiled Walnut'),
		(2, 1, 75, 3, 'Nightfall'),
		(2, 2, 75, 3, 'Natural Oak'),
		(2, 1, 76, 3, 'Nightfall'),
		(2, 2, 76, 3, 'Painted Black'),
		(2, 1, 77, 3, 'Nightfall'),
		(2, 2, 77, 3, 'Natural Oak'),
		(2, 1, 78, 3, 'Nightfall'),
		(2, 2, 78, 3, 'Painted Black'),
		(2, 1, 79, 3, 'Nightfall'),
		(2, 2, 79, 3, 'Oiled Walnut'),
		(2, 1, 80, 3, 'Nightfall'),
		(2, 2, 80, 3, 'Matte Black'),
		(3, 1, 1, 3, 'Opal'),
		(3, 2, 1, 3, 'Oiled Walnut'),
		(3, 1, 2, 3, 'Opal'),
		(3, 2, 2, 3, 'Natural Oak'),
		(3, 1, 3, 3, 'Opal'),
		(3, 2, 3, 3, 'Painted Black'),
		(3, 1, 4, 3, 'Opal'),
		(3, 2, 4, 3, 'Chrome Plated'),
		(3, 1, 5, 3, 'Opal'),
		(3, 2, 5, 3, 'Brass Plated'),
		(3, 1, 6, 3, 'Opal'),
		(3, 2, 6, 3, 'Matte Black'),
		(3, 1, 7, 3, 'Opal'),
		(3, 2, 7, 3, 'Natural Oak'),
		(3, 1, 8, 3, 'Opal'),
		(3, 2, 8, 3, 'Painted Black'),
		(3, 1, 9, 3, 'Opal'),
		(3, 2, 9, 3, 'Oiled Walnut'),
		(3, 1, 10, 3, 'Opal'),
		(3, 2, 10, 3, 'Matte Black'),
		(3, 1, 11, 3, 'Abyss'),
		(3, 2, 11, 3, 'Oiled Walnut'),
		(3, 1, 12, 3, 'Abyss'),
		(3, 2, 12, 3, 'Natural Oak'),
		(3, 1, 13, 3, 'Abyss'),
		(3, 2, 13, 3, 'Painted Black'),
		(3, 1, 14, 3, 'Abyss'),
		(3, 2, 14, 3, 'Chrome Plated'),
		(3, 1, 15, 3, 'Abyss'),
		(3, 2, 15, 3, 'Brass Plated'),
		(3, 1, 16, 3, 'Abyss'),
		(3, 2, 16, 3, 'Matte Black'),
		(3, 1, 17, 3, 'Abyss'),
		(3, 2, 17, 3, 'Natural Oak'),
		(3, 1, 18, 3, 'Abyss'),
		(3, 2, 18, 3, 'Painted Black'),
		(3, 1, 19, 3, 'Abyss'),
		(3, 2, 19, 3, 'Oiled Walnut'),
		(3, 1, 20, 3, 'Abyss'),
		(3, 2, 20, 3, 'Matte Black'),
		(3, 1, 21, 3, 'Pepper'),
		(3, 2, 21, 3, 'Oiled Walnut'),
		(3, 1, 22, 3, 'Pepper'),
		(3, 2, 22, 3, 'Natural Oak'),
		(3, 1, 23, 3, 'Pepper'),
		(3, 2, 23, 3, 'Painted Black'),
		(3, 1, 24, 3, 'Pepper'),
		(3, 2, 24, 3, 'Chrome Plated'),
		(3, 1, 25, 3, 'Pepper'),
		(3, 2, 25, 3, 'Brass Plated'),
		(3, 1, 26, 3, 'Pepper'),
		(3, 2, 26, 3, 'Matte Black'),
		(3, 1, 27, 3, 'Pepper'),
		(3, 2, 27, 3, 'Natural Oak'),
		(3, 1, 28, 3, 'Pepper'),
		(3, 2, 28, 3, 'Painted Black'),
		(3, 1, 29, 3, 'Pepper'),
		(3, 2, 29, 3, 'Oiled Walnut'),
		(3, 1, 30, 3, 'Pepper'),
		(3, 2, 30, 3, 'Matte Black'),
		(3, 1, 31, 3, 'Coral'),
		(3, 2, 31, 3, 'Oiled Walnut'),
		(3, 1, 32, 3, 'Coral'),
		(3, 2, 32, 3, 'Natural Oak'),
		(3, 1, 33, 3, 'Coral'),
		(3, 2, 33, 3, 'Painted Black'),
		(3, 1, 34, 3, 'Coral'),
		(3, 2, 34, 3, 'Chrome Plated'),
		(3, 1, 35, 3, 'Coral'),
		(3, 2, 35, 3, 'Brass Plated'),
		(3, 1, 36, 3, 'Coral'),
		(3, 2, 36, 3, 'Matte Black'),
		(3, 1, 37, 3, 'Coral'),
		(3, 2, 37, 3, 'Natural Oak'),
		(3, 1, 38, 3, 'Coral'),
		(3, 2, 38, 3, 'Painted Black'),
		(3, 1, 39, 3, 'Coral'),
		(3, 2, 39, 3, 'Oiled Walnut'),
		(3, 1, 40, 3, 'Coral'),
		(3, 2, 40, 3, 'Matte Black'),
		(3, 1, 41, 3, 'Rust'),
		(3, 2, 41, 3, 'Oiled Walnut'),
		(3, 1, 42, 3, 'Rust'),
		(3, 2, 42, 3, 'Natural Oak'),
		(3, 1, 43, 3, 'Rust'),
		(3, 2, 43, 3, 'Painted Black'),
		(3, 1, 44, 3, 'Rust'),
		(3, 2, 44, 3, 'Chrome Plated'),
		(3, 1, 45, 3, 'Rust'),
		(3, 2, 45, 3, 'Brass Plated'),
		(3, 1, 46, 3, 'Rust'),
		(3, 2, 46, 3, 'Matte Black'),
		(3, 1, 47, 3, 'Rust'),
		(3, 2, 47, 3, 'Natural Oak'),
		(3, 1, 48, 3, 'Rust'),
		(3, 2, 48, 3, 'Painted Black'),
		(3, 1, 49, 3, 'Rust'),
		(3, 2, 49, 3, 'Oiled Walnut'),
		(3, 1, 50, 3, 'Rust'),
		(3, 2, 50, 3, 'Matte Black'),
		(3, 1, 51, 3, 'Wine'),
		(3, 2, 51, 3, 'Oiled Walnut'),
		(3, 1, 52, 3, 'Wine'),
		(3, 2, 52, 3, 'Natural Oak'),
		(3, 1, 53, 3, 'Wine'),
		(3, 2, 53, 3, 'Painted Black'),
		(3, 1, 54, 3, 'Wine'),
		(3, 2, 54, 3, 'Chrome Plated'),
		(3, 1, 55, 3, 'Wine'),
		(3, 2, 55, 3, 'Brass Plated'),
		(3, 1, 56, 3, 'Wine'),
		(3, 2, 56, 3, 'Matte Black'),
		(3, 1, 57, 3, 'Wine'),
		(3, 2, 57, 3, 'Natural Oak'),
		(3, 1, 58, 3, 'Wine'),
		(3, 2, 58, 3, 'Painted Black'),
		(3, 1, 59, 3, 'Wine'),
		(3, 2, 59, 3, 'Oiled Walnut'),
		(3, 1, 60, 3, 'Wine'),
		(3, 2, 60, 3, 'Matte Black'),
		(3, 1, 61, 3, 'Fawn'),
		(3, 2, 61, 3, 'Oiled Walnut'),
		(3, 1, 62, 3, 'Fawn'),
		(3, 2, 62, 3, 'Natural Oak'),
		(3, 1, 63, 3, 'Fawn'),
		(3, 2, 63, 3, 'Painted Black'),
		(3, 1, 64, 3, 'Fawn'),
		(3, 2, 64, 3, 'Chrome Plated'),
		(3, 1, 65, 3, 'Fawn'),
		(3, 2, 65, 3, 'Brass Plated'),
		(3, 1, 66, 3, 'Fawn'),
		(3, 2, 66, 3, 'Matte Black'),
		(3, 1, 67, 3, 'Fawn'),
		(3, 2, 67, 3, 'Natural Oak'),
		(3, 1, 68, 3, 'Fawn'),
		(3, 2, 68, 3, 'Painted Black'),
		(3, 1, 69, 3, 'Fawn'),
		(3, 2, 69, 3, 'Oiled Walnut'),
		(3, 1, 70, 3, 'Fawn'),
		(3, 2, 70, 3, 'Matte Black'),
		(3, 1, 71, 3, 'Marigold'),
		(3, 2, 71, 3, 'Oiled Walnut'),
		(3, 1, 72, 3, 'Marigold'),
		(3, 2, 72, 3, 'Natural Oak'),
		(3, 1, 73, 3, 'Marigold'),
		(3, 2, 73, 3, 'Painted Black'),
		(3, 1, 74, 3, 'Marigold'),
		(3, 2, 74, 3, 'Chrome Plated'),
		(3, 1, 75, 3, 'Marigold'),
		(3, 2, 75, 3, 'Brass Plated'),
		(3, 1, 76, 3, 'Marigold'),
		(3, 2, 76, 3, 'Matte Black'),
		(3, 1, 77, 3, 'Marigold'),
		(3, 2, 77, 3, 'Natural Oak'),
		(3, 1, 78, 3, 'Marigold'),
		(3, 2, 78, 3, 'Painted Black'),
		(3, 1, 79, 3, 'Marigold'),
		(3, 2, 79, 3, 'Oiled Walnut'),
		(3, 1, 80, 3, 'Marigold'),
		(3, 2, 80, 3, 'Matte Black'),
		(3, 1, 81, 3, 'Sage'),
		(3, 2, 81, 3, 'Oiled Walnut'),
		(3, 1, 82, 3, 'Sage'),
		(3, 2, 82, 3, 'Natural Oak'),
		(3, 1, 83, 3, 'Sage'),
		(3, 2, 83, 3, 'Painted Black'),
		(3, 1, 84, 3, 'Sage'),
		(3, 2, 84, 3, 'Chrome Plated'),
		(3, 1, 85, 3, 'Sage'),
		(3, 2, 85, 3, 'Brass Plated'),
		(3, 1, 86, 3, 'Sage'),
		(3, 2, 86, 3, 'Matte Black'),
		(3, 1, 87, 3, 'Sage'),
		(3, 2, 87, 3, 'Natural Oak'),
		(3, 1, 88, 3, 'Sage'),
		(3, 2, 88, 3, 'Painted Black'),
		(3, 1, 89, 3, 'Sage'),
		(3, 2, 89, 3, 'Oiled Walnut'),
		(3, 1, 90, 3, 'Sage'),
		(3, 2, 90, 3, 'Matte Black'),
		(3, 1, 91, 3, 'Peacock'),
		(3, 2, 91, 3, 'Oiled Walnut'),
		(3, 1, 92, 3, 'Peacock'),
		(3, 2, 92, 3, 'Natural Oak'),
		(3, 1, 93, 3, 'Peacock'),
		(3, 2, 93, 3, 'Painted Black'),
		(3, 1, 94, 3, 'Peacock'),
		(3, 2, 94, 3, 'Chrome Plated'),
		(3, 1, 95, 3, 'Peacock'),
		(3, 2, 95, 3, 'Brass Plated'),
		(3, 1, 96, 3, 'Peacock'),
		(3, 2, 96, 3, 'Matte Black'),
		(3, 1, 97, 3, 'Peacock'),
		(3, 2, 97, 3, 'Natural Oak'),
		(3, 1, 98, 3, 'Peacock'),
		(3, 2, 98, 3, 'Painted Black'),
		(3, 1, 99, 3, 'Peacock'),
		(3, 2, 99, 3, 'Oiled Walnut'),
		(3, 1, 100, 3, 'Peacock'),
		(3, 2, 100, 3, 'Matte Black'),
		(4, 1, 1, 3, 'Palomino'),
		(4, 2, 1, 3, 'Chrome Plated'),
		(4, 1, 2, 3, 'Palomino'),
		(4, 2, 2, 3, 'Brass Plated'),
		(4, 1, 3, 3, 'Palomino'),
		(4, 2, 3, 3, 'Matte Black'),
		(4, 1, 4, 3, 'Palomino'),
		(4, 2, 4, 3, 'Oiled Walnut'),
		(4, 1, 5, 3, 'Palomino'),
		(4, 2, 5, 3, 'Natural Oak'),
		(4, 1, 6, 3, 'Palomino'),
		(4, 2, 6, 3, 'Painted Black'),
		(4, 1, 7, 3, 'Palomino'),
		(4, 2, 7, 3, 'Natural Oak'),
		(4, 1, 8, 3, 'Palomino'),
		(4, 2, 8, 3, 'Painted Black'),
		(4, 1, 9, 3, 'Palomino'),
		(4, 2, 9, 3, 'Oiled Walnut'),
		(4, 1, 10, 3, 'Palomino'),
		(4, 2, 10, 3, 'Matte Black'),
		(4, 1, 11, 3, 'Fossil'),
		(4, 2, 11, 3, 'Chrome Plated'),
		(4, 1, 12, 3, 'Fossil'),
		(4, 2, 12, 3, 'Brass Plated'),
		(4, 1, 13, 3, 'Fossil'),
		(4, 2, 13, 3, 'Matte Black'),
		(4, 1, 14, 3, 'Fossil'),
		(4, 2, 14, 3, 'Oiled Walnut'),
		(4, 1, 15, 3, 'Fossil'),
		(4, 2, 15, 3, 'Natural Oak'),
		(4, 1, 16, 3, 'Fossil'),
		(4, 2, 16, 3, 'Painted Black'),
		(4, 1, 17, 3, 'Fossil'),
		(4, 2, 17, 3, 'Natural Oak'),
		(4, 1, 18, 3, 'Fossil'),
		(4, 2, 18, 3, 'Painted Black'),
		(4, 1, 19, 3, 'Fossil'),
		(4, 2, 19, 3, 'Oiled Walnut'),
		(4, 1, 20, 3, 'Fossil'),
		(4, 2, 20, 3, 'Matte Black'),
		(4, 1, 21, 3, 'Pecan'),
		(4, 2, 21, 3, 'Chrome Plated'),
		(4, 1, 22, 3, 'Pecan'),
		(4, 2, 22, 3, 'Brass Plated'),
		(4, 1, 23, 3, 'Pecan'),
		(4, 2, 23, 3, 'Matte Black'),
		(4, 1, 24, 3, 'Pecan'),
		(4, 2, 24, 3, 'Oiled Walnut'),
		(4, 1, 25, 3, 'Pecan'),
		(4, 2, 25, 3, 'Natural Oak'),
		(4, 1, 26, 3, 'Pecan'),
		(4, 2, 26, 3, 'Painted Black'),
		(4, 1, 27, 3, 'Pecan'),
		(4, 2, 27, 3, 'Natural Oak'),
		(4, 1, 28, 3, 'Pecan'),
		(4, 2, 28, 3, 'Painted Black'),
		(4, 1, 29, 3, 'Pecan'),
		(4, 2, 29, 3, 'Oiled Walnut'),
		(4, 1, 30, 3, 'Pecan'),
		(4, 2, 30, 3, 'Matte Black'),
		(4, 1, 31, 3, 'Cognac'),
		(4, 2, 31, 3, 'Chrome Plated'),
		(4, 1, 32, 3, 'Cognac'),
		(4, 2, 32, 3, 'Brass Plated'),
		(4, 1, 33, 3, 'Cognac'),
		(4, 2, 33, 3, 'Matte Black'),
		(4, 1, 34, 3, 'Cognac'),
		(4, 2, 34, 3, 'Oiled Walnut'),
		(4, 1, 35, 3, 'Cognac'),
		(4, 2, 35, 3, 'Natural Oak'),
		(4, 1, 36, 3, 'Cognac'),
		(4, 2, 36, 3, 'Painted Black'),
		(4, 1, 37, 3, 'Cognac'),
		(4, 2, 37, 3, 'Natural Oak'),
		(4, 1, 38, 3, 'Cognac'),
		(4, 2, 38, 3, 'Painted Black'),
		(4, 1, 39, 3, 'Cognac'),
		(4, 2, 39, 3, 'Oiled Walnut'),
		(4, 1, 40, 3, 'Cognac'),
		(4, 2, 40, 3, 'Matte Black'),
		(4, 1, 41, 3, 'Flint'),
		(4, 2, 41, 3, 'Chrome Plated'),
		(4, 1, 42, 3, 'Flint'),
		(4, 2, 42, 3, 'Brass Plated'),
		(4, 1, 43, 3, 'Flint'),
		(4, 2, 43, 3, 'Matte Black'),
		(4, 1, 44, 3, 'Flint'),
		(4, 2, 44, 3, 'Oiled Walnut'),
		(4, 1, 45, 3, 'Flint'),
		(4, 2, 45, 3, 'Natural Oak'),
		(4, 1, 46, 3, 'Flint'),
		(4, 2, 46, 3, 'Painted Black'),
		(4, 1, 47, 3, 'Flint'),
		(4, 2, 47, 3, 'Natural Oak'),
		(4, 1, 48, 3, 'Flint'),
		(4, 2, 48, 3, 'Painted Black'),
		(4, 1, 49, 3, 'Flint'),
		(4, 2, 49, 3, 'Oiled Walnut'),
		(4, 1, 50, 3, 'Flint'),
		(4, 2, 50, 3, 'Matte Black'),
		(4, 1, 51, 3, 'Hunter'),
		(4, 2, 51, 3, 'Chrome Plated'),
		(4, 1, 52, 3, 'Hunter'),
		(4, 2, 52, 3, 'Brass Plated'),
		(4, 1, 53, 3, 'Hunter'),
		(4, 2, 53, 3, 'Matte Black'),
		(4, 1, 54, 3, 'Hunter'),
		(4, 2, 54, 3, 'Oiled Walnut'),
		(4, 1, 55, 3, 'Hunter'),
		(4, 2, 55, 3, 'Natural Oak'),
		(4, 1, 56, 3, 'Hunter'),
		(4, 2, 56, 3, 'Painted Black'),
		(4, 1, 57, 3, 'Hunter'),
		(4, 2, 57, 3, 'Natural Oak'),
		(4, 1, 58, 3, 'Hunter'),
		(4, 2, 58, 3, 'Painted Black'),
		(4, 1, 59, 3, 'Hunter'),
		(4, 2, 59, 3, 'Oiled Walnut'),
		(4, 1, 60, 3, 'Hunter'),
		(4, 2, 60, 3, 'Matte Black'),
		(4, 1, 61, 3, 'Marine Blue'),
		(4, 2, 61, 3, 'Chrome Plated'),
		(4, 1, 62, 3, 'Marine Blue'),
		(4, 2, 62, 3, 'Brass Plated'),
		(4, 1, 63, 3, 'Marine Blue'),
		(4, 2, 63, 3, 'Matte Black'),
		(4, 1, 64, 3, 'Marine Blue'),
		(4, 2, 64, 3, 'Oiled Walnut'),
		(4, 1, 65, 3, 'Marine Blue'),
		(4, 2, 65, 3, 'Natural Oak'),
		(4, 1, 66, 3, 'Marine Blue'),
		(4, 2, 66, 3, 'Painted Black'),
		(4, 1, 67, 3, 'Marine Blue'),
		(4, 2, 67, 3, 'Natural Oak'),
		(4, 1, 68, 3, 'Marine Blue'),
		(4, 2, 68, 3, 'Painted Black'),
		(4, 1, 69, 3, 'Marine Blue'),
		(4, 2, 69, 3, 'Oiled Walnut'),
		(4, 1, 70, 3, 'Marine Blue'),
		(4, 2, 70, 3, 'Matte Black'),
		(4, 1, 71, 3, 'Nightfall'),
		(4, 2, 71, 3, 'Chrome Plated'),
		(4, 1, 72, 3, 'Nightfall'),
		(4, 2, 72, 3, 'Brass Plated'),
		(4, 1, 73, 3, 'Nightfall'),
		(4, 2, 73, 3, 'Matte Black'),
		(4, 1, 74, 3, 'Nightfall'),
		(4, 2, 74, 3, 'Oiled Walnut'),
		(4, 1, 75, 3, 'Nightfall'),
		(4, 2, 75, 3, 'Natural Oak'),
		(4, 1, 76, 3, 'Nightfall'),
		(4, 2, 76, 3, 'Painted Black'),
		(4, 1, 77, 3, 'Nightfall'),
		(4, 2, 77, 3, 'Natural Oak'),
		(4, 1, 78, 3, 'Nightfall'),
		(4, 2, 78, 3, 'Painted Black'),
		(4, 1, 79, 3, 'Nightfall'),
		(4, 2, 79, 3, 'Oiled Walnut'),
		(4, 1, 80, 3, 'Nightfall'),
		(4, 2, 80, 3, 'Matte Black');
