INSERT INTO "brand"(brand_id, brand_name)
VALUES
    (1, 'Sloan'),
    (2, 'Maxwell'),
    (3, 'Otto'),
    (4, 'Miller'),
    (5, 'Rowan'),
    (6, 'Ines'),
    (7, 'Tatum'),
    (8, 'Colten'),
    (9, 'Charly');
INSERT INTO "category"(category_id, category_name, parent_id)
VALUES
    (1, 'Phòng khách', null),
    (2, 'Sectional', 1),
    (3, 'Left Chaise Sectional', 2),
    (4, 'U-Sectional', 2),
    (5, 'Sleeper Sectional', 2),
    (6, 'Sofa', 1),
    (7, 'Sofa', 6),
    (8, 'Loveseat', 6),
    (9, 'Sleeper Sofa', 6),
    (10, 'Ottoman', 1),
    (11, 'Accent Ottoman', 10),
    (12, 'Stool Ottoman', 10),
    (13, 'Bench', 1),
    (14, 'Accent Bench', 13),
    (15, 'Chair', 1),
    (16, 'Accent Chair', 15);
INSERT INTO "product"(product_id, product_name, brand_id, category_id, image)
VALUES
    (1, 'Sloan Left Chaise Sleeper Sectional', 1, 5, 'https://content.cylindo.com/api/v2/4472/products/SLON.FABRIC.SECT.SSLEFT/frames/1/SLON.FABRIC.SECT.SSLEFT.JPG?background=FFFFFF&feature=COLOR:BI-132&feature=FINISH:LEG007-1&feature=CHAISE%20LENGTH:CHAISE-63&feature=CUSHIONS:CUSHION-2&feature=BED:BED_IN'),
    (2, 'Sloan Left Chaise Sectional', 1, 3, 'https://content.cylindo.com/api/v2/4472/products/SLON.FABRIC.SECT.CSLEFT/frames/1/SLON.FABRIC.SECT.CSLEFT.JPG?background=FFFFFF&feature=COLOR:BI-132&feature=FINISH:LEG001-1&feature=CUSHIONS:CUSHION-2&feature=DEPTH:DEPTH-36&feature=CHAISE%20LENGTH:CHAISE-63&feature=CHAISE%20WIDTH:CHAISEWIDTH-35'),
    (3, 'Sloan Leather 3-Piece U-Sectional', 1, 4, 'https://content.cylindo.com/api/v2/4472/products/SLON.LEATHR.SECT.USHAPE/frames/1/SLON.LEATHR.SECT.USHAPE.JPG?background=FFFFFF&feature=COLOR:2210A&feature=FINISH:LEG008-3&feature=CUSHIONS:CUSHION-2&feature=SOFA%20DEPTH:DEPTH-36'),
    (4, 'Sloan 4-Seat Left Chaise Sectional', 1, 3, 'https://content.cylindo.com/api/v2/4472/products/SLON.FABRIC.SECT.CSLEFT.4SEAT/frames/1/SLON.FABRIC.SECT.CSLEFT.4SEAT.JPG?background=FFFFFF&feature=COLOR:BI-132&feature=FINISH:LEG001-1&feature=DEPTH:DEPTH-36&feature=CHAISE%20LENGTH:CHAISE-63&feature=CHAISE%20WIDTH:CHAISEWIDTH-35');
INSERT INTO "options"(option_id, category_id, option_name)
VALUES
    (1, 3, 'Chất liệu'),
    (2, 3, 'Chất liệu chân'),
    (1, 4, 'Chất liệu'),
    (2, 4, 'Chất liệu chân'),
    (1, 5, 'Chất liệu'),
    (2, 5, 'Chất liệu chân');
INSERT INTO "product_variant"(product_id, variant_id, image, price, quantity, sku)
VALUES
    (1, 1, 'https://content.cylindo.com/api/v2/4472/products/SLON.FABRIC.SECT.SSLEFT/frames/1/SLON.FABRIC.SECT.SSLEFT.JPG?background=FFFFFF&feature=COLOR:BI-132&feature=FINISH:Leg007-1&feature=CHAISE%20LENGTH:CHAISE-63&feature=CUSHIONS:CUSHION-2&feature=BED:BED_IN', 3245, 10, 'SLON.FABRIC.SECT.SSLEFT - BI-132 - Leg007-1'),
    (1, 2, 'https://content.cylindo.com/api/v2/4472/products/SLON.FABRIC.SECT.SSLEFT/frames/1/SLON.FABRIC.SECT.SSLEFT.JPG?background=FFFFFF&feature=COLOR:BI-132&feature=FINISH:Leg007-2&feature=CHAISE%20LENGTH:CHAISE-63&feature=CUSHIONS:CUSHION-2&feature=BED:BED_IN', 3245, 10, 'SLON.FABRIC.SECT.SSLEFT - BI-132 - Leg007-2'),
    (1, 3, 'https://content.cylindo.com/api/v2/4472/products/SLON.FABRIC.SECT.SSLEFT/frames/1/SLON.FABRIC.SECT.SSLEFT.JPG?background=FFFFFF&feature=COLOR:BI-132&feature=FINISH:Leg007-3&feature=CHAISE%20LENGTH:CHAISE-63&feature=CUSHIONS:CUSHION-2&feature=BED:BED_IN', 3245, 10, 'SLON.FABRIC.SECT.SSLEFT - BI-132 - Leg007-3'),
    (1, 4, 'https://content.cylindo.com/api/v2/4472/products/SLON.FABRIC.SECT.SSLEFT/frames/1/SLON.FABRIC.SECT.SSLEFT.JPG?background=FFFFFF&feature=COLOR:BI-134&feature=FINISH:Leg007-1&feature=CHAISE%20LENGTH:CHAISE-63&feature=CUSHIONS:CUSHION-2&feature=BED:BED_IN', 3245, 10, 'SLON.FABRIC.SECT.SSLEFT - BI-134 - Leg007-1'),
    (1, 5, 'https://content.cylindo.com/api/v2/4472/products/SLON.FABRIC.SECT.SSLEFT/frames/1/SLON.FABRIC.SECT.SSLEFT.JPG?background=FFFFFF&feature=COLOR:BI-134&feature=FINISH:Leg007-2&feature=CHAISE%20LENGTH:CHAISE-63&feature=CUSHIONS:CUSHION-2&feature=BED:BED_IN', 3245, 10, 'SLON.FABRIC.SECT.SSLEFT - BI-134 - Leg007-2'),
    (1, 6, 'https://content.cylindo.com/api/v2/4472/products/SLON.FABRIC.SECT.SSLEFT/frames/1/SLON.FABRIC.SECT.SSLEFT.JPG?background=FFFFFF&feature=COLOR:BI-134&feature=FINISH:Leg007-3&feature=CHAISE%20LENGTH:CHAISE-63&feature=CUSHIONS:CUSHION-2&feature=BED:BED_IN', 3245, 10, 'SLON.FABRIC.SECT.SSLEFT - BI-134 - Leg007-3'),
    (1, 7, 'https://content.cylindo.com/api/v2/4472/products/SLON.FABRIC.SECT.SSLEFT/frames/1/SLON.FABRIC.SECT.SSLEFT.JPG?background=FFFFFF&feature=COLOR:BI-133&feature=FINISH:Leg007-1&feature=CHAISE%20LENGTH:CHAISE-63&feature=CUSHIONS:CUSHION-2&feature=BED:BED_IN', 3245, 10, 'SLON.FABRIC.SECT.SSLEFT - BI-133 - Leg007-1'),
    (1, 8, 'https://content.cylindo.com/api/v2/4472/products/SLON.FABRIC.SECT.SSLEFT/frames/1/SLON.FABRIC.SECT.SSLEFT.JPG?background=FFFFFF&feature=COLOR:BI-133&feature=FINISH:Leg007-2&feature=CHAISE%20LENGTH:CHAISE-63&feature=CUSHIONS:CUSHION-2&feature=BED:BED_IN', 3245, 10, 'SLON.FABRIC.SECT.SSLEFT - BI-133 - Leg007-2'),
    (1, 9, 'https://content.cylindo.com/api/v2/4472/products/SLON.FABRIC.SECT.SSLEFT/frames/1/SLON.FABRIC.SECT.SSLEFT.JPG?background=FFFFFF&feature=COLOR:BI-133&feature=FINISH:Leg007-3&feature=CHAISE%20LENGTH:CHAISE-63&feature=CUSHIONS:CUSHION-2&feature=BED:BED_IN', 3245, 10, 'SLON.FABRIC.SECT.SSLEFT - BI-133 - Leg007-3'),
    (1, 10, 'https://content.cylindo.com/api/v2/4472/products/SLON.FABRIC.SECT.SSLEFT/frames/1/SLON.FABRIC.SECT.SSLEFT.JPG?background=FFFFFF&feature=COLOR:SE-161&feature=FINISH:Leg007-1&feature=CHAISE%20LENGTH:CHAISE-63&feature=CUSHIONS:CUSHION-2&feature=BED:BED_IN', 3245, 10, 'SLON.FABRIC.SECT.SSLEFT - SE-161 - Leg007-1'),
    (1, 11, 'https://content.cylindo.com/api/v2/4472/products/SLON.FABRIC.SECT.SSLEFT/frames/1/SLON.FABRIC.SECT.SSLEFT.JPG?background=FFFFFF&feature=COLOR:SE-161&feature=FINISH:Leg007-2&feature=CHAISE%20LENGTH:CHAISE-63&feature=CUSHIONS:CUSHION-2&feature=BED:BED_IN', 3245, 10, 'SLON.FABRIC.SECT.SSLEFT - SE-161 - Leg007-2'),
    (1, 12, 'https://content.cylindo.com/api/v2/4472/products/SLON.FABRIC.SECT.SSLEFT/frames/1/SLON.FABRIC.SECT.SSLEFT.JPG?background=FFFFFF&feature=COLOR:SE-161&feature=FINISH:Leg007-3&feature=CHAISE%20LENGTH:CHAISE-63&feature=CUSHIONS:CUSHION-2&feature=BED:BED_IN', 3245, 10, 'SLON.FABRIC.SECT.SSLEFT - SE-161 - Leg007-3'),
    (2, 1, 'https://content.cylindo.com/api/v2/4472/products/SLON.FABRIC.SECT.CSLEFT/frames/1/SLON.FABRIC.SECT.CSLEFT.JPG?background=FFFFFF&feature=COLOR:BI-132&feature=FINISH:Leg001-1&feature=CUSHIONS:CUSHION-2&feature=DEPTH:DEPTH-36&feature=CHAISE%20LENGTH:CHAISE-63&feature=CHAISE%20WIDTH:CHAISEWIDTH-35', 2045, 10, 'SLON.FABRIC.SECT.CSLEFT - BI-132 - Leg001-1'),
    (2, 2, 'https://content.cylindo.com/api/v2/4472/products/SLON.FABRIC.SECT.CSLEFT/frames/1/SLON.FABRIC.SECT.CSLEFT.JPG?background=FFFFFF&feature=COLOR:BI-132&feature=FINISH:Leg001-2&feature=CUSHIONS:CUSHION-2&feature=DEPTH:DEPTH-36&feature=CHAISE%20LENGTH:CHAISE-63&feature=CHAISE%20WIDTH:CHAISEWIDTH-35', 2045, 10, 'SLON.FABRIC.SECT.CSLEFT - BI-132 - Leg001-2'),
    (2, 3, 'https://content.cylindo.com/api/v2/4472/products/SLON.FABRIC.SECT.CSLEFT/frames/1/SLON.FABRIC.SECT.CSLEFT.JPG?background=FFFFFF&feature=COLOR:BI-132&feature=FINISH:Leg001-3&feature=CUSHIONS:CUSHION-2&feature=DEPTH:DEPTH-36&feature=CHAISE%20LENGTH:CHAISE-63&feature=CHAISE%20WIDTH:CHAISEWIDTH-35', 2045, 10, 'SLON.FABRIC.SECT.CSLEFT - BI-132 - Leg001-3'),
    (2, 4, 'https://content.cylindo.com/api/v2/4472/products/SLON.FABRIC.SECT.CSLEFT/frames/1/SLON.FABRIC.SECT.CSLEFT.JPG?background=FFFFFF&feature=COLOR:BI-134&feature=FINISH:Leg001-1&feature=CUSHIONS:CUSHION-2&feature=DEPTH:DEPTH-36&feature=CHAISE%20LENGTH:CHAISE-63&feature=CHAISE%20WIDTH:CHAISEWIDTH-35', 2045, 10, 'SLON.FABRIC.SECT.CSLEFT - BI-134 - Leg001-1'),
    (2, 5, 'https://content.cylindo.com/api/v2/4472/products/SLON.FABRIC.SECT.CSLEFT/frames/1/SLON.FABRIC.SECT.CSLEFT.JPG?background=FFFFFF&feature=COLOR:BI-134&feature=FINISH:Leg001-2&feature=CUSHIONS:CUSHION-2&feature=DEPTH:DEPTH-36&feature=CHAISE%20LENGTH:CHAISE-63&feature=CHAISE%20WIDTH:CHAISEWIDTH-35', 2045, 10, 'SLON.FABRIC.SECT.CSLEFT - BI-134 - Leg001-2'),
    (2, 6, 'https://content.cylindo.com/api/v2/4472/products/SLON.FABRIC.SECT.CSLEFT/frames/1/SLON.FABRIC.SECT.CSLEFT.JPG?background=FFFFFF&feature=COLOR:BI-134&feature=FINISH:Leg001-3&feature=CUSHIONS:CUSHION-2&feature=DEPTH:DEPTH-36&feature=CHAISE%20LENGTH:CHAISE-63&feature=CHAISE%20WIDTH:CHAISEWIDTH-35', 2045, 10, 'SLON.FABRIC.SECT.CSLEFT - BI-134 - Leg001-3'),
    (2, 7, 'https://content.cylindo.com/api/v2/4472/products/SLON.FABRIC.SECT.CSLEFT/frames/1/SLON.FABRIC.SECT.CSLEFT.JPG?background=FFFFFF&feature=COLOR:BI-133&feature=FINISH:Leg001-1&feature=CUSHIONS:CUSHION-2&feature=DEPTH:DEPTH-36&feature=CHAISE%20LENGTH:CHAISE-63&feature=CHAISE%20WIDTH:CHAISEWIDTH-35', 2045, 10, 'SLON.FABRIC.SECT.CSLEFT - BI-133 - Leg001-1'),
    (2, 8, 'https://content.cylindo.com/api/v2/4472/products/SLON.FABRIC.SECT.CSLEFT/frames/1/SLON.FABRIC.SECT.CSLEFT.JPG?background=FFFFFF&feature=COLOR:BI-133&feature=FINISH:Leg001-2&feature=CUSHIONS:CUSHION-2&feature=DEPTH:DEPTH-36&feature=CHAISE%20LENGTH:CHAISE-63&feature=CHAISE%20WIDTH:CHAISEWIDTH-35', 2045, 10, 'SLON.FABRIC.SECT.CSLEFT - BI-133 - Leg001-2'),
    (2, 9, 'https://content.cylindo.com/api/v2/4472/products/SLON.FABRIC.SECT.CSLEFT/frames/1/SLON.FABRIC.SECT.CSLEFT.JPG?background=FFFFFF&feature=COLOR:BI-133&feature=FINISH:Leg001-3&feature=CUSHIONS:CUSHION-2&feature=DEPTH:DEPTH-36&feature=CHAISE%20LENGTH:CHAISE-63&feature=CHAISE%20WIDTH:CHAISEWIDTH-35', 2045, 10, 'SLON.FABRIC.SECT.CSLEFT - BI-133 - Leg001-3'),
    (2, 10, 'https://content.cylindo.com/api/v2/4472/products/SLON.FABRIC.SECT.CSLEFT/frames/1/SLON.FABRIC.SECT.CSLEFT.JPG?background=FFFFFF&feature=COLOR:SE-161&feature=FINISH:Leg001-1&feature=CUSHIONS:CUSHION-2&feature=DEPTH:DEPTH-36&feature=CHAISE%20LENGTH:CHAISE-63&feature=CHAISE%20WIDTH:CHAISEWIDTH-35', 2045, 10, 'SLON.FABRIC.SECT.CSLEFT - SE-161 - Leg001-1'),
    (2, 11, 'https://content.cylindo.com/api/v2/4472/products/SLON.FABRIC.SECT.CSLEFT/frames/1/SLON.FABRIC.SECT.CSLEFT.JPG?background=FFFFFF&feature=COLOR:SE-161&feature=FINISH:Leg001-2&feature=CUSHIONS:CUSHION-2&feature=DEPTH:DEPTH-36&feature=CHAISE%20LENGTH:CHAISE-63&feature=CHAISE%20WIDTH:CHAISEWIDTH-35', 2045, 10, 'SLON.FABRIC.SECT.CSLEFT - SE-161 - Leg001-2'),
    (2, 12, 'https://content.cylindo.com/api/v2/4472/products/SLON.FABRIC.SECT.CSLEFT/frames/1/SLON.FABRIC.SECT.CSLEFT.JPG?background=FFFFFF&feature=COLOR:SE-161&feature=FINISH:Leg001-3&feature=CUSHIONS:CUSHION-2&feature=DEPTH:DEPTH-36&feature=CHAISE%20LENGTH:CHAISE-63&feature=CHAISE%20WIDTH:CHAISEWIDTH-35', 2045, 10, 'SLON.FABRIC.SECT.CSLEFT - SE-161 - Leg001-3'),
    (3, 1, 'https://content.cylindo.com/api/v2/4472/products/SLON.LEATHR.SECT.USHAPE/frames/1/SLON.LEATHR.SECT.USHAPE.JPG?background=FFFFFF&feature=COLOR:2210A&feature=FINISH:Leg008-1&feature=CUSHIONS:CUSHION-2&feature=SOFA%20DEPTH:DEPTH-36', 5795, 10, 'SLON.LEATHR.SECT.USHAPE - 2210A - Leg008-1'),
    (3, 2, 'https://content.cylindo.com/api/v2/4472/products/SLON.LEATHR.SECT.USHAPE/frames/1/SLON.LEATHR.SECT.USHAPE.JPG?background=FFFFFF&feature=COLOR:2210A&feature=FINISH:Leg008-3&feature=CUSHIONS:CUSHION-2&feature=SOFA%20DEPTH:DEPTH-36', 5795, 10, 'SLON.LEATHR.SECT.USHAPE - 2210A - Leg008-3'),
    (3, 3, 'https://content.cylindo.com/api/v2/4472/products/SLON.LEATHR.SECT.USHAPE/frames/1/SLON.LEATHR.SECT.USHAPE.JPG?background=FFFFFF&feature=COLOR:2210A&feature=FINISH:Leg008-2&feature=CUSHIONS:CUSHION-2&feature=SOFA%20DEPTH:DEPTH-36', 5795, 10, 'SLON.LEATHR.SECT.USHAPE - 2210A - Leg008-2'),
    (3, 4, 'https://content.cylindo.com/api/v2/4472/products/SLON.LEATHR.SECT.USHAPE/frames/1/SLON.LEATHR.SECT.USHAPE.JPG?background=FFFFFF&feature=COLOR:LTHR-02&feature=FINISH:Leg008-1&feature=CUSHIONS:CUSHION-2&feature=SOFA%20DEPTH:DEPTH-36', 5795, 10, 'SLON.LEATHR.SECT.USHAPE - LTHR-02 - Leg008-1'),
    (3, 5, 'https://content.cylindo.com/api/v2/4472/products/SLON.LEATHR.SECT.USHAPE/frames/1/SLON.LEATHR.SECT.USHAPE.JPG?background=FFFFFF&feature=COLOR:LTHR-02&feature=FINISH:Leg008-3&feature=CUSHIONS:CUSHION-2&feature=SOFA%20DEPTH:DEPTH-36', 5795, 10, 'SLON.LEATHR.SECT.USHAPE - LTHR-02 - Leg008-3'),
    (3, 6, 'https://content.cylindo.com/api/v2/4472/products/SLON.LEATHR.SECT.USHAPE/frames/1/SLON.LEATHR.SECT.USHAPE.JPG?background=FFFFFF&feature=COLOR:LTHR-02&feature=FINISH:Leg008-2&feature=CUSHIONS:CUSHION-2&feature=SOFA%20DEPTH:DEPTH-36', 5795, 10, 'SLON.LEATHR.SECT.USHAPE - LTHR-02 - Leg008-2'),
    (3, 7, 'https://content.cylindo.com/api/v2/4472/products/SLON.LEATHR.SECT.USHAPE/frames/1/SLON.LEATHR.SECT.USHAPE.JPG?background=FFFFFF&feature=COLOR:8519A&feature=FINISH:Leg008-1&feature=CUSHIONS:CUSHION-2&feature=SOFA%20DEPTH:DEPTH-36', 5795, 10, 'SLON.LEATHR.SECT.USHAPE - 8519A - Leg008-1'),
    (3, 8, 'https://content.cylindo.com/api/v2/4472/products/SLON.LEATHR.SECT.USHAPE/frames/1/SLON.LEATHR.SECT.USHAPE.JPG?background=FFFFFF&feature=COLOR:8519A&feature=FINISH:Leg008-3&feature=CUSHIONS:CUSHION-2&feature=SOFA%20DEPTH:DEPTH-36', 5795, 10, 'SLON.LEATHR.SECT.USHAPE - 8519A - Leg008-3'),
    (3, 9, 'https://content.cylindo.com/api/v2/4472/products/SLON.LEATHR.SECT.USHAPE/frames/1/SLON.LEATHR.SECT.USHAPE.JPG?background=FFFFFF&feature=COLOR:8519A&feature=FINISH:Leg008-2&feature=CUSHIONS:CUSHION-2&feature=SOFA%20DEPTH:DEPTH-36', 5795, 10, 'SLON.LEATHR.SECT.USHAPE - 8519A - Leg008-2'),
    (3, 10, 'https://content.cylindo.com/api/v2/4472/products/SLON.LEATHR.SECT.USHAPE/frames/1/SLON.LEATHR.SECT.USHAPE.JPG?background=FFFFFF&feature=COLOR:LTHR-01&feature=FINISH:Leg008-1&feature=CUSHIONS:CUSHION-2&feature=SOFA%20DEPTH:DEPTH-36', 5795, 10, 'SLON.LEATHR.SECT.USHAPE - LTHR-01 - Leg008-1'),
    (3, 11, 'https://content.cylindo.com/api/v2/4472/products/SLON.LEATHR.SECT.USHAPE/frames/1/SLON.LEATHR.SECT.USHAPE.JPG?background=FFFFFF&feature=COLOR:LTHR-01&feature=FINISH:Leg008-3&feature=CUSHIONS:CUSHION-2&feature=SOFA%20DEPTH:DEPTH-36', 5795, 10, 'SLON.LEATHR.SECT.USHAPE - LTHR-01 - Leg008-3'),
    (3, 12, 'https://content.cylindo.com/api/v2/4472/products/SLON.LEATHR.SECT.USHAPE/frames/1/SLON.LEATHR.SECT.USHAPE.JPG?background=FFFFFF&feature=COLOR:LTHR-01&feature=FINISH:Leg008-2&feature=CUSHIONS:CUSHION-2&feature=SOFA%20DEPTH:DEPTH-36', 5795, 10, 'SLON.LEATHR.SECT.USHAPE - LTHR-01 - Leg008-2'),
    (4, 1, 'https://content.cylindo.com/api/v2/4472/products/SLON.FABRIC.SECT.CSLEFT.4SEAT/frames/1/SLON.FABRIC.SECT.CSLEFT.4SEAT.JPG?background=FFFFFF&feature=COLOR:BI-132&feature=FINISH:Leg001-1&feature=DEPTH:DEPTH-36&feature=CHAISE%20LENGTH:CHAISE-63&feature=CHAISE%20WIDTH:CHAISEWIDTH-35', 2845, 10, 'SLON.FABRIC.SECT.CSLEFT.4SEAT - BI-132 - Leg001-1'),
    (4, 2, 'https://content.cylindo.com/api/v2/4472/products/SLON.FABRIC.SECT.CSLEFT.4SEAT/frames/1/SLON.FABRIC.SECT.CSLEFT.4SEAT.JPG?background=FFFFFF&feature=COLOR:BI-132&feature=FINISH:Leg001-2&feature=DEPTH:DEPTH-36&feature=CHAISE%20LENGTH:CHAISE-63&feature=CHAISE%20WIDTH:CHAISEWIDTH-35', 2845, 10, 'SLON.FABRIC.SECT.CSLEFT.4SEAT - BI-132 - Leg001-2'),
    (4, 3, 'https://content.cylindo.com/api/v2/4472/products/SLON.FABRIC.SECT.CSLEFT.4SEAT/frames/1/SLON.FABRIC.SECT.CSLEFT.4SEAT.JPG?background=FFFFFF&feature=COLOR:BI-132&feature=FINISH:Leg001-3&feature=DEPTH:DEPTH-36&feature=CHAISE%20LENGTH:CHAISE-63&feature=CHAISE%20WIDTH:CHAISEWIDTH-35', 2845, 10, 'SLON.FABRIC.SECT.CSLEFT.4SEAT - BI-132 - Leg001-3'),
    (4, 4, 'https://content.cylindo.com/api/v2/4472/products/SLON.FABRIC.SECT.CSLEFT.4SEAT/frames/1/SLON.FABRIC.SECT.CSLEFT.4SEAT.JPG?background=FFFFFF&feature=COLOR:BI-134&feature=FINISH:Leg001-1&feature=DEPTH:DEPTH-36&feature=CHAISE%20LENGTH:CHAISE-63&feature=CHAISE%20WIDTH:CHAISEWIDTH-35', 2845, 10, 'SLON.FABRIC.SECT.CSLEFT.4SEAT - BI-134 - Leg001-1'),
    (4, 5, 'https://content.cylindo.com/api/v2/4472/products/SLON.FABRIC.SECT.CSLEFT.4SEAT/frames/1/SLON.FABRIC.SECT.CSLEFT.4SEAT.JPG?background=FFFFFF&feature=COLOR:BI-134&feature=FINISH:Leg001-2&feature=DEPTH:DEPTH-36&feature=CHAISE%20LENGTH:CHAISE-63&feature=CHAISE%20WIDTH:CHAISEWIDTH-35', 2845, 10, 'SLON.FABRIC.SECT.CSLEFT.4SEAT - BI-134 - Leg001-2'),
    (4, 6, 'https://content.cylindo.com/api/v2/4472/products/SLON.FABRIC.SECT.CSLEFT.4SEAT/frames/1/SLON.FABRIC.SECT.CSLEFT.4SEAT.JPG?background=FFFFFF&feature=COLOR:BI-134&feature=FINISH:Leg001-3&feature=DEPTH:DEPTH-36&feature=CHAISE%20LENGTH:CHAISE-63&feature=CHAISE%20WIDTH:CHAISEWIDTH-35', 2845, 10, 'SLON.FABRIC.SECT.CSLEFT.4SEAT - BI-134 - Leg001-3'),
    (4, 7, 'https://content.cylindo.com/api/v2/4472/products/SLON.FABRIC.SECT.CSLEFT.4SEAT/frames/1/SLON.FABRIC.SECT.CSLEFT.4SEAT.JPG?background=FFFFFF&feature=COLOR:BI-133&feature=FINISH:Leg001-1&feature=DEPTH:DEPTH-36&feature=CHAISE%20LENGTH:CHAISE-63&feature=CHAISE%20WIDTH:CHAISEWIDTH-35', 2845, 10, 'SLON.FABRIC.SECT.CSLEFT.4SEAT - BI-133 - Leg001-1'),
    (4, 8, 'https://content.cylindo.com/api/v2/4472/products/SLON.FABRIC.SECT.CSLEFT.4SEAT/frames/1/SLON.FABRIC.SECT.CSLEFT.4SEAT.JPG?background=FFFFFF&feature=COLOR:BI-133&feature=FINISH:Leg001-2&feature=DEPTH:DEPTH-36&feature=CHAISE%20LENGTH:CHAISE-63&feature=CHAISE%20WIDTH:CHAISEWIDTH-35', 2845, 10, 'SLON.FABRIC.SECT.CSLEFT.4SEAT - BI-133 - Leg001-2'),
    (4, 9, 'https://content.cylindo.com/api/v2/4472/products/SLON.FABRIC.SECT.CSLEFT.4SEAT/frames/1/SLON.FABRIC.SECT.CSLEFT.4SEAT.JPG?background=FFFFFF&feature=COLOR:BI-133&feature=FINISH:Leg001-3&feature=DEPTH:DEPTH-36&feature=CHAISE%20LENGTH:CHAISE-63&feature=CHAISE%20WIDTH:CHAISEWIDTH-35', 2845, 10, 'SLON.FABRIC.SECT.CSLEFT.4SEAT - BI-133 - Leg001-3'),
    (4, 10, 'https://content.cylindo.com/api/v2/4472/products/SLON.FABRIC.SECT.CSLEFT.4SEAT/frames/1/SLON.FABRIC.SECT.CSLEFT.4SEAT.JPG?background=FFFFFF&feature=COLOR:SE-161&feature=FINISH:Leg001-1&feature=DEPTH:DEPTH-36&feature=CHAISE%20LENGTH:CHAISE-63&feature=CHAISE%20WIDTH:CHAISEWIDTH-35', 2845, 10, 'SLON.FABRIC.SECT.CSLEFT.4SEAT - SE-161 - Leg001-1'),
    (4, 11, 'https://content.cylindo.com/api/v2/4472/products/SLON.FABRIC.SECT.CSLEFT.4SEAT/frames/1/SLON.FABRIC.SECT.CSLEFT.4SEAT.JPG?background=FFFFFF&feature=COLOR:SE-161&feature=FINISH:Leg001-2&feature=DEPTH:DEPTH-36&feature=CHAISE%20LENGTH:CHAISE-63&feature=CHAISE%20WIDTH:CHAISEWIDTH-35', 2845, 10, 'SLON.FABRIC.SECT.CSLEFT.4SEAT - SE-161 - Leg001-2'),
    (4, 12, 'https://content.cylindo.com/api/v2/4472/products/SLON.FABRIC.SECT.CSLEFT.4SEAT/frames/1/SLON.FABRIC.SECT.CSLEFT.4SEAT.JPG?background=FFFFFF&feature=COLOR:SE-161&feature=FINISH:Leg001-3&feature=DEPTH:DEPTH-36&feature=CHAISE%20LENGTH:CHAISE-63&feature=CHAISE%20WIDTH:CHAISEWIDTH-35', 2845, 10, 'SLON.FABRIC.SECT.CSLEFT.4SEAT - SE-161 - Leg001-3');
INSERT INTO "variant_value"(product_id, option_id, variant_id, category_id, option_value)
VALUES
    (1, 1, 1, 5, 'Opal'),
    (1, 2, 1, 5, 'Oiled Walnut'),
    (1, 1, 2, 5, 'Opal'),
    (1, 2, 2, 5, 'Natural Oak'),
    (1, 1, 3, 5, 'Opal'),
    (1, 2, 3, 5, 'Matte Black'),
    (1, 1, 4, 5, 'Abyss'),
    (1, 2, 4, 5, 'Oiled Walnut'),
    (1, 1, 5, 5, 'Abyss'),
    (1, 2, 5, 5, 'Natural Oak'),
    (1, 1, 6, 5, 'Abyss'),
    (1, 2, 6, 5, 'Matte Black'),
    (1, 1, 7, 5, 'Pepper'),
    (1, 2, 7, 5, 'Oiled Walnut'),
    (1, 1, 8, 5, 'Pepper'),
    (1, 2, 8, 5, 'Natural Oak'),
    (1, 1, 9, 5, 'Pepper'),
    (1, 2, 9, 5, 'Matte Black'),
    (1, 1, 10, 5, 'Coral'),
    (1, 2, 10, 5, 'Oiled Walnut'),
    (1, 1, 11, 5, 'Coral'),
    (1, 2, 11, 5, 'Natural Oak'),
    (1, 1, 12, 5, 'Coral'),
    (1, 2, 12, 5, 'Matte Black'),
    (2, 1, 1, 3, 'Opal'),
    (2, 2, 1, 3, 'Oiled Walnut'),
    (2, 1, 2, 3, 'Opal'),
    (2, 2, 2, 3, 'Natural Oak'),
    (2, 1, 3, 3, 'Opal'),
    (2, 2, 3, 3, 'Painted Black'),
    (2, 1, 4, 3, 'Abyss'),
    (2, 2, 4, 3, 'Oiled Walnut'),
    (2, 1, 5, 3, 'Abyss'),
    (2, 2, 5, 3, 'Natural Oak'),
    (2, 1, 6, 3, 'Abyss'),
    (2, 2, 6, 3, 'Painted Black'),
    (2, 1, 7, 3, 'Pepper'),
    (2, 2, 7, 3, 'Oiled Walnut'),
    (2, 1, 8, 3, 'Pepper'),
    (2, 2, 8, 3, 'Natural Oak'),
    (2, 1, 9, 3, 'Pepper'),
    (2, 2, 9, 3, 'Painted Black'),
    (2, 1, 10, 3, 'Coral'),
    (2, 2, 10, 3, 'Oiled Walnut'),
    (2, 1, 11, 3, 'Coral'),
    (2, 2, 11, 3, 'Natural Oak'),
    (2, 1, 12, 3, 'Coral'),
    (2, 2, 12, 3, 'Painted Black'),
    (3, 1, 1, 4, 'Palomino'),
    (3, 2, 1, 4, 'Chrome Plated'),
    (3, 1, 2, 4, 'Palomino'),
    (3, 2, 2, 4, 'Brass Plated'),
    (3, 1, 3, 4, 'Palomino'),
    (3, 2, 3, 4, 'Matte Black'),
    (3, 1, 4, 4, 'Fossil'),
    (3, 2, 4, 4, 'Chrome Plated'),
    (3, 1, 5, 4, 'Fossil'),
    (3, 2, 5, 4, 'Brass Plated'),
    (3, 1, 6, 4, 'Fossil'),
    (3, 2, 6, 4, 'Matte Black'),
    (3, 1, 7, 4, 'Pecan'),
    (3, 2, 7, 4, 'Chrome Plated'),
    (3, 1, 8, 4, 'Pecan'),
    (3, 2, 8, 4, 'Brass Plated'),
    (3, 1, 9, 4, 'Pecan'),
    (3, 2, 9, 4, 'Matte Black'),
    (3, 1, 10, 4, 'Cognac'),
    (3, 2, 10, 4, 'Chrome Plated'),
    (3, 1, 11, 4, 'Cognac'),
    (3, 2, 11, 4, 'Brass Plated'),
    (3, 1, 12, 4, 'Cognac'),
    (3, 2, 12, 4, 'Matte Black'),
    (4, 1, 1, 3, 'Opal'),
    (4, 2, 1, 3, 'Oiled Walnut'),
    (4, 1, 2, 3, 'Opal'),
    (4, 2, 2, 3, 'Natural Oak'),
    (4, 1, 3, 3, 'Opal'),
    (4, 2, 3, 3, 'Painted Black'),
    (4, 1, 4, 3, 'Abyss'),
    (4, 2, 4, 3, 'Oiled Walnut'),
    (4, 1, 5, 3, 'Abyss'),
    (4, 2, 5, 3, 'Natural Oak'),
    (4, 1, 6, 3, 'Abyss'),
    (4, 2, 6, 3, 'Painted Black'),
    (4, 1, 7, 3, 'Pepper'),
    (4, 2, 7, 3, 'Oiled Walnut'),
    (4, 1, 8, 3, 'Pepper'),
    (4, 2, 8, 3, 'Natural Oak'),
    (4, 1, 9, 3, 'Pepper'),
    (4, 2, 9, 3, 'Painted Black'),
    (4, 1, 10, 3, 'Coral'),
    (4, 2, 10, 3, 'Oiled Walnut'),
    (4, 1, 11, 3, 'Coral'),
    (4, 2, 11, 3, 'Natural Oak'),
    (4, 1, 12, 3, 'Coral'),
    (4, 2, 12, 3, 'Painted Black');
INSERT INTO "product"(product_id, product_name, brand_id, category_id, image)
VALUES
    (5, 'Charly Fabric Sofa', 9, 7, 'https://content.cylindo.com/api/v2/4472/products/CHLY.FABRIC.SOFA.STNDRD/frames/1/CHLY.FABRIC.SOFA.STNDRD.JPG?background=FFFFFF&feature=CUSHIONS:CUSHION-BENCH&feature=COLOR:CW-006&feature=FINISH:LEG018-1'),
    (6, 'Charly Loveseat', 9, 8, 'https://content.cylindo.com/api/v2/4472/products/CHLY.FABRIC.SOFA.APRTMT/frames/1/CHLY.FABRIC.SOFA.APRTMT.JPG?background=FFFFFF&feature=CUSHIONS:CUSHION-BENCH&feature=COLOR:CW-006&feature=FINISH:LEG018-1'),
    (7, 'Charly Sleeper Sofa', 9, 9, 'https://content.cylindo.com/api/v2/4472/products/CHLY.FABRIC.SOFA.SLEEPR/frames/1/CHLY.FABRIC.SOFA.SLEEPR.JPG?background=FFFFFF&feature=CUSHIONS:CUSHION-BENCH&feature=BED:BED_IN&feature=COLOR:CW-006&feature=FINISH:LEG007-1'),
    (8, 'Charly Twin Sleeper Sofa', 9, 9, 'https://content.cylindo.com/api/v2/4472/products/CHLY.FABRIC.SOFA.SSTWIN/frames/1/CHLY.FABRIC.SOFA.SSTWIN.JPG?background=FFFFFF&feature=CUSHIONS:CUSHION-BENCH&feature=BED:BED_IN&feature=COLOR:CW-006&feature=FINISH:LEG007-1');
INSERT INTO "options"(option_id, category_id, option_name)
VALUES
    (1, 7, 'Chất liệu'),
    (2, 7, 'Chất liệu chân'),
    (1, 8, 'Chất liệu'),
    (2, 8, 'Chất liệu chân'),
    (1, 9, 'Chất liệu'),
    (2, 9, 'Chất liệu chân');
INSERT INTO "product_variant"(product_id, variant_id, image, price, quantity, sku)
VALUES
    (5, 1, 'https://content.cylindo.com/api/v2/4472/products/CHLY.FABRIC.SOFA.STNDRD/frames/1/CHLY.FABRIC.SOFA.STNDRD.JPG?background=FFFFFF&feature=CUSHIONS:CUSHION-BENCH&feature=COLOR:CW-006&feature=FINISH:Leg018-1', 1795, 10, 'CHLY.FABRIC.SOFA.STNDRD - CW-006 - Leg018-1'),
    (5, 2, 'https://content.cylindo.com/api/v2/4472/products/CHLY.FABRIC.SOFA.STNDRD/frames/1/CHLY.FABRIC.SOFA.STNDRD.JPG?background=FFFFFF&feature=CUSHIONS:CUSHION-BENCH&feature=COLOR:CW-006&feature=FINISH:Leg018-2', 1795, 10, 'CHLY.FABRIC.SOFA.STNDRD - CW-006 - Leg018-2'),
    (5, 3, 'https://content.cylindo.com/api/v2/4472/products/CHLY.FABRIC.SOFA.STNDRD/frames/1/CHLY.FABRIC.SOFA.STNDRD.JPG?background=FFFFFF&feature=CUSHIONS:CUSHION-BENCH&feature=COLOR:CW-006&feature=FINISH:Leg018-3', 1795, 10, 'CHLY.FABRIC.SOFA.STNDRD - CW-006 - Leg018-3'),
    (5, 4, 'https://content.cylindo.com/api/v2/4472/products/CHLY.FABRIC.SOFA.STNDRD/frames/1/CHLY.FABRIC.SOFA.STNDRD.JPG?background=FFFFFF&feature=CUSHIONS:CUSHION-BENCH&feature=COLOR:CW-001&feature=FINISH:Leg018-1', 1795, 10, 'CHLY.FABRIC.SOFA.STNDRD - CW-001 - Leg018-1'),
    (5, 5, 'https://content.cylindo.com/api/v2/4472/products/CHLY.FABRIC.SOFA.STNDRD/frames/1/CHLY.FABRIC.SOFA.STNDRD.JPG?background=FFFFFF&feature=CUSHIONS:CUSHION-BENCH&feature=COLOR:CW-001&feature=FINISH:Leg018-2', 1795, 10, 'CHLY.FABRIC.SOFA.STNDRD - CW-001 - Leg018-2'),
    (5, 6, 'https://content.cylindo.com/api/v2/4472/products/CHLY.FABRIC.SOFA.STNDRD/frames/1/CHLY.FABRIC.SOFA.STNDRD.JPG?background=FFFFFF&feature=CUSHIONS:CUSHION-BENCH&feature=COLOR:CW-001&feature=FINISH:Leg018-3', 1795, 10, 'CHLY.FABRIC.SOFA.STNDRD - CW-001 - Leg018-3'),
    (5, 7, 'https://content.cylindo.com/api/v2/4472/products/CHLY.FABRIC.SOFA.STNDRD/frames/1/CHLY.FABRIC.SOFA.STNDRD.JPG?background=FFFFFF&feature=CUSHIONS:CUSHION-BENCH&feature=COLOR:CW-002&feature=FINISH:Leg018-1', 1795, 10, 'CHLY.FABRIC.SOFA.STNDRD - CW-002 - Leg018-1'),
    (5, 8, 'https://content.cylindo.com/api/v2/4472/products/CHLY.FABRIC.SOFA.STNDRD/frames/1/CHLY.FABRIC.SOFA.STNDRD.JPG?background=FFFFFF&feature=CUSHIONS:CUSHION-BENCH&feature=COLOR:CW-002&feature=FINISH:Leg018-2', 1795, 10, 'CHLY.FABRIC.SOFA.STNDRD - CW-002 - Leg018-2'),
    (5, 9, 'https://content.cylindo.com/api/v2/4472/products/CHLY.FABRIC.SOFA.STNDRD/frames/1/CHLY.FABRIC.SOFA.STNDRD.JPG?background=FFFFFF&feature=CUSHIONS:CUSHION-BENCH&feature=COLOR:CW-002&feature=FINISH:Leg018-3', 1795, 10, 'CHLY.FABRIC.SOFA.STNDRD - CW-002 - Leg018-3'),
    (5, 10, 'https://content.cylindo.com/api/v2/4472/products/CHLY.FABRIC.SOFA.STNDRD/frames/1/CHLY.FABRIC.SOFA.STNDRD.JPG?background=FFFFFF&feature=CUSHIONS:CUSHION-BENCH&feature=COLOR:SE-161&feature=FINISH:Leg018-1', 1895, 10, 'CHLY.FABRIC.SOFA.STNDRD - SE-161 - Leg018-1'),
    (5, 11, 'https://content.cylindo.com/api/v2/4472/products/CHLY.FABRIC.SOFA.STNDRD/frames/1/CHLY.FABRIC.SOFA.STNDRD.JPG?background=FFFFFF&feature=CUSHIONS:CUSHION-BENCH&feature=COLOR:SE-161&feature=FINISH:Leg018-2', 1895, 10, 'CHLY.FABRIC.SOFA.STNDRD - SE-161 - Leg018-2'),
    (5, 12, 'https://content.cylindo.com/api/v2/4472/products/CHLY.FABRIC.SOFA.STNDRD/frames/1/CHLY.FABRIC.SOFA.STNDRD.JPG?background=FFFFFF&feature=CUSHIONS:CUSHION-BENCH&feature=COLOR:SE-161&feature=FINISH:Leg018-3', 1895, 10, 'CHLY.FABRIC.SOFA.STNDRD - SE-161 - Leg018-3'),
    (6, 1, 'https://content.cylindo.com/api/v2/4472/products/CHLY.FABRIC.SOFA.APRTMT/frames/1/CHLY.FABRIC.SOFA.APRTMT.JPG?background=FFFFFF&feature=CUSHIONS:CUSHION-BENCH&feature=COLOR:CW-006&feature=FINISH:Leg018-1', 1495, 10, 'CHLY.FABRIC.SOFA.APRTMT - CW-006 - Leg018-1'),
    (6, 2, 'https://content.cylindo.com/api/v2/4472/products/CHLY.FABRIC.SOFA.APRTMT/frames/1/CHLY.FABRIC.SOFA.APRTMT.JPG?background=FFFFFF&feature=CUSHIONS:CUSHION-BENCH&feature=COLOR:CW-006&feature=FINISH:Leg018-2', 1495, 10, 'CHLY.FABRIC.SOFA.APRTMT - CW-006 - Leg018-2'),
    (6, 3, 'https://content.cylindo.com/api/v2/4472/products/CHLY.FABRIC.SOFA.APRTMT/frames/1/CHLY.FABRIC.SOFA.APRTMT.JPG?background=FFFFFF&feature=CUSHIONS:CUSHION-BENCH&feature=COLOR:CW-006&feature=FINISH:Leg018-3', 1495, 10, 'CHLY.FABRIC.SOFA.APRTMT - CW-006 - Leg018-3'),
    (6, 4, 'https://content.cylindo.com/api/v2/4472/products/CHLY.FABRIC.SOFA.APRTMT/frames/1/CHLY.FABRIC.SOFA.APRTMT.JPG?background=FFFFFF&feature=CUSHIONS:CUSHION-BENCH&feature=COLOR:CW-001&feature=FINISH:Leg018-1', 1495, 10, 'CHLY.FABRIC.SOFA.APRTMT - CW-001 - Leg018-1'),
    (6, 5, 'https://content.cylindo.com/api/v2/4472/products/CHLY.FABRIC.SOFA.APRTMT/frames/1/CHLY.FABRIC.SOFA.APRTMT.JPG?background=FFFFFF&feature=CUSHIONS:CUSHION-BENCH&feature=COLOR:CW-001&feature=FINISH:Leg018-2', 1495, 10, 'CHLY.FABRIC.SOFA.APRTMT - CW-001 - Leg018-2'),
    (6, 6, 'https://content.cylindo.com/api/v2/4472/products/CHLY.FABRIC.SOFA.APRTMT/frames/1/CHLY.FABRIC.SOFA.APRTMT.JPG?background=FFFFFF&feature=CUSHIONS:CUSHION-BENCH&feature=COLOR:CW-001&feature=FINISH:Leg018-3', 1495, 10, 'CHLY.FABRIC.SOFA.APRTMT - CW-001 - Leg018-3'),
    (6, 7, 'https://content.cylindo.com/api/v2/4472/products/CHLY.FABRIC.SOFA.APRTMT/frames/1/CHLY.FABRIC.SOFA.APRTMT.JPG?background=FFFFFF&feature=CUSHIONS:CUSHION-BENCH&feature=COLOR:CW-002&feature=FINISH:Leg018-1', 1495, 10, 'CHLY.FABRIC.SOFA.APRTMT - CW-002 - Leg018-1'),
    (6, 8, 'https://content.cylindo.com/api/v2/4472/products/CHLY.FABRIC.SOFA.APRTMT/frames/1/CHLY.FABRIC.SOFA.APRTMT.JPG?background=FFFFFF&feature=CUSHIONS:CUSHION-BENCH&feature=COLOR:CW-002&feature=FINISH:Leg018-2', 1495, 10, 'CHLY.FABRIC.SOFA.APRTMT - CW-002 - Leg018-2'),
    (6, 9, 'https://content.cylindo.com/api/v2/4472/products/CHLY.FABRIC.SOFA.APRTMT/frames/1/CHLY.FABRIC.SOFA.APRTMT.JPG?background=FFFFFF&feature=CUSHIONS:CUSHION-BENCH&feature=COLOR:CW-002&feature=FINISH:Leg018-3', 1495, 10, 'CHLY.FABRIC.SOFA.APRTMT - CW-002 - Leg018-3'),
    (6, 10, 'https://content.cylindo.com/api/v2/4472/products/CHLY.FABRIC.SOFA.APRTMT/frames/1/CHLY.FABRIC.SOFA.APRTMT.JPG?background=FFFFFF&feature=CUSHIONS:CUSHION-BENCH&feature=COLOR:SE-161&feature=FINISH:Leg018-1', 1595, 10, 'CHLY.FABRIC.SOFA.APRTMT - SE-161 - Leg018-1'),
    (6, 11, 'https://content.cylindo.com/api/v2/4472/products/CHLY.FABRIC.SOFA.APRTMT/frames/1/CHLY.FABRIC.SOFA.APRTMT.JPG?background=FFFFFF&feature=CUSHIONS:CUSHION-BENCH&feature=COLOR:SE-161&feature=FINISH:Leg018-2', 1595, 10, 'CHLY.FABRIC.SOFA.APRTMT - SE-161 - Leg018-2'),
    (6, 12, 'https://content.cylindo.com/api/v2/4472/products/CHLY.FABRIC.SOFA.APRTMT/frames/1/CHLY.FABRIC.SOFA.APRTMT.JPG?background=FFFFFF&feature=CUSHIONS:CUSHION-BENCH&feature=COLOR:SE-161&feature=FINISH:Leg018-3', 1595, 10, 'CHLY.FABRIC.SOFA.APRTMT - SE-161 - Leg018-3'),
    (7, 1, 'https://content.cylindo.com/api/v2/4472/products/CHLY.FABRIC.SOFA.SLEEPR/frames/1/CHLY.FABRIC.SOFA.SLEEPR.JPG?background=FFFFFF&feature=CUSHIONS:CUSHION-BENCH&feature=BED:BED_IN&feature=COLOR:CW-006&feature=FINISH:Leg007-1', 2195, 10, 'CHLY.FABRIC.SOFA.SLEEPR - CW-006 - Leg007-1'),
    (7, 2, 'https://content.cylindo.com/api/v2/4472/products/CHLY.FABRIC.SOFA.SLEEPR/frames/1/CHLY.FABRIC.SOFA.SLEEPR.JPG?background=FFFFFF&feature=CUSHIONS:CUSHION-BENCH&feature=BED:BED_IN&feature=COLOR:CW-006&feature=FINISH:Leg007-2', 2195, 10, 'CHLY.FABRIC.SOFA.SLEEPR - CW-006 - Leg007-2'),
    (7, 3, 'https://content.cylindo.com/api/v2/4472/products/CHLY.FABRIC.SOFA.SLEEPR/frames/1/CHLY.FABRIC.SOFA.SLEEPR.JPG?background=FFFFFF&feature=CUSHIONS:CUSHION-BENCH&feature=BED:BED_IN&feature=COLOR:CW-006&feature=FINISH:Leg007-3', 2195, 10, 'CHLY.FABRIC.SOFA.SLEEPR - CW-006 - Leg007-3'),
    (7, 4, 'https://content.cylindo.com/api/v2/4472/products/CHLY.FABRIC.SOFA.SLEEPR/frames/1/CHLY.FABRIC.SOFA.SLEEPR.JPG?background=FFFFFF&feature=CUSHIONS:CUSHION-BENCH&feature=BED:BED_IN&feature=COLOR:CW-001&feature=FINISH:Leg007-1', 2195, 10, 'CHLY.FABRIC.SOFA.SLEEPR - CW-001 - Leg007-1'),
    (7, 5, 'https://content.cylindo.com/api/v2/4472/products/CHLY.FABRIC.SOFA.SLEEPR/frames/1/CHLY.FABRIC.SOFA.SLEEPR.JPG?background=FFFFFF&feature=CUSHIONS:CUSHION-BENCH&feature=BED:BED_IN&feature=COLOR:CW-001&feature=FINISH:Leg007-2', 2195, 10, 'CHLY.FABRIC.SOFA.SLEEPR - CW-001 - Leg007-2'),
    (7, 6, 'https://content.cylindo.com/api/v2/4472/products/CHLY.FABRIC.SOFA.SLEEPR/frames/1/CHLY.FABRIC.SOFA.SLEEPR.JPG?background=FFFFFF&feature=CUSHIONS:CUSHION-BENCH&feature=BED:BED_IN&feature=COLOR:CW-001&feature=FINISH:Leg007-3', 2195, 10, 'CHLY.FABRIC.SOFA.SLEEPR - CW-001 - Leg007-3'),
    (7, 7, 'https://content.cylindo.com/api/v2/4472/products/CHLY.FABRIC.SOFA.SLEEPR/frames/1/CHLY.FABRIC.SOFA.SLEEPR.JPG?background=FFFFFF&feature=CUSHIONS:CUSHION-BENCH&feature=BED:BED_IN&feature=COLOR:CW-002&feature=FINISH:Leg007-1', 2195, 10, 'CHLY.FABRIC.SOFA.SLEEPR - CW-002 - Leg007-1'),
    (7, 8, 'https://content.cylindo.com/api/v2/4472/products/CHLY.FABRIC.SOFA.SLEEPR/frames/1/CHLY.FABRIC.SOFA.SLEEPR.JPG?background=FFFFFF&feature=CUSHIONS:CUSHION-BENCH&feature=BED:BED_IN&feature=COLOR:CW-002&feature=FINISH:Leg007-2', 2195, 10, 'CHLY.FABRIC.SOFA.SLEEPR - CW-002 - Leg007-2'),
    (7, 9, 'https://content.cylindo.com/api/v2/4472/products/CHLY.FABRIC.SOFA.SLEEPR/frames/1/CHLY.FABRIC.SOFA.SLEEPR.JPG?background=FFFFFF&feature=CUSHIONS:CUSHION-BENCH&feature=BED:BED_IN&feature=COLOR:CW-002&feature=FINISH:Leg007-3', 2195, 10, 'CHLY.FABRIC.SOFA.SLEEPR - CW-002 - Leg007-3'),
    (7, 10, 'https://content.cylindo.com/api/v2/4472/products/CHLY.FABRIC.SOFA.SLEEPR/frames/1/CHLY.FABRIC.SOFA.SLEEPR.JPG?background=FFFFFF&feature=CUSHIONS:CUSHION-BENCH&feature=BED:BED_IN&feature=COLOR:SE-161&feature=FINISH:Leg007-1', 2295, 10, 'CHLY.FABRIC.SOFA.SLEEPR - SE-161 - Leg007-1'),
    (7, 11, 'https://content.cylindo.com/api/v2/4472/products/CHLY.FABRIC.SOFA.SLEEPR/frames/1/CHLY.FABRIC.SOFA.SLEEPR.JPG?background=FFFFFF&feature=CUSHIONS:CUSHION-BENCH&feature=BED:BED_IN&feature=COLOR:SE-161&feature=FINISH:Leg007-2', 2295, 10, 'CHLY.FABRIC.SOFA.SLEEPR - SE-161 - Leg007-2'),
    (7, 12, 'https://content.cylindo.com/api/v2/4472/products/CHLY.FABRIC.SOFA.SLEEPR/frames/1/CHLY.FABRIC.SOFA.SLEEPR.JPG?background=FFFFFF&feature=CUSHIONS:CUSHION-BENCH&feature=BED:BED_IN&feature=COLOR:SE-161&feature=FINISH:Leg007-3', 2295, 10, 'CHLY.FABRIC.SOFA.SLEEPR - SE-161 - Leg007-3'),
    (8, 1, 'https://content.cylindo.com/api/v2/4472/products/CHLY.FABRIC.SOFA.SSTWIN/frames/1/CHLY.FABRIC.SOFA.SSTWIN.JPG?background=FFFFFF&feature=CUSHIONS:CUSHION-BENCH&feature=BED:BED_IN&feature=COLOR:CW-006&feature=FINISH:Leg007-1', 1895, 10, 'CHLY.FABRIC.SOFA.SSTWIN - CW-006 - Leg007-1'),
    (8, 2, 'https://content.cylindo.com/api/v2/4472/products/CHLY.FABRIC.SOFA.SSTWIN/frames/1/CHLY.FABRIC.SOFA.SSTWIN.JPG?background=FFFFFF&feature=CUSHIONS:CUSHION-BENCH&feature=BED:BED_IN&feature=COLOR:CW-006&feature=FINISH:Leg007-2', 1895, 10, 'CHLY.FABRIC.SOFA.SSTWIN - CW-006 - Leg007-2'),
    (8, 3, 'https://content.cylindo.com/api/v2/4472/products/CHLY.FABRIC.SOFA.SSTWIN/frames/1/CHLY.FABRIC.SOFA.SSTWIN.JPG?background=FFFFFF&feature=CUSHIONS:CUSHION-BENCH&feature=BED:BED_IN&feature=COLOR:CW-006&feature=FINISH:Leg007-3', 1895, 10, 'CHLY.FABRIC.SOFA.SSTWIN - CW-006 - Leg007-3'),
    (8, 4, 'https://content.cylindo.com/api/v2/4472/products/CHLY.FABRIC.SOFA.SSTWIN/frames/1/CHLY.FABRIC.SOFA.SSTWIN.JPG?background=FFFFFF&feature=CUSHIONS:CUSHION-BENCH&feature=BED:BED_IN&feature=COLOR:CW-001&feature=FINISH:Leg007-1', 1895, 10, 'CHLY.FABRIC.SOFA.SSTWIN - CW-001 - Leg007-1'),
    (8, 5, 'https://content.cylindo.com/api/v2/4472/products/CHLY.FABRIC.SOFA.SSTWIN/frames/1/CHLY.FABRIC.SOFA.SSTWIN.JPG?background=FFFFFF&feature=CUSHIONS:CUSHION-BENCH&feature=BED:BED_IN&feature=COLOR:CW-001&feature=FINISH:Leg007-2', 1895, 10, 'CHLY.FABRIC.SOFA.SSTWIN - CW-001 - Leg007-2'),
    (8, 6, 'https://content.cylindo.com/api/v2/4472/products/CHLY.FABRIC.SOFA.SSTWIN/frames/1/CHLY.FABRIC.SOFA.SSTWIN.JPG?background=FFFFFF&feature=CUSHIONS:CUSHION-BENCH&feature=BED:BED_IN&feature=COLOR:CW-001&feature=FINISH:Leg007-3', 1895, 10, 'CHLY.FABRIC.SOFA.SSTWIN - CW-001 - Leg007-3'),
    (8, 7, 'https://content.cylindo.com/api/v2/4472/products/CHLY.FABRIC.SOFA.SSTWIN/frames/1/CHLY.FABRIC.SOFA.SSTWIN.JPG?background=FFFFFF&feature=CUSHIONS:CUSHION-BENCH&feature=BED:BED_IN&feature=COLOR:CW-002&feature=FINISH:Leg007-1', 1895, 10, 'CHLY.FABRIC.SOFA.SSTWIN - CW-002 - Leg007-1'),
    (8, 8, 'https://content.cylindo.com/api/v2/4472/products/CHLY.FABRIC.SOFA.SSTWIN/frames/1/CHLY.FABRIC.SOFA.SSTWIN.JPG?background=FFFFFF&feature=CUSHIONS:CUSHION-BENCH&feature=BED:BED_IN&feature=COLOR:CW-002&feature=FINISH:Leg007-2', 1895, 10, 'CHLY.FABRIC.SOFA.SSTWIN - CW-002 - Leg007-2'),
    (8, 9, 'https://content.cylindo.com/api/v2/4472/products/CHLY.FABRIC.SOFA.SSTWIN/frames/1/CHLY.FABRIC.SOFA.SSTWIN.JPG?background=FFFFFF&feature=CUSHIONS:CUSHION-BENCH&feature=BED:BED_IN&feature=COLOR:CW-002&feature=FINISH:Leg007-3', 1895, 10, 'CHLY.FABRIC.SOFA.SSTWIN - CW-002 - Leg007-3'),
    (8, 10, 'https://content.cylindo.com/api/v2/4472/products/CHLY.FABRIC.SOFA.SSTWIN/frames/1/CHLY.FABRIC.SOFA.SSTWIN.JPG?background=FFFFFF&feature=CUSHIONS:CUSHION-BENCH&feature=BED:BED_IN&feature=COLOR:SE-161&feature=FINISH:Leg007-1', 1995, 10, 'CHLY.FABRIC.SOFA.SSTWIN - SE-161 - Leg007-1'),
    (8, 11, 'https://content.cylindo.com/api/v2/4472/products/CHLY.FABRIC.SOFA.SSTWIN/frames/1/CHLY.FABRIC.SOFA.SSTWIN.JPG?background=FFFFFF&feature=CUSHIONS:CUSHION-BENCH&feature=BED:BED_IN&feature=COLOR:SE-161&feature=FINISH:Leg007-2', 1995, 10, 'CHLY.FABRIC.SOFA.SSTWIN - SE-161 - Leg007-2'),
    (8, 12, 'https://content.cylindo.com/api/v2/4472/products/CHLY.FABRIC.SOFA.SSTWIN/frames/1/CHLY.FABRIC.SOFA.SSTWIN.JPG?background=FFFFFF&feature=CUSHIONS:CUSHION-BENCH&feature=BED:BED_IN&feature=COLOR:SE-161&feature=FINISH:Leg007-3', 1995, 10, 'CHLY.FABRIC.SOFA.SSTWIN - SE-161 - Leg007-3');
INSERT INTO "variant_value"(product_id, option_id, variant_id, category_id, option_value)
VALUES
    (5, 1, 1, 7, 'Rain'),
    (5, 2, 1, 7, 'Oiled Walnut'),
    (5, 1, 2, 7, 'Rain'),
    (5, 2, 2, 7, 'Natural Oak'),
    (5, 1, 3, 7, 'Rain'),
    (5, 2, 3, 7, 'Painted Black'),
    (5, 1, 4, 7, 'Wheat'),
    (5, 2, 4, 7, 'Oiled Walnut'),
    (5, 1, 5, 7, 'Wheat'),
    (5, 2, 5, 7, 'Natural Oak'),
    (5, 1, 6, 7, 'Wheat'),
    (5, 2, 6, 7, 'Painted Black'),
    (5, 1, 7, 7, 'Earth'),
    (5, 2, 7, 7, 'Oiled Walnut'),
    (5, 1, 8, 7, 'Earth'),
    (5, 2, 8, 7, 'Natural Oak'),
    (5, 1, 9, 7, 'Earth'),
    (5, 2, 9, 7, 'Painted Black'),
    (5, 1, 10, 7, 'Coral'),
    (5, 2, 10, 7, 'Oiled Walnut'),
    (5, 1, 11, 7, 'Coral'),
    (5, 2, 11, 7, 'Natural Oak'),
    (5, 1, 12, 7, 'Coral'),
    (5, 2, 12, 7, 'Painted Black'),
    (6, 1, 1, 8, 'Rain'),
    (6, 2, 1, 8, 'Oiled Walnut'),
    (6, 1, 2, 8, 'Rain'),
    (6, 2, 2, 8, 'Natural Oak'),
    (6, 1, 3, 8, 'Rain'),
    (6, 2, 3, 8, 'Painted Black'),
    (6, 1, 4, 8, 'Wheat'),
    (6, 2, 4, 8, 'Oiled Walnut'),
    (6, 1, 5, 8, 'Wheat'),
    (6, 2, 5, 8, 'Natural Oak'),
    (6, 1, 6, 8, 'Wheat'),
    (6, 2, 6, 8, 'Painted Black'),
    (6, 1, 7, 8, 'Earth'),
    (6, 2, 7, 8, 'Oiled Walnut'),
    (6, 1, 8, 8, 'Earth'),
    (6, 2, 8, 8, 'Natural Oak'),
    (6, 1, 9, 8, 'Earth'),
    (6, 2, 9, 8, 'Painted Black'),
    (6, 1, 10, 8, 'Coral'),
    (6, 2, 10, 8, 'Oiled Walnut'),
    (6, 1, 11, 8, 'Coral'),
    (6, 2, 11, 8, 'Natural Oak'),
    (6, 1, 12, 8, 'Coral'),
    (6, 2, 12, 8, 'Painted Black'),
    (7, 1, 1, 9, 'Rain'),
    (7, 2, 1, 9, 'Oiled Walnut'),
    (7, 1, 2, 9, 'Rain'),
    (7, 2, 2, 9, 'Natural Oak'),
    (7, 1, 3, 9, 'Rain'),
    (7, 2, 3, 9, 'Matte Black'),
    (7, 1, 4, 9, 'Wheat'),
    (7, 2, 4, 9, 'Oiled Walnut'),
    (7, 1, 5, 9, 'Wheat'),
    (7, 2, 5, 9, 'Natural Oak'),
    (7, 1, 6, 9, 'Wheat'),
    (7, 2, 6, 9, 'Matte Black'),
    (7, 1, 7, 9, 'Earth'),
    (7, 2, 7, 9, 'Oiled Walnut'),
    (7, 1, 8, 9, 'Earth'),
    (7, 2, 8, 9, 'Natural Oak'),
    (7, 1, 9, 9, 'Earth'),
    (7, 2, 9, 9, 'Matte Black'),
    (7, 1, 10, 9, 'Coral'),
    (7, 2, 10, 9, 'Oiled Walnut'),
    (7, 1, 11, 9, 'Coral'),
    (7, 2, 11, 9, 'Natural Oak'),
    (7, 1, 12, 9, 'Coral'),
    (7, 2, 12, 9, 'Matte Black'),
    (8, 1, 1, 9, 'Rain'),
    (8, 2, 1, 9, 'Oiled Walnut'),
    (8, 1, 2, 9, 'Rain'),
    (8, 2, 2, 9, 'Natural Oak'),
    (8, 1, 3, 9, 'Rain'),
    (8, 2, 3, 9, 'Matte Black'),
    (8, 1, 4, 9, 'Wheat'),
    (8, 2, 4, 9, 'Oiled Walnut'),
    (8, 1, 5, 9, 'Wheat'),
    (8, 2, 5, 9, 'Natural Oak'),
    (8, 1, 6, 9, 'Wheat'),
    (8, 2, 6, 9, 'Matte Black'),
    (8, 1, 7, 9, 'Earth'),
    (8, 2, 7, 9, 'Oiled Walnut'),
    (8, 1, 8, 9, 'Earth'),
    (8, 2, 8, 9, 'Natural Oak'),
    (8, 1, 9, 9, 'Earth'),
    (8, 2, 9, 9, 'Matte Black'),
    (8, 1, 10, 9, 'Coral'),
    (8, 2, 10, 9, 'Oiled Walnut'),
    (8, 1, 11, 9, 'Coral'),
    (8, 2, 11, 9, 'Natural Oak'),
    (8, 1, 12, 9, 'Coral'),
    (8, 2, 12, 9, 'Matte Black');
INSERT INTO "product"(product_id, product_name, brand_id, category_id, image)
VALUES
    (9, 'Otto Bench', 3, 14, 'https://content.cylindo.com/api/v2/4472/products/OTTO.FABRIC.BENCH.STNDRD/frames/1/OTTO.FABRIC.BENCH.STNDRD.JPG?background=FFFFFF&feature=COLOR:SE-173&feature=FINISH:LEG039-2'),
    (10, 'Miller Bench', 4, 14, 'https://content.cylindo.com/api/v2/4472/products/MLLR.FABRIC.BENCH.STNDRD/frames/1/MLLR.FABRIC.BENCH.STNDRD.JPG?background=FFFFFF&feature=COLOR:ROY-001&feature=FINISH:LEG038-2'),
    (11, 'Rowan Bench', 5, 14, 'https://content.cylindo.com/api/v2/4472/products/ROWN.FABRIC.BENCH.STNDRD/frames/1/ROWN.FABRIC.BENCH.STNDRD.JPG?background=FFFFFF&feature=COLOR:SE-166'),
    (12, 'Ines Bench', 6, 14, 'https://content.cylindo.com/api/v2/4472/products/INES.FABRIC.BENCH.STNDRD/frames/1/INES.FABRIC.BENCH.STNDRD.JPG?background=FFFFFF&feature=COLOR:CU-155&feature=BELT:2210A');
INSERT INTO "options"(option_id, category_id, option_name)
VALUES
    (1, 14, 'Chất liệu'),
    (2, 14, 'Chất liệu chân');
INSERT INTO "product_variant"(product_id, variant_id, image, price, quantity, sku)
VALUES
    (9, 1, 'https://content.cylindo.com/api/v2/4472/products/OTTO.FABRIC.BENCH.STNDRD/frames/1/OTTO.FABRIC.BENCH.STNDRD.JPG?background=FFFFFF&feature=COLOR:SE-173&feature=FINISH:Leg039-1', 645, 10, 'OTTO.FABRIC.BENCH.STNDRD - SE-173 - Leg039-1'),
    (9, 2, 'https://content.cylindo.com/api/v2/4472/products/OTTO.FABRIC.BENCH.STNDRD/frames/1/OTTO.FABRIC.BENCH.STNDRD.JPG?background=FFFFFF&feature=COLOR:SE-173&feature=FINISH:Leg039-2', 645, 10, 'OTTO.FABRIC.BENCH.STNDRD - SE-173 - Leg039-2'),
    (9, 3, 'https://content.cylindo.com/api/v2/4472/products/OTTO.FABRIC.BENCH.STNDRD/frames/1/OTTO.FABRIC.BENCH.STNDRD.JPG?background=FFFFFF&feature=COLOR:SE-161&feature=FINISH:Leg039-1', 645, 10, 'OTTO.FABRIC.BENCH.STNDRD - SE-161 - Leg039-1'),
    (9, 4, 'https://content.cylindo.com/api/v2/4472/products/OTTO.FABRIC.BENCH.STNDRD/frames/1/OTTO.FABRIC.BENCH.STNDRD.JPG?background=FFFFFF&feature=COLOR:SE-161&feature=FINISH:Leg039-2', 645, 10, 'OTTO.FABRIC.BENCH.STNDRD - SE-161 - Leg039-2'),
    (9, 5, 'https://content.cylindo.com/api/v2/4472/products/OTTO.FABRIC.BENCH.STNDRD/frames/1/OTTO.FABRIC.BENCH.STNDRD.JPG?background=FFFFFF&feature=COLOR:SE-167&feature=FINISH:Leg039-1', 645, 10, 'OTTO.FABRIC.BENCH.STNDRD - SE-167 - Leg039-1'),
    (9, 6, 'https://content.cylindo.com/api/v2/4472/products/OTTO.FABRIC.BENCH.STNDRD/frames/1/OTTO.FABRIC.BENCH.STNDRD.JPG?background=FFFFFF&feature=COLOR:SE-167&feature=FINISH:Leg039-2', 645, 10, 'OTTO.FABRIC.BENCH.STNDRD - SE-167 - Leg039-2'),
    (9, 7, 'https://content.cylindo.com/api/v2/4472/products/OTTO.FABRIC.BENCH.STNDRD/frames/1/OTTO.FABRIC.BENCH.STNDRD.JPG?background=FFFFFF&feature=COLOR:SE-171&feature=FINISH:Leg039-1', 645, 10, 'OTTO.FABRIC.BENCH.STNDRD - SE-171 - Leg039-1'),
    (9, 8, 'https://content.cylindo.com/api/v2/4472/products/OTTO.FABRIC.BENCH.STNDRD/frames/1/OTTO.FABRIC.BENCH.STNDRD.JPG?background=FFFFFF&feature=COLOR:SE-171&feature=FINISH:Leg039-2', 645, 10, 'OTTO.FABRIC.BENCH.STNDRD - SE-171 - Leg039-2'),
    (10, 1, 'https://content.cylindo.com/api/v2/4472/products/MLLR.FABRIC.BENCH.STNDRD/frames/1/MLLR.FABRIC.BENCH.STNDRD.JPG?background=FFFFFF&feature=COLOR:ROY-001&feature=FINISH:Leg038-1', 645, 10, 'MLLR.FABRIC.BENCH.STNDRD - ROY-001 - Leg038-1'),
    (10, 2, 'https://content.cylindo.com/api/v2/4472/products/MLLR.FABRIC.BENCH.STNDRD/frames/1/MLLR.FABRIC.BENCH.STNDRD.JPG?background=FFFFFF&feature=COLOR:ROY-001&feature=FINISH:Leg038-2', 645, 10, 'MLLR.FABRIC.BENCH.STNDRD - ROY-001 - Leg038-2'),
    (10, 3, 'https://content.cylindo.com/api/v2/4472/products/MLLR.FABRIC.BENCH.STNDRD/frames/1/MLLR.FABRIC.BENCH.STNDRD.JPG?background=FFFFFF&feature=COLOR:ROY-004&feature=FINISH:Leg038-1', 645, 10, 'MLLR.FABRIC.BENCH.STNDRD - ROY-004 - Leg038-1'),
    (10, 4, 'https://content.cylindo.com/api/v2/4472/products/MLLR.FABRIC.BENCH.STNDRD/frames/1/MLLR.FABRIC.BENCH.STNDRD.JPG?background=FFFFFF&feature=COLOR:ROY-004&feature=FINISH:Leg038-2', 645, 10, 'MLLR.FABRIC.BENCH.STNDRD - ROY-004 - Leg038-2'),
    (10, 5, 'https://content.cylindo.com/api/v2/4472/products/MLLR.FABRIC.BENCH.STNDRD/frames/1/MLLR.FABRIC.BENCH.STNDRD.JPG?background=FFFFFF&feature=COLOR:ROY-006&feature=FINISH:Leg038-1', 645, 10, 'MLLR.FABRIC.BENCH.STNDRD - ROY-006 - Leg038-1'),
    (10, 6, 'https://content.cylindo.com/api/v2/4472/products/MLLR.FABRIC.BENCH.STNDRD/frames/1/MLLR.FABRIC.BENCH.STNDRD.JPG?background=FFFFFF&feature=COLOR:ROY-006&feature=FINISH:Leg038-2', 645, 10, 'MLLR.FABRIC.BENCH.STNDRD - ROY-006 - Leg038-2'),
    (10, 7, 'https://content.cylindo.com/api/v2/4472/products/MLLR.FABRIC.BENCH.STNDRD/frames/1/MLLR.FABRIC.BENCH.STNDRD.JPG?background=FFFFFF&feature=COLOR:ROY-010&feature=FINISH:Leg038-1', 645, 10, 'MLLR.FABRIC.BENCH.STNDRD - ROY-010 - Leg038-1'),
    (10, 8, 'https://content.cylindo.com/api/v2/4472/products/MLLR.FABRIC.BENCH.STNDRD/frames/1/MLLR.FABRIC.BENCH.STNDRD.JPG?background=FFFFFF&feature=COLOR:ROY-010&feature=FINISH:Leg038-2', 645, 10, 'MLLR.FABRIC.BENCH.STNDRD - ROY-010 - Leg038-2'),
    (11, 1, 'https://content.cylindo.com/api/v2/4472/products/ROWN.FABRIC.BENCH.STNDRD/frames/1/ROWN.FABRIC.BENCH.STNDRD.JPG?background=FFFFFF&feature=COLOR:SE-166', 545, 10, 'ROWN.FABRIC.BENCH.STNDRD - SE-166'),
    (11, 2, 'https://content.cylindo.com/api/v2/4472/products/ROWN.FABRIC.BENCH.STNDRD/frames/1/ROWN.FABRIC.BENCH.STNDRD.JPG?background=FFFFFF&feature=COLOR:SE-161', 545, 10, 'ROWN.FABRIC.BENCH.STNDRD - SE-161'),
    (11, 3, 'https://content.cylindo.com/api/v2/4472/products/ROWN.FABRIC.BENCH.STNDRD/frames/1/ROWN.FABRIC.BENCH.STNDRD.JPG?background=FFFFFF&feature=COLOR:SE-167', 545, 10, 'ROWN.FABRIC.BENCH.STNDRD - SE-167'),
    (11, 4, 'https://content.cylindo.com/api/v2/4472/products/ROWN.FABRIC.BENCH.STNDRD/frames/1/ROWN.FABRIC.BENCH.STNDRD.JPG?background=FFFFFF&feature=COLOR:SE-171', 545, 10, 'ROWN.FABRIC.BENCH.STNDRD - SE-171'),
    (12, 1, 'https://content.cylindo.com/api/v2/4472/products/INES.FABRIC.BENCH.STNDRD/frames/1/INES.FABRIC.BENCH.STNDRD.JPG?background=FFFFFF&feature=COLOR:CU-155&feature=BELT:2210A', 595, 10, 'INES.FABRIC.BENCH.STNDRD - CU-155'),
    (12, 2, 'https://content.cylindo.com/api/v2/4472/products/INES.FABRIC.BENCH.STNDRD/frames/1/INES.FABRIC.BENCH.STNDRD.JPG?background=FFFFFF&feature=COLOR:CU-151&feature=BELT:2210A', 595, 10, 'INES.FABRIC.BENCH.STNDRD - CU-151'),
    (12, 3, 'https://content.cylindo.com/api/v2/4472/products/INES.FABRIC.BENCH.STNDRD/frames/1/INES.FABRIC.BENCH.STNDRD.JPG?background=FFFFFF&feature=COLOR:CU-152&feature=BELT:2210A', 595, 10, 'INES.FABRIC.BENCH.STNDRD - CU-152'),
    (12, 4, 'https://content.cylindo.com/api/v2/4472/products/INES.FABRIC.BENCH.STNDRD/frames/1/INES.FABRIC.BENCH.STNDRD.JPG?background=FFFFFF&feature=COLOR:CU-153&feature=BELT:2210A', 595, 10, 'INES.FABRIC.BENCH.STNDRD - CU-153');
INSERT INTO "variant_value"(product_id, option_id, variant_id, category_id, option_value)
VALUES
    (9, 1, 1, 14, 'Sage'),
    (9, 2, 1, 14, 'Matte Black'),
    (9, 1, 2, 14, 'Sage'),
    (9, 2, 2, 14, 'Matte Brass'),
    (9, 1, 3, 14, 'Coral'),
    (9, 2, 3, 14, 'Matte Black'),
    (9, 1, 4, 14, 'Coral'),
    (9, 2, 4, 14, 'Matte Brass'),
    (9, 1, 5, 14, 'Rust'),
    (9, 2, 5, 14, 'Matte Black'),
    (9, 1, 6, 14, 'Rust'),
    (9, 2, 6, 14, 'Matte Brass'),
    (9, 1, 7, 14, 'Wine'),
    (9, 2, 7, 14, 'Matte Black'),
    (9, 1, 8, 14, 'Wine'),
    (9, 2, 8, 14, 'Matte Brass'),
    (10, 1, 1, 14, 'Cobalt'),
    (10, 2, 1, 14, 'Matte Black'),
    (10, 1, 2, 14, 'Cobalt'),
    (10, 2, 2, 14, 'Matte Brass'),
    (10, 1, 3, 14, 'Bloom'),
    (10, 2, 3, 14, 'Matte Black'),
    (10, 1, 4, 14, 'Bloom'),
    (10, 2, 4, 14, 'Matte Brass'),
    (10, 1, 5, 14, 'Camel'),
    (10, 2, 5, 14, 'Matte Black'),
    (10, 1, 6, 14, 'Camel'),
    (10, 2, 6, 14, 'Matte Brass'),
    (10, 1, 7, 14, 'Celadon'),
    (10, 2, 7, 14, 'Matte Black'),
    (10, 1, 8, 14, 'Celadon'),
    (10, 2, 8, 14, 'Matte Brass'),
    (11, 1, 1, 14, 'Peacock'),
    (11, 2, 1, 14, null),
    (11, 1, 2, 14, 'Coral'),
    (11, 2, 2, 14, null),
    (11, 1, 3, 14, 'Rust'),
    (11, 2, 3, 14, null),
    (11, 1, 4, 14, 'Wine'),
    (11, 2, 4, 14, null),
    (12, 1, 1, 14, 'Chalk'),
    (12, 2, 1, 14, null),
    (12, 1, 2, 14, 'Pebble'),
    (12, 2, 2, 14, null),
    (12, 1, 3, 14, 'Azure'),
    (12, 2, 3, 14, null),
    (12, 1, 4, 14, 'Coal'),
    (12, 2, 4, 14, null);
INSERT INTO "product"(product_id, product_name, brand_id, category_id, image)
VALUES
    (13, 'Sloan Ottoman', 1, 11, 'https://content.cylindo.com/api/v2/4472/products/SLON.FABRIC.OTTO.STNDRD/frames/1/SLON.FABRIC.OTTO.STNDRD.JPG?background=FFFFFF&feature=COLOR:BI-132&feature=FINISH:LEG001-1'),
    (14, 'Tatum Leather Modular Square Ottoman', 7, 11, 'https://content.cylindo.com/api/v2/4472/products/TATM.LEATHR.UNIT.OTTOMAN/frames/1/TATM.LEATHR.UNIT.OTTOMAN.JPG?background=FFFFFF&feature=COLOR:8519A&feature=STORAGE:CLOSE'),
    (15, 'Maxwell Ottoman', 2, 11, 'https://content.cylindo.com/api/v2/4472/products/MXWL.FABRIC.OTTO.STNDRD/frames/1/MXWL.FABRIC.OTTO.STNDRD.JPG?background=FFFFFF&feature=COLOR:AK-618-16&feature=FINISH:LEG014-3'),
    (16, 'Colten Round Stool Ottoman', 8, 12, 'https://content.cylindo.com/api/v2/4472/products/COLT.FABRIC.OTTO.STNDRD/frames/1/COLT.FABRIC.OTTO.STNDRD.JPG?background=FFFFFF&feature=COLOR:SE-170&feature=SIZE:20');
INSERT INTO "options"(option_id, category_id, option_name)
VALUES
    (1, 11, 'Chất liệu'),
    (2, 11, 'Chất liệu chân'),
    (1, 12, 'Chất liệu'),
    (2, 12, 'Chất liệu chân');
INSERT INTO "product_variant"(product_id, variant_id, image, price, quantity, sku)
VALUES
    (13, 1, 'https://content.cylindo.com/api/v2/4472/products/SLON.FABRIC.OTTO.STNDRD/frames/1/SLON.FABRIC.OTTO.STNDRD.JPG?background=FFFFFF&feature=COLOR:BI-132&feature=FINISH:Leg001-1', 545, 10, 'SLON.FABRIC.OTTO.STNDRD - BI-132 - Leg001-1'),
    (13, 2, 'https://content.cylindo.com/api/v2/4472/products/SLON.FABRIC.OTTO.STNDRD/frames/1/SLON.FABRIC.OTTO.STNDRD.JPG?background=FFFFFF&feature=COLOR:BI-132&feature=FINISH:Leg001-2', 545, 10, 'SLON.FABRIC.OTTO.STNDRD - BI-132 - Leg001-2'),
    (13, 3, 'https://content.cylindo.com/api/v2/4472/products/SLON.FABRIC.OTTO.STNDRD/frames/1/SLON.FABRIC.OTTO.STNDRD.JPG?background=FFFFFF&feature=COLOR:BI-132&feature=FINISH:Leg001-3', 545, 10, 'SLON.FABRIC.OTTO.STNDRD - BI-132 - Leg001-3'),
    (13, 4, 'https://content.cylindo.com/api/v2/4472/products/SLON.FABRIC.OTTO.STNDRD/frames/1/SLON.FABRIC.OTTO.STNDRD.JPG?background=FFFFFF&feature=COLOR:BI-134&feature=FINISH:Leg001-1', 545, 10, 'SLON.FABRIC.OTTO.STNDRD - BI-134 - Leg001-1'),
    (13, 5, 'https://content.cylindo.com/api/v2/4472/products/SLON.FABRIC.OTTO.STNDRD/frames/1/SLON.FABRIC.OTTO.STNDRD.JPG?background=FFFFFF&feature=COLOR:BI-134&feature=FINISH:Leg001-2', 545, 10, 'SLON.FABRIC.OTTO.STNDRD - BI-134 - Leg001-2'),
    (13, 6, 'https://content.cylindo.com/api/v2/4472/products/SLON.FABRIC.OTTO.STNDRD/frames/1/SLON.FABRIC.OTTO.STNDRD.JPG?background=FFFFFF&feature=COLOR:BI-134&feature=FINISH:Leg001-3', 545, 10, 'SLON.FABRIC.OTTO.STNDRD - BI-134 - Leg001-3'),
    (13, 7, 'https://content.cylindo.com/api/v2/4472/products/SLON.FABRIC.OTTO.STNDRD/frames/1/SLON.FABRIC.OTTO.STNDRD.JPG?background=FFFFFF&feature=COLOR:BI-133&feature=FINISH:Leg001-1', 545, 10, 'SLON.FABRIC.OTTO.STNDRD - BI-133 - Leg001-1'),
    (13, 8, 'https://content.cylindo.com/api/v2/4472/products/SLON.FABRIC.OTTO.STNDRD/frames/1/SLON.FABRIC.OTTO.STNDRD.JPG?background=FFFFFF&feature=COLOR:BI-133&feature=FINISH:Leg001-2', 545, 10, 'SLON.FABRIC.OTTO.STNDRD - BI-133 - Leg001-2'),
    (13, 9, 'https://content.cylindo.com/api/v2/4472/products/SLON.FABRIC.OTTO.STNDRD/frames/1/SLON.FABRIC.OTTO.STNDRD.JPG?background=FFFFFF&feature=COLOR:BI-133&feature=FINISH:Leg001-3', 545, 10, 'SLON.FABRIC.OTTO.STNDRD - BI-133 - Leg001-3'),
    (13, 10, 'https://content.cylindo.com/api/v2/4472/products/SLON.FABRIC.OTTO.STNDRD/frames/1/SLON.FABRIC.OTTO.STNDRD.JPG?background=FFFFFF&feature=COLOR:SE-161&feature=FINISH:Leg001-1', 545, 10, 'SLON.FABRIC.OTTO.STNDRD - SE-161 - Leg001-1'),
    (13, 11, 'https://content.cylindo.com/api/v2/4472/products/SLON.FABRIC.OTTO.STNDRD/frames/1/SLON.FABRIC.OTTO.STNDRD.JPG?background=FFFFFF&feature=COLOR:SE-161&feature=FINISH:Leg001-2', 545, 10, 'SLON.FABRIC.OTTO.STNDRD - SE-161 - Leg001-2'),
    (13, 12, 'https://content.cylindo.com/api/v2/4472/products/SLON.FABRIC.OTTO.STNDRD/frames/1/SLON.FABRIC.OTTO.STNDRD.JPG?background=FFFFFF&feature=COLOR:SE-161&feature=FINISH:Leg001-3', 545, 10, 'SLON.FABRIC.OTTO.STNDRD - SE-161 - Leg001-3'),
    (14, 1, 'https://content.cylindo.com/api/v2/4472/products/TATM.LEATHR.UNIT.OTTOMAN/frames/1/TATM.LEATHR.UNIT.OTTOMAN.JPG?background=FFFFFF&feature=COLOR:8519A&feature=STORAGE:CLOSE', 1395, 10, 'TATM.LEATHR.UNIT.OTTOMAN - 8519A'),
    (14, 2, 'https://content.cylindo.com/api/v2/4472/products/TATM.LEATHR.UNIT.OTTOMAN/frames/1/TATM.LEATHR.UNIT.OTTOMAN.JPG?background=FFFFFF&feature=COLOR:LTHR-02&feature=STORAGE:CLOSE', 1395, 10, 'TATM.LEATHR.UNIT.OTTOMAN - LTHR-02'),
    (14, 3, 'https://content.cylindo.com/api/v2/4472/products/TATM.LEATHR.UNIT.OTTOMAN/frames/1/TATM.LEATHR.UNIT.OTTOMAN.JPG?background=FFFFFF&feature=COLOR:2210A&feature=STORAGE:CLOSE', 1395, 10, 'TATM.LEATHR.UNIT.OTTOMAN - 2210A'),
    (14, 4, 'https://content.cylindo.com/api/v2/4472/products/TATM.LEATHR.UNIT.OTTOMAN/frames/1/TATM.LEATHR.UNIT.OTTOMAN.JPG?background=FFFFFF&feature=COLOR:LTHR-01&feature=STORAGE:CLOSE', 1395, 10, 'TATM.LEATHR.UNIT.OTTOMAN - LTHR-01'),
    (15, 1, 'https://content.cylindo.com/api/v2/4472/products/MXWL.FABRIC.OTTO.STNDRD/frames/1/MXWL.FABRIC.OTTO.STNDRD.JPG?background=FFFFFF&feature=COLOR:AK-618-16&feature=FINISH:Leg014-2', 495, 10, 'MXWL.FABRIC.OTTO.STNDRD - AK-618-16 - Leg014-2'),
    (15, 2, 'https://content.cylindo.com/api/v2/4472/products/MXWL.FABRIC.OTTO.STNDRD/frames/1/MXWL.FABRIC.OTTO.STNDRD.JPG?background=FFFFFF&feature=COLOR:AK-618-16&feature=FINISH:Leg014-1', 495, 10, 'MXWL.FABRIC.OTTO.STNDRD - AK-618-16 - Leg014-1'),
    (15, 3, 'https://content.cylindo.com/api/v2/4472/products/MXWL.FABRIC.OTTO.STNDRD/frames/1/MXWL.FABRIC.OTTO.STNDRD.JPG?background=FFFFFF&feature=COLOR:AK-618-16&feature=FINISH:Leg014-3', 495, 10, 'MXWL.FABRIC.OTTO.STNDRD - AK-618-16 - Leg014-3'),
    (15, 4, 'https://content.cylindo.com/api/v2/4472/products/MXWL.FABRIC.OTTO.STNDRD/frames/1/MXWL.FABRIC.OTTO.STNDRD.JPG?background=FFFFFF&feature=COLOR:AK-618-175&feature=FINISH:Leg014-2', 495, 10, 'MXWL.FABRIC.OTTO.STNDRD - AK-618-175 - Leg014-2'),
    (15, 5, 'https://content.cylindo.com/api/v2/4472/products/MXWL.FABRIC.OTTO.STNDRD/frames/1/MXWL.FABRIC.OTTO.STNDRD.JPG?background=FFFFFF&feature=COLOR:AK-618-175&feature=FINISH:Leg014-1', 495, 10, 'MXWL.FABRIC.OTTO.STNDRD - AK-618-175 - Leg014-1'),
    (15, 6, 'https://content.cylindo.com/api/v2/4472/products/MXWL.FABRIC.OTTO.STNDRD/frames/1/MXWL.FABRIC.OTTO.STNDRD.JPG?background=FFFFFF&feature=COLOR:AK-618-175&feature=FINISH:Leg014-3', 495, 10, 'MXWL.FABRIC.OTTO.STNDRD - AK-618-175 - Leg014-3'),
    (15, 7, 'https://content.cylindo.com/api/v2/4472/products/MXWL.FABRIC.OTTO.STNDRD/frames/1/MXWL.FABRIC.OTTO.STNDRD.JPG?background=FFFFFF&feature=COLOR:AK-618-21&feature=FINISH:Leg014-2', 495, 10, 'MXWL.FABRIC.OTTO.STNDRD - AK-618-21 - Leg014-2'),
    (15, 8, 'https://content.cylindo.com/api/v2/4472/products/MXWL.FABRIC.OTTO.STNDRD/frames/1/MXWL.FABRIC.OTTO.STNDRD.JPG?background=FFFFFF&feature=COLOR:AK-618-21&feature=FINISH:Leg014-1', 495, 10, 'MXWL.FABRIC.OTTO.STNDRD - AK-618-21 - Leg014-1'),
    (15, 9, 'https://content.cylindo.com/api/v2/4472/products/MXWL.FABRIC.OTTO.STNDRD/frames/1/MXWL.FABRIC.OTTO.STNDRD.JPG?background=FFFFFF&feature=COLOR:AK-618-21&feature=FINISH:Leg014-3', 495, 10, 'MXWL.FABRIC.OTTO.STNDRD - AK-618-21 - Leg014-3'),
    (15, 10, 'https://content.cylindo.com/api/v2/4472/products/MXWL.FABRIC.OTTO.STNDRD/frames/1/MXWL.FABRIC.OTTO.STNDRD.JPG?background=FFFFFF&feature=COLOR:AK-618-134&feature=FINISH:Leg014-2', 495, 10, 'MXWL.FABRIC.OTTO.STNDRD - AK-618-134 - Leg014-2'),
    (15, 11, 'https://content.cylindo.com/api/v2/4472/products/MXWL.FABRIC.OTTO.STNDRD/frames/1/MXWL.FABRIC.OTTO.STNDRD.JPG?background=FFFFFF&feature=COLOR:AK-618-134&feature=FINISH:Leg014-1', 495, 10, 'MXWL.FABRIC.OTTO.STNDRD - AK-618-134 - Leg014-1'),
    (15, 12, 'https://content.cylindo.com/api/v2/4472/products/MXWL.FABRIC.OTTO.STNDRD/frames/1/MXWL.FABRIC.OTTO.STNDRD.JPG?background=FFFFFF&feature=COLOR:AK-618-134&feature=FINISH:Leg014-3', 495, 10, 'MXWL.FABRIC.OTTO.STNDRD - AK-618-134 - Leg014-3'),
    (16, 1, 'https://content.cylindo.com/api/v2/4472/products/COLT.FABRIC.OTTO.STNDRD/frames/1/COLT.FABRIC.OTTO.STNDRD.JPG?background=FFFFFF&feature=COLOR:SE-170&feature=SIZE:20', 245, 10, 'COLT.FABRIC.OTTO.STNDRD - SE-170'),
    (16, 2, 'https://content.cylindo.com/api/v2/4472/products/COLT.FABRIC.OTTO.STNDRD/frames/1/COLT.FABRIC.OTTO.STNDRD.JPG?background=FFFFFF&feature=COLOR:SE-161&feature=SIZE:20', 245, 10, 'COLT.FABRIC.OTTO.STNDRD - SE-161'),
    (16, 3, 'https://content.cylindo.com/api/v2/4472/products/COLT.FABRIC.OTTO.STNDRD/frames/1/COLT.FABRIC.OTTO.STNDRD.JPG?background=FFFFFF&feature=COLOR:SE-167&feature=SIZE:20', 245, 10, 'COLT.FABRIC.OTTO.STNDRD - SE-167'),
    (16, 4, 'https://content.cylindo.com/api/v2/4472/products/COLT.FABRIC.OTTO.STNDRD/frames/1/COLT.FABRIC.OTTO.STNDRD.JPG?background=FFFFFF&feature=COLOR:SE-171&feature=SIZE:20', 245, 10, 'COLT.FABRIC.OTTO.STNDRD - SE-171');
INSERT INTO "variant_value"(product_id, option_id, variant_id, category_id, option_value)
VALUES
    (13, 1, 1, 11, 'Opal'),
    (13, 2, 1, 11, 'Oiled Walnut'),
    (13, 1, 2, 11, 'Opal'),
    (13, 2, 2, 11, 'Natural Oak'),
    (13, 1, 3, 11, 'Opal'),
    (13, 2, 3, 11, 'Painted Black'),
    (13, 1, 4, 11, 'Abyss'),
    (13, 2, 4, 11, 'Oiled Walnut'),
    (13, 1, 5, 11, 'Abyss'),
    (13, 2, 5, 11, 'Natural Oak'),
    (13, 1, 6, 11, 'Abyss'),
    (13, 2, 6, 11, 'Painted Black'),
    (13, 1, 7, 11, 'Pepper'),
    (13, 2, 7, 11, 'Oiled Walnut'),
    (13, 1, 8, 11, 'Pepper'),
    (13, 2, 8, 11, 'Natural Oak'),
    (13, 1, 9, 11, 'Pepper'),
    (13, 2, 9, 11, 'Painted Black'),
    (13, 1, 10, 11, 'Coral'),
    (13, 2, 10, 11, 'Oiled Walnut'),
    (13, 1, 11, 11, 'Coral'),
    (13, 2, 11, 11, 'Natural Oak'),
    (13, 1, 12, 11, 'Coral'),
    (13, 2, 12, 11, 'Painted Black'),
    (14, 1, 1, 11, 'Pecan'),
    (14, 2, 1, 11, null),
    (14, 1, 2, 11, 'Fossil'),
    (14, 2, 2, 11, null),
    (14, 1, 3, 11, 'Palomino'),
    (14, 2, 3, 11, null),
    (14, 1, 4, 11, 'Cognac'),
    (14, 2, 4, 11, null),
    (15, 1, 1, 11, 'Greige'),
    (15, 2, 1, 11, 'Matte Black'),
    (15, 1, 2, 11, 'Greige'),
    (15, 2, 2, 11, 'Natural Oak'),
    (15, 1, 3, 11, 'Greige'),
    (15, 2, 3, 11, 'Oiled Walnut'),
    (15, 1, 4, 11, 'Blush'),
    (15, 2, 4, 11, 'Matte Black'),
    (15, 1, 5, 11, 'Blush'),
    (15, 2, 5, 11, 'Natural Oak'),
    (15, 1, 6, 11, 'Blush'),
    (15, 2, 6, 11, 'Oiled Walnut'),
    (15, 1, 7, 11, 'Citrine'),
    (15, 2, 7, 11, 'Matte Black'),
    (15, 1, 8, 11, 'Citrine'),
    (15, 2, 8, 11, 'Natural Oak'),
    (15, 1, 9, 11, 'Citrine'),
    (15, 2, 9, 11, 'Oiled Walnut'),
    (15, 1, 10, 11, 'Moss'),
    (15, 2, 10, 11, 'Matte Black'),
    (15, 1, 11, 11, 'Moss'),
    (15, 2, 11, 11, 'Natural Oak'),
    (15, 1, 12, 11, 'Moss'),
    (15, 2, 12, 11, 'Oiled Walnut'),
    (16, 1, 1, 12, 'Marigold'),
    (16, 2, 1, 12, null),
    (16, 1, 2, 12, 'Coral'),
    (16, 2, 2, 12, null),
    (16, 1, 3, 12, 'Rust'),
    (16, 2, 3, 12, null),
    (16, 1, 4, 12, 'Wine'),
    (16, 2, 4, 12, null);
INSERT INTO "product"(product_id, product_name, brand_id, category_id, image)
VALUES
    (17, 'Maxwell Accent Chair', 2, 16, 'https://content.cylindo.com/api/v2/4472/products/MXWL.FABRIC.CHAR.ACCENT/frames/1/MXWL.FABRIC.CHAR.ACCENT.JPG?background=FFFFFF&feature=COLOR:AK-618-16&feature=FINISH:LEG014-3'),
    (18, 'Maxwell Slipcovered Accent Chair', 2, 16, 'https://content.cylindo.com/api/v2/4472/products/MXWL.SLPCOV.CHAR.ACCENT/frames/1/MXWL.SLPCOV.CHAR.ACCENT.JPG?background=FFFFFF&feature=COLOR:CW-001&feature=FINISH:LEG016-1'),
    (19, 'Maxwell Chaise Lounge', 2, 16, 'https://content.cylindo.com/api/v2/4472/products/MXWL.FABRIC.CHSE.CHAISE/frames/1/MXWL.FABRIC.CHSE.CHAISE.JPG?background=FFFFFF&feature=COLOR:AK-618-16&feature=FINISH:LEG014-3'),
    (20, 'Sloan Petite Chair', 1, 16, 'https://content.cylindo.com/api/v2/4472/products/SLON.FABRIC.CHAR.PETITE/frames/1/SLON.FABRIC.CHAR.PETITE.JPG?background=FFFFFF&feature=COLOR:BI-132&feature=FINISH:LEG001-1');
INSERT INTO "options"(option_id, category_id, option_name)
VALUES
    (1, 16, 'Chất liệu'),
    (2, 16, 'Chất liệu chân');
INSERT INTO "product_variant"(product_id, variant_id, image, price, quantity, sku)
VALUES
    (17, 1, 'https://content.cylindo.com/api/v2/4472/products/MXWL.FABRIC.CHAR.ACCENT/frames/1/MXWL.FABRIC.CHAR.ACCENT.JPG?background=FFFFFF&feature=COLOR:AK-618-16&feature=FINISH:Leg014-2', 895, 10, 'MXWL.FABRIC.CHAR.ACCENT - AK-618-16 - Leg014-2'),
    (17, 2, 'https://content.cylindo.com/api/v2/4472/products/MXWL.FABRIC.CHAR.ACCENT/frames/1/MXWL.FABRIC.CHAR.ACCENT.JPG?background=FFFFFF&feature=COLOR:AK-618-16&feature=FINISH:Leg014-1', 895, 10, 'MXWL.FABRIC.CHAR.ACCENT - AK-618-16 - Leg014-1'),
    (17, 3, 'https://content.cylindo.com/api/v2/4472/products/MXWL.FABRIC.CHAR.ACCENT/frames/1/MXWL.FABRIC.CHAR.ACCENT.JPG?background=FFFFFF&feature=COLOR:AK-618-16&feature=FINISH:Leg014-3', 895, 10, 'MXWL.FABRIC.CHAR.ACCENT - AK-618-16 - Leg014-3'),
    (17, 4, 'https://content.cylindo.com/api/v2/4472/products/MXWL.FABRIC.CHAR.ACCENT/frames/1/MXWL.FABRIC.CHAR.ACCENT.JPG?background=FFFFFF&feature=COLOR:AK-618-175&feature=FINISH:Leg014-2', 895, 10, 'MXWL.FABRIC.CHAR.ACCENT - AK-618-175 - Leg014-2'),
    (17, 5, 'https://content.cylindo.com/api/v2/4472/products/MXWL.FABRIC.CHAR.ACCENT/frames/1/MXWL.FABRIC.CHAR.ACCENT.JPG?background=FFFFFF&feature=COLOR:AK-618-175&feature=FINISH:Leg014-1', 895, 10, 'MXWL.FABRIC.CHAR.ACCENT - AK-618-175 - Leg014-1'),
    (17, 6, 'https://content.cylindo.com/api/v2/4472/products/MXWL.FABRIC.CHAR.ACCENT/frames/1/MXWL.FABRIC.CHAR.ACCENT.JPG?background=FFFFFF&feature=COLOR:AK-618-175&feature=FINISH:Leg014-3', 895, 10, 'MXWL.FABRIC.CHAR.ACCENT - AK-618-175 - Leg014-3'),
    (17, 7, 'https://content.cylindo.com/api/v2/4472/products/MXWL.FABRIC.CHAR.ACCENT/frames/1/MXWL.FABRIC.CHAR.ACCENT.JPG?background=FFFFFF&feature=COLOR:AK-618-21&feature=FINISH:Leg014-2', 895, 10, 'MXWL.FABRIC.CHAR.ACCENT - AK-618-21 - Leg014-2'),
    (17, 8, 'https://content.cylindo.com/api/v2/4472/products/MXWL.FABRIC.CHAR.ACCENT/frames/1/MXWL.FABRIC.CHAR.ACCENT.JPG?background=FFFFFF&feature=COLOR:AK-618-21&feature=FINISH:Leg014-1', 895, 10, 'MXWL.FABRIC.CHAR.ACCENT - AK-618-21 - Leg014-1'),
    (17, 9, 'https://content.cylindo.com/api/v2/4472/products/MXWL.FABRIC.CHAR.ACCENT/frames/1/MXWL.FABRIC.CHAR.ACCENT.JPG?background=FFFFFF&feature=COLOR:AK-618-21&feature=FINISH:Leg014-3', 895, 10, 'MXWL.FABRIC.CHAR.ACCENT - AK-618-21 - Leg014-3'),
    (17, 10, 'https://content.cylindo.com/api/v2/4472/products/MXWL.FABRIC.CHAR.ACCENT/frames/1/MXWL.FABRIC.CHAR.ACCENT.JPG?background=FFFFFF&feature=COLOR:AK-618-134&feature=FINISH:Leg014-2', 895, 10, 'MXWL.FABRIC.CHAR.ACCENT - AK-618-134 - Leg014-2'),
    (17, 11, 'https://content.cylindo.com/api/v2/4472/products/MXWL.FABRIC.CHAR.ACCENT/frames/1/MXWL.FABRIC.CHAR.ACCENT.JPG?background=FFFFFF&feature=COLOR:AK-618-134&feature=FINISH:Leg014-1', 895, 10, 'MXWL.FABRIC.CHAR.ACCENT - AK-618-134 - Leg014-1'),
    (17, 12, 'https://content.cylindo.com/api/v2/4472/products/MXWL.FABRIC.CHAR.ACCENT/frames/1/MXWL.FABRIC.CHAR.ACCENT.JPG?background=FFFFFF&feature=COLOR:AK-618-134&feature=FINISH:Leg014-3', 895, 10, 'MXWL.FABRIC.CHAR.ACCENT - AK-618-134 - Leg014-3'),
    (18, 1, 'https://content.cylindo.com/api/v2/4472/products/MXWL.SLPCOV.CHAR.ACCENT/frames/1/MXWL.SLPCOV.CHAR.ACCENT.JPG?background=FFFFFF&feature=COLOR:CW-001&feature=FINISH:Leg016-1', 895, 10, 'MXWL.SLPCOV.CHAR.ACCENT - CW-001 - Leg016-1'),
    (18, 2, 'https://content.cylindo.com/api/v2/4472/products/MXWL.SLPCOV.CHAR.ACCENT/frames/1/MXWL.SLPCOV.CHAR.ACCENT.JPG?background=FFFFFF&feature=COLOR:CW-001&feature=FINISH:Leg016-2', 895, 10, 'MXWL.SLPCOV.CHAR.ACCENT - CW-001 - Leg016-2'),
    (18, 3, 'https://content.cylindo.com/api/v2/4472/products/MXWL.SLPCOV.CHAR.ACCENT/frames/1/MXWL.SLPCOV.CHAR.ACCENT.JPG?background=FFFFFF&feature=COLOR:CW-001&feature=FINISH:Leg016-3', 895, 10, 'MXWL.SLPCOV.CHAR.ACCENT - CW-001 - Leg016-3'),
    (18, 4, 'https://content.cylindo.com/api/v2/4472/products/MXWL.SLPCOV.CHAR.ACCENT/frames/1/MXWL.SLPCOV.CHAR.ACCENT.JPG?background=FFFFFF&feature=COLOR:CW-002&feature=FINISH:Leg016-1', 895, 10, 'MXWL.SLPCOV.CHAR.ACCENT - CW-002 - Leg016-1'),
    (18, 5, 'https://content.cylindo.com/api/v2/4472/products/MXWL.SLPCOV.CHAR.ACCENT/frames/1/MXWL.SLPCOV.CHAR.ACCENT.JPG?background=FFFFFF&feature=COLOR:CW-002&feature=FINISH:Leg016-2', 895, 10, 'MXWL.SLPCOV.CHAR.ACCENT - CW-002 - Leg016-2'),
    (18, 6, 'https://content.cylindo.com/api/v2/4472/products/MXWL.SLPCOV.CHAR.ACCENT/frames/1/MXWL.SLPCOV.CHAR.ACCENT.JPG?background=FFFFFF&feature=COLOR:CW-002&feature=FINISH:Leg016-3', 895, 10, 'MXWL.SLPCOV.CHAR.ACCENT - CW-002 - Leg016-3'),
    (18, 7, 'https://content.cylindo.com/api/v2/4472/products/MXWL.SLPCOV.CHAR.ACCENT/frames/1/MXWL.SLPCOV.CHAR.ACCENT.JPG?background=FFFFFF&feature=COLOR:CW-006&feature=FINISH:Leg016-1', 895, 10, 'MXWL.SLPCOV.CHAR.ACCENT - CW-006 - Leg016-1'),
    (18, 8, 'https://content.cylindo.com/api/v2/4472/products/MXWL.SLPCOV.CHAR.ACCENT/frames/1/MXWL.SLPCOV.CHAR.ACCENT.JPG?background=FFFFFF&feature=COLOR:CW-006&feature=FINISH:Leg016-2', 895, 10, 'MXWL.SLPCOV.CHAR.ACCENT - CW-006 - Leg016-2'),
    (18, 9, 'https://content.cylindo.com/api/v2/4472/products/MXWL.SLPCOV.CHAR.ACCENT/frames/1/MXWL.SLPCOV.CHAR.ACCENT.JPG?background=FFFFFF&feature=COLOR:CW-006&feature=FINISH:Leg016-3', 895, 10, 'MXWL.SLPCOV.CHAR.ACCENT - CW-006 - Leg016-3'),
    (18, 10, 'https://content.cylindo.com/api/v2/4472/products/MXWL.SLPCOV.CHAR.ACCENT/frames/1/MXWL.SLPCOV.CHAR.ACCENT.JPG?background=FFFFFF&feature=COLOR:MER-002&feature=FINISH:Leg016-1', 945, 10, 'MXWL.SLPCOV.CHAR.ACCENT - MER-002 - Leg016-1'),
    (18, 11, 'https://content.cylindo.com/api/v2/4472/products/MXWL.SLPCOV.CHAR.ACCENT/frames/1/MXWL.SLPCOV.CHAR.ACCENT.JPG?background=FFFFFF&feature=COLOR:MER-002&feature=FINISH:Leg016-2', 945, 10, 'MXWL.SLPCOV.CHAR.ACCENT - MER-002 - Leg016-2'),
    (18, 12, 'https://content.cylindo.com/api/v2/4472/products/MXWL.SLPCOV.CHAR.ACCENT/frames/1/MXWL.SLPCOV.CHAR.ACCENT.JPG?background=FFFFFF&feature=COLOR:MER-002&feature=FINISH:Leg016-3', 945, 10, 'MXWL.SLPCOV.CHAR.ACCENT - MER-002 - Leg016-3'),
    (19, 1, 'https://content.cylindo.com/api/v2/4472/products/MXWL.FABRIC.CHSE.CHAISE/frames/1/MXWL.FABRIC.CHSE.CHAISE.JPG?background=FFFFFF&feature=COLOR:AK-618-16&feature=FINISH:Leg014-2', 1295, 10, 'MXWL.FABRIC.CHSE.CHAISE - AK-618-16 - Leg014-2'),
    (19, 2, 'https://content.cylindo.com/api/v2/4472/products/MXWL.FABRIC.CHSE.CHAISE/frames/1/MXWL.FABRIC.CHSE.CHAISE.JPG?background=FFFFFF&feature=COLOR:AK-618-16&feature=FINISH:Leg014-1', 1295, 10, 'MXWL.FABRIC.CHSE.CHAISE - AK-618-16 - Leg014-1'),
    (19, 3, 'https://content.cylindo.com/api/v2/4472/products/MXWL.FABRIC.CHSE.CHAISE/frames/1/MXWL.FABRIC.CHSE.CHAISE.JPG?background=FFFFFF&feature=COLOR:AK-618-16&feature=FINISH:Leg014-3', 1295, 10, 'MXWL.FABRIC.CHSE.CHAISE - AK-618-16 - Leg014-3'),
    (19, 4, 'https://content.cylindo.com/api/v2/4472/products/MXWL.FABRIC.CHSE.CHAISE/frames/1/MXWL.FABRIC.CHSE.CHAISE.JPG?background=FFFFFF&feature=COLOR:AK-618-175&feature=FINISH:Leg014-2', 1295, 10, 'MXWL.FABRIC.CHSE.CHAISE - AK-618-175 - Leg014-2'),
    (19, 5, 'https://content.cylindo.com/api/v2/4472/products/MXWL.FABRIC.CHSE.CHAISE/frames/1/MXWL.FABRIC.CHSE.CHAISE.JPG?background=FFFFFF&feature=COLOR:AK-618-175&feature=FINISH:Leg014-1', 1295, 10, 'MXWL.FABRIC.CHSE.CHAISE - AK-618-175 - Leg014-1'),
    (19, 6, 'https://content.cylindo.com/api/v2/4472/products/MXWL.FABRIC.CHSE.CHAISE/frames/1/MXWL.FABRIC.CHSE.CHAISE.JPG?background=FFFFFF&feature=COLOR:AK-618-175&feature=FINISH:Leg014-3', 1295, 10, 'MXWL.FABRIC.CHSE.CHAISE - AK-618-175 - Leg014-3'),
    (19, 7, 'https://content.cylindo.com/api/v2/4472/products/MXWL.FABRIC.CHSE.CHAISE/frames/1/MXWL.FABRIC.CHSE.CHAISE.JPG?background=FFFFFF&feature=COLOR:AK-618-21&feature=FINISH:Leg014-2', 1295, 10, 'MXWL.FABRIC.CHSE.CHAISE - AK-618-21 - Leg014-2'),
    (19, 8, 'https://content.cylindo.com/api/v2/4472/products/MXWL.FABRIC.CHSE.CHAISE/frames/1/MXWL.FABRIC.CHSE.CHAISE.JPG?background=FFFFFF&feature=COLOR:AK-618-21&feature=FINISH:Leg014-1', 1295, 10, 'MXWL.FABRIC.CHSE.CHAISE - AK-618-21 - Leg014-1'),
    (19, 9, 'https://content.cylindo.com/api/v2/4472/products/MXWL.FABRIC.CHSE.CHAISE/frames/1/MXWL.FABRIC.CHSE.CHAISE.JPG?background=FFFFFF&feature=COLOR:AK-618-21&feature=FINISH:Leg014-3', 1295, 10, 'MXWL.FABRIC.CHSE.CHAISE - AK-618-21 - Leg014-3'),
    (19, 10, 'https://content.cylindo.com/api/v2/4472/products/MXWL.FABRIC.CHSE.CHAISE/frames/1/MXWL.FABRIC.CHSE.CHAISE.JPG?background=FFFFFF&feature=COLOR:AK-618-134&feature=FINISH:Leg014-2', 1295, 10, 'MXWL.FABRIC.CHSE.CHAISE - AK-618-134 - Leg014-2'),
    (19, 11, 'https://content.cylindo.com/api/v2/4472/products/MXWL.FABRIC.CHSE.CHAISE/frames/1/MXWL.FABRIC.CHSE.CHAISE.JPG?background=FFFFFF&feature=COLOR:AK-618-134&feature=FINISH:Leg014-1', 1295, 10, 'MXWL.FABRIC.CHSE.CHAISE - AK-618-134 - Leg014-1'),
    (19, 12, 'https://content.cylindo.com/api/v2/4472/products/MXWL.FABRIC.CHSE.CHAISE/frames/1/MXWL.FABRIC.CHSE.CHAISE.JPG?background=FFFFFF&feature=COLOR:AK-618-134&feature=FINISH:Leg014-3', 1295, 10, 'MXWL.FABRIC.CHSE.CHAISE - AK-618-134 - Leg014-3'),
    (20, 1, 'https://content.cylindo.com/api/v2/4472/products/SLON.FABRIC.CHAR.PETITE/frames/1/SLON.FABRIC.CHAR.PETITE.JPG?background=FFFFFF&feature=COLOR:BI-132&feature=FINISH:Leg001-1', 845, 10, 'SLON.FABRIC.CHAR.PETITE - BI-132 - Leg001-1'),
    (20, 2, 'https://content.cylindo.com/api/v2/4472/products/SLON.FABRIC.CHAR.PETITE/frames/1/SLON.FABRIC.CHAR.PETITE.JPG?background=FFFFFF&feature=COLOR:BI-132&feature=FINISH:Leg001-2', 845, 10, 'SLON.FABRIC.CHAR.PETITE - BI-132 - Leg001-2'),
    (20, 3, 'https://content.cylindo.com/api/v2/4472/products/SLON.FABRIC.CHAR.PETITE/frames/1/SLON.FABRIC.CHAR.PETITE.JPG?background=FFFFFF&feature=COLOR:BI-132&feature=FINISH:Leg001-3', 845, 10, 'SLON.FABRIC.CHAR.PETITE - BI-132 - Leg001-3'),
    (20, 4, 'https://content.cylindo.com/api/v2/4472/products/SLON.FABRIC.CHAR.PETITE/frames/1/SLON.FABRIC.CHAR.PETITE.JPG?background=FFFFFF&feature=COLOR:BI-134&feature=FINISH:Leg001-1', 845, 10, 'SLON.FABRIC.CHAR.PETITE - BI-134 - Leg001-1'),
    (20, 5, 'https://content.cylindo.com/api/v2/4472/products/SLON.FABRIC.CHAR.PETITE/frames/1/SLON.FABRIC.CHAR.PETITE.JPG?background=FFFFFF&feature=COLOR:BI-134&feature=FINISH:Leg001-2', 845, 10, 'SLON.FABRIC.CHAR.PETITE - BI-134 - Leg001-2'),
    (20, 6, 'https://content.cylindo.com/api/v2/4472/products/SLON.FABRIC.CHAR.PETITE/frames/1/SLON.FABRIC.CHAR.PETITE.JPG?background=FFFFFF&feature=COLOR:BI-134&feature=FINISH:Leg001-3', 845, 10, 'SLON.FABRIC.CHAR.PETITE - BI-134 - Leg001-3'),
    (20, 7, 'https://content.cylindo.com/api/v2/4472/products/SLON.FABRIC.CHAR.PETITE/frames/1/SLON.FABRIC.CHAR.PETITE.JPG?background=FFFFFF&feature=COLOR:BI-133&feature=FINISH:Leg001-1', 845, 10, 'SLON.FABRIC.CHAR.PETITE - BI-133 - Leg001-1'),
    (20, 8, 'https://content.cylindo.com/api/v2/4472/products/SLON.FABRIC.CHAR.PETITE/frames/1/SLON.FABRIC.CHAR.PETITE.JPG?background=FFFFFF&feature=COLOR:BI-133&feature=FINISH:Leg001-2', 845, 10, 'SLON.FABRIC.CHAR.PETITE - BI-133 - Leg001-2'),
    (20, 9, 'https://content.cylindo.com/api/v2/4472/products/SLON.FABRIC.CHAR.PETITE/frames/1/SLON.FABRIC.CHAR.PETITE.JPG?background=FFFFFF&feature=COLOR:BI-133&feature=FINISH:Leg001-3', 845, 10, 'SLON.FABRIC.CHAR.PETITE - BI-133 - Leg001-3'),
    (20, 10, 'https://content.cylindo.com/api/v2/4472/products/SLON.FABRIC.CHAR.PETITE/frames/1/SLON.FABRIC.CHAR.PETITE.JPG?background=FFFFFF&feature=COLOR:SE-161&feature=FINISH:Leg001-1', 845, 10, 'SLON.FABRIC.CHAR.PETITE - SE-161 - Leg001-1'),
    (20, 11, 'https://content.cylindo.com/api/v2/4472/products/SLON.FABRIC.CHAR.PETITE/frames/1/SLON.FABRIC.CHAR.PETITE.JPG?background=FFFFFF&feature=COLOR:SE-161&feature=FINISH:Leg001-2', 845, 10, 'SLON.FABRIC.CHAR.PETITE - SE-161 - Leg001-2'),
    (20, 12, 'https://content.cylindo.com/api/v2/4472/products/SLON.FABRIC.CHAR.PETITE/frames/1/SLON.FABRIC.CHAR.PETITE.JPG?background=FFFFFF&feature=COLOR:SE-161&feature=FINISH:Leg001-3', 845, 10, 'SLON.FABRIC.CHAR.PETITE - SE-161 - Leg001-3');
INSERT INTO "variant_value"(product_id, option_id, variant_id, category_id, option_value)
VALUES
    (17, 1, 1, 16, 'Greige'),
    (17, 2, 1, 16, 'Matte Black'),
    (17, 1, 2, 16, 'Greige'),
    (17, 2, 2, 16, 'Natural Oak'),
    (17, 1, 3, 16, 'Greige'),
    (17, 2, 3, 16, 'Oiled Walnut'),
    (17, 1, 4, 16, 'Blush'),
    (17, 2, 4, 16, 'Matte Black'),
    (17, 1, 5, 16, 'Blush'),
    (17, 2, 5, 16, 'Natural Oak'),
    (17, 1, 6, 16, 'Blush'),
    (17, 2, 6, 16, 'Oiled Walnut'),
    (17, 1, 7, 16, 'Citrine'),
    (17, 2, 7, 16, 'Matte Black'),
    (17, 1, 8, 16, 'Citrine'),
    (17, 2, 8, 16, 'Natural Oak'),
    (17, 1, 9, 16, 'Citrine'),
    (17, 2, 9, 16, 'Oiled Walnut'),
    (17, 1, 10, 16, 'Moss'),
    (17, 2, 10, 16, 'Matte Black'),
    (17, 1, 11, 16, 'Moss'),
    (17, 2, 11, 16, 'Natural Oak'),
    (17, 1, 12, 16, 'Moss'),
    (17, 2, 12, 16, 'Oiled Walnut'),
    (18, 1, 1, 16, 'Wheat'),
    (18, 2, 1, 16, 'Oiled Walnut with Brass Cap'),
    (18, 1, 2, 16, 'Wheat'),
    (18, 2, 2, 16, 'Natural Oak with Antique Cap'),
    (18, 1, 3, 16, 'Wheat'),
    (18, 2, 3, 16, 'Matte Black with Brass Cap'),
    (18, 1, 4, 16, 'Earth'),
    (18, 2, 4, 16, 'Oiled Walnut with Brass Cap'),
    (18, 1, 5, 16, 'Earth'),
    (18, 2, 5, 16, 'Natural Oak with Antique Cap'),
    (18, 1, 6, 16, 'Earth'),
    (18, 2, 6, 16, 'Matte Black with Brass Cap'),
    (18, 1, 7, 16, 'Rain'),
    (18, 2, 7, 16, 'Oiled Walnut with Brass Cap'),
    (18, 1, 8, 16, 'Rain'),
    (18, 2, 8, 16, 'Natural Oak with Antique Cap'),
    (18, 1, 9, 16, 'Rain'),
    (18, 2, 9, 16, 'Matte Black with Brass Cap'),
    (18, 1, 10, 16, 'Limestone'),
    (18, 2, 10, 16, 'Oiled Walnut with Brass Cap'),
    (18, 1, 11, 16, 'Limestone'),
    (18, 2, 11, 16, 'Natural Oak with Antique Cap'),
    (18, 1, 12, 16, 'Limestone'),
    (18, 2, 12, 16, 'Matte Black with Brass Cap'),
    (19, 1, 1, 16, 'Greige'),
    (19, 2, 1, 16, 'Matte Black'),
    (19, 1, 2, 16, 'Greige'),
    (19, 2, 2, 16, 'Natural Oak'),
    (19, 1, 3, 16, 'Greige'),
    (19, 2, 3, 16, 'Oiled Walnut'),
    (19, 1, 4, 16, 'Blush'),
    (19, 2, 4, 16, 'Matte Black'),
    (19, 1, 5, 16, 'Blush'),
    (19, 2, 5, 16, 'Natural Oak'),
    (19, 1, 6, 16, 'Blush'),
    (19, 2, 6, 16, 'Oiled Walnut'),
    (19, 1, 7, 16, 'Citrine'),
    (19, 2, 7, 16, 'Matte Black'),
    (19, 1, 8, 16, 'Citrine'),
    (19, 2, 8, 16, 'Natural Oak'),
    (19, 1, 9, 16, 'Citrine'),
    (19, 2, 9, 16, 'Oiled Walnut'),
    (19, 1, 10, 16, 'Moss'),
    (19, 2, 10, 16, 'Matte Black'),
    (19, 1, 11, 16, 'Moss'),
    (19, 2, 11, 16, 'Natural Oak'),
    (19, 1, 12, 16, 'Moss'),
    (19, 2, 12, 16, 'Oiled Walnut'),
    (20, 1, 1, 16, 'Opal'),
    (20, 2, 1, 16, 'Oiled Walnut'),
    (20, 1, 2, 16, 'Opal'),
    (20, 2, 2, 16, 'Natural Oak'),
    (20, 1, 3, 16, 'Opal'),
    (20, 2, 3, 16, 'Painted Black'),
    (20, 1, 4, 16, 'Abyss'),
    (20, 2, 4, 16, 'Oiled Walnut'),
    (20, 1, 5, 16, 'Abyss'),
    (20, 2, 5, 16, 'Natural Oak'),
    (20, 1, 6, 16, 'Abyss'),
    (20, 2, 6, 16, 'Painted Black'),
    (20, 1, 7, 16, 'Pepper'),
    (20, 2, 7, 16, 'Oiled Walnut'),
    (20, 1, 8, 16, 'Pepper'),
    (20, 2, 8, 16, 'Natural Oak'),
    (20, 1, 9, 16, 'Pepper'),
    (20, 2, 9, 16, 'Painted Black'),
    (20, 1, 10, 16, 'Coral'),
    (20, 2, 10, 16, 'Oiled Walnut'),
    (20, 1, 11, 16, 'Coral'),
    (20, 2, 11, 16, 'Natural Oak'),
    (20, 1, 12, 16, 'Coral'),
    (20, 2, 12, 16, 'Painted Black');
    