INSERT INTO "brand"(brand_id, brand_name)
VALUES
    (1, 'Sloan'),
    (2, 'Maxwell'),
    (3, 'Otto'),
    (4, 'Miller'),
    (5, 'Rowan'),
    (6, 'Ines'),
    (7, 'Tatum'),
    (8, 'Colten'),
    (9, 'Charly');
INSERT INTO "category"(category_id, category_name, parent_id)
VALUES
    (1, 'Phòng khách', null),
    (2, 'Sectional', 1),
    (3, 'Left Chaise Sectional', 2),
    (4, 'U-Sectional', 2),
    (5, 'Sleeper Sectional', 2),
    (6, 'Sofa', 1),
    (7, 'Sofa', 6),
    (8, 'Loveseat', 6),
    (9, 'Sleeper Sofa', 6),
    (10, 'Ottoman', 1),
    (11, 'Accent Ottoman', 10),
    (12, 'Stool Ottoman', 10),
    (13, 'Bench', 1),
    (14, 'Accent Bench', 13),
    (15, 'Chair', 1),
    (16, 'Accent Chair', 15);
INSERT INTO "product"(product_id, product_name, brand_id, category_id, image)
VALUES
    (1, 'Sloan Left Chaise Sleeper Sectional', 1, 5, 'https://content.cylindo.com/api/v2/4472/products/SLON.FABRIC.SECT.SSLEFT/frames/1/SLON.FABRIC.SECT.SSLEFT.JPG?background=FFFFFF&feature=COLOR:BI-132&feature=FINISH:LEG007-1&feature=CHAISE%20LENGTH:CHAISE-63&feature=CUSHIONS:CUSHION-2&feature=BED:BED_IN'),
    (2, 'Sloan Left Chaise Sectional', 1, 3, 'https://content.cylindo.com/api/v2/4472/products/SLON.FABRIC.SECT.CSLEFT/frames/1/SLON.FABRIC.SECT.CSLEFT.JPG?background=FFFFFF&feature=COLOR:BI-132&feature=FINISH:LEG001-1&feature=CUSHIONS:CUSHION-2&feature=DEPTH:DEPTH-36&feature=CHAISE%20LENGTH:CHAISE-63&feature=CHAISE%20WIDTH:CHAISEWIDTH-35'),
    (3, 'Sloan Leather 3-Piece U-Sectional', 1, 4, 'https://content.cylindo.com/api/v2/4472/products/SLON.LEATHR.SECT.USHAPE/frames/1/SLON.LEATHR.SECT.USHAPE.JPG?background=FFFFFF&feature=COLOR:2210A&feature=FINISH:LEG008-3&feature=CUSHIONS:CUSHION-2&feature=SOFA%20DEPTH:DEPTH-36'),
    (4, 'Sloan 4-Seat Left Chaise Sectional', 1, 3, 'https://content.cylindo.com/api/v2/4472/products/SLON.FABRIC.SECT.CSLEFT.4SEAT/frames/1/SLON.FABRIC.SECT.CSLEFT.4SEAT.JPG?background=FFFFFF&feature=COLOR:BI-132&feature=FINISH:LEG001-1&feature=DEPTH:DEPTH-36&feature=CHAISE%20LENGTH:CHAISE-63&feature=CHAISE%20WIDTH:CHAISEWIDTH-35');
INSERT INTO "options"(category_id, option_name)
VALUES
    (3, 'Chất liệu'),
    (3, 'Chất liệu chân'),
    (4, 'Chất liệu'),
    (4, 'Chất liệu chân'),
    (5, 'Chất liệu'),
    (5, 'Chất liệu chân');
INSERT INTO "product_variant"(product_id, image, price, quantity, sku)
VALUES
    (1, 'https://content.cylindo.com/api/v2/4472/products/SLON.FABRIC.SECT.SSLEFT/frames/1/SLON.FABRIC.SECT.SSLEFT.JPG?background=FFFFFF&feature=COLOR:BI-132&feature=FINISH:Leg007-1&feature=CHAISE%20LENGTH:CHAISE-63&feature=CUSHIONS:CUSHION-2&feature=BED:BED_IN', 3245, 10, 'SLON.FABRIC.SECT.SSLEFT - BI-132 - Leg007-1'),
    (1, 'https://content.cylindo.com/api/v2/4472/products/SLON.FABRIC.SECT.SSLEFT/frames/1/SLON.FABRIC.SECT.SSLEFT.JPG?background=FFFFFF&feature=COLOR:BI-132&feature=FINISH:Leg007-2&feature=CHAISE%20LENGTH:CHAISE-63&feature=CUSHIONS:CUSHION-2&feature=BED:BED_IN', 3245, 10, 'SLON.FABRIC.SECT.SSLEFT - BI-132 - Leg007-2'),
    (1, 'https://content.cylindo.com/api/v2/4472/products/SLON.FABRIC.SECT.SSLEFT/frames/1/SLON.FABRIC.SECT.SSLEFT.JPG?background=FFFFFF&feature=COLOR:BI-132&feature=FINISH:Leg007-3&feature=CHAISE%20LENGTH:CHAISE-63&feature=CUSHIONS:CUSHION-2&feature=BED:BED_IN', 3245, 10, 'SLON.FABRIC.SECT.SSLEFT - BI-132 - Leg007-3'),
    (1, 'https://content.cylindo.com/api/v2/4472/products/SLON.FABRIC.SECT.SSLEFT/frames/1/SLON.FABRIC.SECT.SSLEFT.JPG?background=FFFFFF&feature=COLOR:BI-134&feature=FINISH:Leg007-1&feature=CHAISE%20LENGTH:CHAISE-63&feature=CUSHIONS:CUSHION-2&feature=BED:BED_IN', 3245, 10, 'SLON.FABRIC.SECT.SSLEFT - BI-134 - Leg007-1'),
    (1, 'https://content.cylindo.com/api/v2/4472/products/SLON.FABRIC.SECT.SSLEFT/frames/1/SLON.FABRIC.SECT.SSLEFT.JPG?background=FFFFFF&feature=COLOR:BI-134&feature=FINISH:Leg007-2&feature=CHAISE%20LENGTH:CHAISE-63&feature=CUSHIONS:CUSHION-2&feature=BED:BED_IN', 3245, 10, 'SLON.FABRIC.SECT.SSLEFT - BI-134 - Leg007-2'),
    (1, 'https://content.cylindo.com/api/v2/4472/products/SLON.FABRIC.SECT.SSLEFT/frames/1/SLON.FABRIC.SECT.SSLEFT.JPG?background=FFFFFF&feature=COLOR:BI-134&feature=FINISH:Leg007-3&feature=CHAISE%20LENGTH:CHAISE-63&feature=CUSHIONS:CUSHION-2&feature=BED:BED_IN', 3245, 10, 'SLON.FABRIC.SECT.SSLEFT - BI-134 - Leg007-3'),
    (1, 'https://content.cylindo.com/api/v2/4472/products/SLON.FABRIC.SECT.SSLEFT/frames/1/SLON.FABRIC.SECT.SSLEFT.JPG?background=FFFFFF&feature=COLOR:BI-133&feature=FINISH:Leg007-1&feature=CHAISE%20LENGTH:CHAISE-63&feature=CUSHIONS:CUSHION-2&feature=BED:BED_IN', 3245, 10, 'SLON.FABRIC.SECT.SSLEFT - BI-133 - Leg007-1'),
    (1, 'https://content.cylindo.com/api/v2/4472/products/SLON.FABRIC.SECT.SSLEFT/frames/1/SLON.FABRIC.SECT.SSLEFT.JPG?background=FFFFFF&feature=COLOR:BI-133&feature=FINISH:Leg007-2&feature=CHAISE%20LENGTH:CHAISE-63&feature=CUSHIONS:CUSHION-2&feature=BED:BED_IN', 3245, 10, 'SLON.FABRIC.SECT.SSLEFT - BI-133 - Leg007-2'),
    (1, 'https://content.cylindo.com/api/v2/4472/products/SLON.FABRIC.SECT.SSLEFT/frames/1/SLON.FABRIC.SECT.SSLEFT.JPG?background=FFFFFF&feature=COLOR:BI-133&feature=FINISH:Leg007-3&feature=CHAISE%20LENGTH:CHAISE-63&feature=CUSHIONS:CUSHION-2&feature=BED:BED_IN', 3245, 10, 'SLON.FABRIC.SECT.SSLEFT - BI-133 - Leg007-3'),
    (1, 'https://content.cylindo.com/api/v2/4472/products/SLON.FABRIC.SECT.SSLEFT/frames/1/SLON.FABRIC.SECT.SSLEFT.JPG?background=FFFFFF&feature=COLOR:SE-161&feature=FINISH:Leg007-1&feature=CHAISE%20LENGTH:CHAISE-63&feature=CUSHIONS:CUSHION-2&feature=BED:BED_IN', 3245, 10, 'SLON.FABRIC.SECT.SSLEFT - SE-161 - Leg007-1'),
    (1, 'https://content.cylindo.com/api/v2/4472/products/SLON.FABRIC.SECT.SSLEFT/frames/1/SLON.FABRIC.SECT.SSLEFT.JPG?background=FFFFFF&feature=COLOR:SE-161&feature=FINISH:Leg007-2&feature=CHAISE%20LENGTH:CHAISE-63&feature=CUSHIONS:CUSHION-2&feature=BED:BED_IN', 3245, 10, 'SLON.FABRIC.SECT.SSLEFT - SE-161 - Leg007-2'),
    (1, 'https://content.cylindo.com/api/v2/4472/products/SLON.FABRIC.SECT.SSLEFT/frames/1/SLON.FABRIC.SECT.SSLEFT.JPG?background=FFFFFF&feature=COLOR:SE-161&feature=FINISH:Leg007-3&feature=CHAISE%20LENGTH:CHAISE-63&feature=CUSHIONS:CUSHION-2&feature=BED:BED_IN', 3245, 10, 'SLON.FABRIC.SECT.SSLEFT - SE-161 - Leg007-3'),
    (2, 'https://content.cylindo.com/api/v2/4472/products/SLON.FABRIC.SECT.CSLEFT/frames/1/SLON.FABRIC.SECT.CSLEFT.JPG?background=FFFFFF&feature=COLOR:BI-132&feature=FINISH:Leg001-1&feature=CUSHIONS:CUSHION-2&feature=DEPTH:DEPTH-36&feature=CHAISE%20LENGTH:CHAISE-63&feature=CHAISE%20WIDTH:CHAISEWIDTH-35', 2045, 10, 'SLON.FABRIC.SECT.CSLEFT - BI-132 - Leg001-1'),
    (2, 'https://content.cylindo.com/api/v2/4472/products/SLON.FABRIC.SECT.CSLEFT/frames/1/SLON.FABRIC.SECT.CSLEFT.JPG?background=FFFFFF&feature=COLOR:BI-132&feature=FINISH:Leg001-2&feature=CUSHIONS:CUSHION-2&feature=DEPTH:DEPTH-36&feature=CHAISE%20LENGTH:CHAISE-63&feature=CHAISE%20WIDTH:CHAISEWIDTH-35', 2045, 10, 'SLON.FABRIC.SECT.CSLEFT - BI-132 - Leg001-2'),
    (2, 'https://content.cylindo.com/api/v2/4472/products/SLON.FABRIC.SECT.CSLEFT/frames/1/SLON.FABRIC.SECT.CSLEFT.JPG?background=FFFFFF&feature=COLOR:BI-132&feature=FINISH:Leg001-3&feature=CUSHIONS:CUSHION-2&feature=DEPTH:DEPTH-36&feature=CHAISE%20LENGTH:CHAISE-63&feature=CHAISE%20WIDTH:CHAISEWIDTH-35', 2045, 10, 'SLON.FABRIC.SECT.CSLEFT - BI-132 - Leg001-3'),
    (2, 'https://content.cylindo.com/api/v2/4472/products/SLON.FABRIC.SECT.CSLEFT/frames/1/SLON.FABRIC.SECT.CSLEFT.JPG?background=FFFFFF&feature=COLOR:BI-134&feature=FINISH:Leg001-1&feature=CUSHIONS:CUSHION-2&feature=DEPTH:DEPTH-36&feature=CHAISE%20LENGTH:CHAISE-63&feature=CHAISE%20WIDTH:CHAISEWIDTH-35', 2045, 10, 'SLON.FABRIC.SECT.CSLEFT - BI-134 - Leg001-1'),
    (2, 'https://content.cylindo.com/api/v2/4472/products/SLON.FABRIC.SECT.CSLEFT/frames/1/SLON.FABRIC.SECT.CSLEFT.JPG?background=FFFFFF&feature=COLOR:BI-134&feature=FINISH:Leg001-2&feature=CUSHIONS:CUSHION-2&feature=DEPTH:DEPTH-36&feature=CHAISE%20LENGTH:CHAISE-63&feature=CHAISE%20WIDTH:CHAISEWIDTH-35', 2045, 10, 'SLON.FABRIC.SECT.CSLEFT - BI-134 - Leg001-2'),
    (2, 'https://content.cylindo.com/api/v2/4472/products/SLON.FABRIC.SECT.CSLEFT/frames/1/SLON.FABRIC.SECT.CSLEFT.JPG?background=FFFFFF&feature=COLOR:BI-134&feature=FINISH:Leg001-3&feature=CUSHIONS:CUSHION-2&feature=DEPTH:DEPTH-36&feature=CHAISE%20LENGTH:CHAISE-63&feature=CHAISE%20WIDTH:CHAISEWIDTH-35', 2045, 10, 'SLON.FABRIC.SECT.CSLEFT - BI-134 - Leg001-3'),
    (2, 'https://content.cylindo.com/api/v2/4472/products/SLON.FABRIC.SECT.CSLEFT/frames/1/SLON.FABRIC.SECT.CSLEFT.JPG?background=FFFFFF&feature=COLOR:BI-133&feature=FINISH:Leg001-1&feature=CUSHIONS:CUSHION-2&feature=DEPTH:DEPTH-36&feature=CHAISE%20LENGTH:CHAISE-63&feature=CHAISE%20WIDTH:CHAISEWIDTH-35', 2045, 10, 'SLON.FABRIC.SECT.CSLEFT - BI-133 - Leg001-1'),
    (2, 'https://content.cylindo.com/api/v2/4472/products/SLON.FABRIC.SECT.CSLEFT/frames/1/SLON.FABRIC.SECT.CSLEFT.JPG?background=FFFFFF&feature=COLOR:BI-133&feature=FINISH:Leg001-2&feature=CUSHIONS:CUSHION-2&feature=DEPTH:DEPTH-36&feature=CHAISE%20LENGTH:CHAISE-63&feature=CHAISE%20WIDTH:CHAISEWIDTH-35', 2045, 10, 'SLON.FABRIC.SECT.CSLEFT - BI-133 - Leg001-2'),
    (2, 'https://content.cylindo.com/api/v2/4472/products/SLON.FABRIC.SECT.CSLEFT/frames/1/SLON.FABRIC.SECT.CSLEFT.JPG?background=FFFFFF&feature=COLOR:BI-133&feature=FINISH:Leg001-3&feature=CUSHIONS:CUSHION-2&feature=DEPTH:DEPTH-36&feature=CHAISE%20LENGTH:CHAISE-63&feature=CHAISE%20WIDTH:CHAISEWIDTH-35', 2045, 10, 'SLON.FABRIC.SECT.CSLEFT - BI-133 - Leg001-3'),
    (2, 'https://content.cylindo.com/api/v2/4472/products/SLON.FABRIC.SECT.CSLEFT/frames/1/SLON.FABRIC.SECT.CSLEFT.JPG?background=FFFFFF&feature=COLOR:SE-161&feature=FINISH:Leg001-1&feature=CUSHIONS:CUSHION-2&feature=DEPTH:DEPTH-36&feature=CHAISE%20LENGTH:CHAISE-63&feature=CHAISE%20WIDTH:CHAISEWIDTH-35', 2045, 10, 'SLON.FABRIC.SECT.CSLEFT - SE-161 - Leg001-1'),
    (2, 'https://content.cylindo.com/api/v2/4472/products/SLON.FABRIC.SECT.CSLEFT/frames/1/SLON.FABRIC.SECT.CSLEFT.JPG?background=FFFFFF&feature=COLOR:SE-161&feature=FINISH:Leg001-2&feature=CUSHIONS:CUSHION-2&feature=DEPTH:DEPTH-36&feature=CHAISE%20LENGTH:CHAISE-63&feature=CHAISE%20WIDTH:CHAISEWIDTH-35', 2045, 10, 'SLON.FABRIC.SECT.CSLEFT - SE-161 - Leg001-2'),
    (2, 'https://content.cylindo.com/api/v2/4472/products/SLON.FABRIC.SECT.CSLEFT/frames/1/SLON.FABRIC.SECT.CSLEFT.JPG?background=FFFFFF&feature=COLOR:SE-161&feature=FINISH:Leg001-3&feature=CUSHIONS:CUSHION-2&feature=DEPTH:DEPTH-36&feature=CHAISE%20LENGTH:CHAISE-63&feature=CHAISE%20WIDTH:CHAISEWIDTH-35', 2045, 10, 'SLON.FABRIC.SECT.CSLEFT - SE-161 - Leg001-3'),
    (3, 'https://content.cylindo.com/api/v2/4472/products/SLON.LEATHR.SECT.USHAPE/frames/1/SLON.LEATHR.SECT.USHAPE.JPG?background=FFFFFF&feature=COLOR:2210A&feature=FINISH:Leg008-1&feature=CUSHIONS:CUSHION-2&feature=SOFA%20DEPTH:DEPTH-36', 5795, 10, 'SLON.LEATHR.SECT.USHAPE - 2210A - Leg008-1'),
    (3, 'https://content.cylindo.com/api/v2/4472/products/SLON.LEATHR.SECT.USHAPE/frames/1/SLON.LEATHR.SECT.USHAPE.JPG?background=FFFFFF&feature=COLOR:2210A&feature=FINISH:Leg008-3&feature=CUSHIONS:CUSHION-2&feature=SOFA%20DEPTH:DEPTH-36', 5795, 10, 'SLON.LEATHR.SECT.USHAPE - 2210A - Leg008-3'),
    (3, 'https://content.cylindo.com/api/v2/4472/products/SLON.LEATHR.SECT.USHAPE/frames/1/SLON.LEATHR.SECT.USHAPE.JPG?background=FFFFFF&feature=COLOR:2210A&feature=FINISH:Leg008-2&feature=CUSHIONS:CUSHION-2&feature=SOFA%20DEPTH:DEPTH-36', 5795, 10, 'SLON.LEATHR.SECT.USHAPE - 2210A - Leg008-2'),
    (3, 'https://content.cylindo.com/api/v2/4472/products/SLON.LEATHR.SECT.USHAPE/frames/1/SLON.LEATHR.SECT.USHAPE.JPG?background=FFFFFF&feature=COLOR:LTHR-02&feature=FINISH:Leg008-1&feature=CUSHIONS:CUSHION-2&feature=SOFA%20DEPTH:DEPTH-36', 5795, 10, 'SLON.LEATHR.SECT.USHAPE - LTHR-02 - Leg008-1'),
    (3, 'https://content.cylindo.com/api/v2/4472/products/SLON.LEATHR.SECT.USHAPE/frames/1/SLON.LEATHR.SECT.USHAPE.JPG?background=FFFFFF&feature=COLOR:LTHR-02&feature=FINISH:Leg008-3&feature=CUSHIONS:CUSHION-2&feature=SOFA%20DEPTH:DEPTH-36', 5795, 10, 'SLON.LEATHR.SECT.USHAPE - LTHR-02 - Leg008-3'),
    (3, 'https://content.cylindo.com/api/v2/4472/products/SLON.LEATHR.SECT.USHAPE/frames/1/SLON.LEATHR.SECT.USHAPE.JPG?background=FFFFFF&feature=COLOR:LTHR-02&feature=FINISH:Leg008-2&feature=CUSHIONS:CUSHION-2&feature=SOFA%20DEPTH:DEPTH-36', 5795, 10, 'SLON.LEATHR.SECT.USHAPE - LTHR-02 - Leg008-2'),
    (3, 'https://content.cylindo.com/api/v2/4472/products/SLON.LEATHR.SECT.USHAPE/frames/1/SLON.LEATHR.SECT.USHAPE.JPG?background=FFFFFF&feature=COLOR:8519A&feature=FINISH:Leg008-1&feature=CUSHIONS:CUSHION-2&feature=SOFA%20DEPTH:DEPTH-36', 5795, 10, 'SLON.LEATHR.SECT.USHAPE - 8519A - Leg008-1'),
    (3, 'https://content.cylindo.com/api/v2/4472/products/SLON.LEATHR.SECT.USHAPE/frames/1/SLON.LEATHR.SECT.USHAPE.JPG?background=FFFFFF&feature=COLOR:8519A&feature=FINISH:Leg008-3&feature=CUSHIONS:CUSHION-2&feature=SOFA%20DEPTH:DEPTH-36', 5795, 10, 'SLON.LEATHR.SECT.USHAPE - 8519A - Leg008-3'),
    (3, 'https://content.cylindo.com/api/v2/4472/products/SLON.LEATHR.SECT.USHAPE/frames/1/SLON.LEATHR.SECT.USHAPE.JPG?background=FFFFFF&feature=COLOR:8519A&feature=FINISH:Leg008-2&feature=CUSHIONS:CUSHION-2&feature=SOFA%20DEPTH:DEPTH-36', 5795, 10, 'SLON.LEATHR.SECT.USHAPE - 8519A - Leg008-2'),
    (3, 'https://content.cylindo.com/api/v2/4472/products/SLON.LEATHR.SECT.USHAPE/frames/1/SLON.LEATHR.SECT.USHAPE.JPG?background=FFFFFF&feature=COLOR:LTHR-01&feature=FINISH:Leg008-1&feature=CUSHIONS:CUSHION-2&feature=SOFA%20DEPTH:DEPTH-36', 5795, 10, 'SLON.LEATHR.SECT.USHAPE - LTHR-01 - Leg008-1'),
    (3, 'https://content.cylindo.com/api/v2/4472/products/SLON.LEATHR.SECT.USHAPE/frames/1/SLON.LEATHR.SECT.USHAPE.JPG?background=FFFFFF&feature=COLOR:LTHR-01&feature=FINISH:Leg008-3&feature=CUSHIONS:CUSHION-2&feature=SOFA%20DEPTH:DEPTH-36', 5795, 10, 'SLON.LEATHR.SECT.USHAPE - LTHR-01 - Leg008-3'),
    (3, 'https://content.cylindo.com/api/v2/4472/products/SLON.LEATHR.SECT.USHAPE/frames/1/SLON.LEATHR.SECT.USHAPE.JPG?background=FFFFFF&feature=COLOR:LTHR-01&feature=FINISH:Leg008-2&feature=CUSHIONS:CUSHION-2&feature=SOFA%20DEPTH:DEPTH-36', 5795, 10, 'SLON.LEATHR.SECT.USHAPE - LTHR-01 - Leg008-2'),
    (4, 'https://content.cylindo.com/api/v2/4472/products/SLON.FABRIC.SECT.CSLEFT.4SEAT/frames/1/SLON.FABRIC.SECT.CSLEFT.4SEAT.JPG?background=FFFFFF&feature=COLOR:BI-132&feature=FINISH:Leg001-1&feature=DEPTH:DEPTH-36&feature=CHAISE%20LENGTH:CHAISE-63&feature=CHAISE%20WIDTH:CHAISEWIDTH-35', 2845, 10, 'SLON.FABRIC.SECT.CSLEFT.4SEAT - BI-132 - Leg001-1'),
    (4, 'https://content.cylindo.com/api/v2/4472/products/SLON.FABRIC.SECT.CSLEFT.4SEAT/frames/1/SLON.FABRIC.SECT.CSLEFT.4SEAT.JPG?background=FFFFFF&feature=COLOR:BI-132&feature=FINISH:Leg001-2&feature=DEPTH:DEPTH-36&feature=CHAISE%20LENGTH:CHAISE-63&feature=CHAISE%20WIDTH:CHAISEWIDTH-35', 2845, 10, 'SLON.FABRIC.SECT.CSLEFT.4SEAT - BI-132 - Leg001-2'),
    (4, 'https://content.cylindo.com/api/v2/4472/products/SLON.FABRIC.SECT.CSLEFT.4SEAT/frames/1/SLON.FABRIC.SECT.CSLEFT.4SEAT.JPG?background=FFFFFF&feature=COLOR:BI-132&feature=FINISH:Leg001-3&feature=DEPTH:DEPTH-36&feature=CHAISE%20LENGTH:CHAISE-63&feature=CHAISE%20WIDTH:CHAISEWIDTH-35', 2845, 10, 'SLON.FABRIC.SECT.CSLEFT.4SEAT - BI-132 - Leg001-3'),
    (4, 'https://content.cylindo.com/api/v2/4472/products/SLON.FABRIC.SECT.CSLEFT.4SEAT/frames/1/SLON.FABRIC.SECT.CSLEFT.4SEAT.JPG?background=FFFFFF&feature=COLOR:BI-134&feature=FINISH:Leg001-1&feature=DEPTH:DEPTH-36&feature=CHAISE%20LENGTH:CHAISE-63&feature=CHAISE%20WIDTH:CHAISEWIDTH-35', 2845, 10, 'SLON.FABRIC.SECT.CSLEFT.4SEAT - BI-134 - Leg001-1'),
    (4, 'https://content.cylindo.com/api/v2/4472/products/SLON.FABRIC.SECT.CSLEFT.4SEAT/frames/1/SLON.FABRIC.SECT.CSLEFT.4SEAT.JPG?background=FFFFFF&feature=COLOR:BI-134&feature=FINISH:Leg001-2&feature=DEPTH:DEPTH-36&feature=CHAISE%20LENGTH:CHAISE-63&feature=CHAISE%20WIDTH:CHAISEWIDTH-35', 2845, 10, 'SLON.FABRIC.SECT.CSLEFT.4SEAT - BI-134 - Leg001-2'),
    (4, 'https://content.cylindo.com/api/v2/4472/products/SLON.FABRIC.SECT.CSLEFT.4SEAT/frames/1/SLON.FABRIC.SECT.CSLEFT.4SEAT.JPG?background=FFFFFF&feature=COLOR:BI-134&feature=FINISH:Leg001-3&feature=DEPTH:DEPTH-36&feature=CHAISE%20LENGTH:CHAISE-63&feature=CHAISE%20WIDTH:CHAISEWIDTH-35', 2845, 10, 'SLON.FABRIC.SECT.CSLEFT.4SEAT - BI-134 - Leg001-3'),
    (4, 'https://content.cylindo.com/api/v2/4472/products/SLON.FABRIC.SECT.CSLEFT.4SEAT/frames/1/SLON.FABRIC.SECT.CSLEFT.4SEAT.JPG?background=FFFFFF&feature=COLOR:BI-133&feature=FINISH:Leg001-1&feature=DEPTH:DEPTH-36&feature=CHAISE%20LENGTH:CHAISE-63&feature=CHAISE%20WIDTH:CHAISEWIDTH-35', 2845, 10, 'SLON.FABRIC.SECT.CSLEFT.4SEAT - BI-133 - Leg001-1'),
    (4, 'https://content.cylindo.com/api/v2/4472/products/SLON.FABRIC.SECT.CSLEFT.4SEAT/frames/1/SLON.FABRIC.SECT.CSLEFT.4SEAT.JPG?background=FFFFFF&feature=COLOR:BI-133&feature=FINISH:Leg001-2&feature=DEPTH:DEPTH-36&feature=CHAISE%20LENGTH:CHAISE-63&feature=CHAISE%20WIDTH:CHAISEWIDTH-35', 2845, 10, 'SLON.FABRIC.SECT.CSLEFT.4SEAT - BI-133 - Leg001-2'),
    (4, 'https://content.cylindo.com/api/v2/4472/products/SLON.FABRIC.SECT.CSLEFT.4SEAT/frames/1/SLON.FABRIC.SECT.CSLEFT.4SEAT.JPG?background=FFFFFF&feature=COLOR:BI-133&feature=FINISH:Leg001-3&feature=DEPTH:DEPTH-36&feature=CHAISE%20LENGTH:CHAISE-63&feature=CHAISE%20WIDTH:CHAISEWIDTH-35', 2845, 10, 'SLON.FABRIC.SECT.CSLEFT.4SEAT - BI-133 - Leg001-3'),
    (4, 'https://content.cylindo.com/api/v2/4472/products/SLON.FABRIC.SECT.CSLEFT.4SEAT/frames/1/SLON.FABRIC.SECT.CSLEFT.4SEAT.JPG?background=FFFFFF&feature=COLOR:SE-161&feature=FINISH:Leg001-1&feature=DEPTH:DEPTH-36&feature=CHAISE%20LENGTH:CHAISE-63&feature=CHAISE%20WIDTH:CHAISEWIDTH-35', 2845, 10, 'SLON.FABRIC.SECT.CSLEFT.4SEAT - SE-161 - Leg001-1'),
    (4, 'https://content.cylindo.com/api/v2/4472/products/SLON.FABRIC.SECT.CSLEFT.4SEAT/frames/1/SLON.FABRIC.SECT.CSLEFT.4SEAT.JPG?background=FFFFFF&feature=COLOR:SE-161&feature=FINISH:Leg001-2&feature=DEPTH:DEPTH-36&feature=CHAISE%20LENGTH:CHAISE-63&feature=CHAISE%20WIDTH:CHAISEWIDTH-35', 2845, 10, 'SLON.FABRIC.SECT.CSLEFT.4SEAT - SE-161 - Leg001-2'),
    (4, 'https://content.cylindo.com/api/v2/4472/products/SLON.FABRIC.SECT.CSLEFT.4SEAT/frames/1/SLON.FABRIC.SECT.CSLEFT.4SEAT.JPG?background=FFFFFF&feature=COLOR:SE-161&feature=FINISH:Leg001-3&feature=DEPTH:DEPTH-36&feature=CHAISE%20LENGTH:CHAISE-63&feature=CHAISE%20WIDTH:CHAISEWIDTH-35', 2845, 10, 'SLON.FABRIC.SECT.CSLEFT.4SEAT - SE-161 - Leg001-3');
INSERT INTO "variant_value"(option_id, variant_id, option_value)
VALUES
    (1, 1, 'Opal'),
    (2, 1, 'Oiled Walnut'),
    (1, 2, 'Opal'),
    (2, 2, 'Natural Oak'),
    (1, 3, 'Opal'),
    (2, 3, 'Matte Black'),
    (1, 4, 'Abyss'),
    (2, 4, 'Oiled Walnut'),
    (1, 5, 'Abyss'),
    (2, 5, 'Natural Oak'),
    (1, 6, 'Abyss'),
    (2, 6, 'Matte Black'),
    (1, 7, 'Pepper'),
    (2, 7, 'Oiled Walnut'),
    (1, 8, 'Pepper'),
    (2, 8, 'Natural Oak'),
    (1, 9, 'Pepper'),
    (2, 9, 'Matte Black'),
    (1, 10, 'Coral'),
    (2, 10, 'Oiled Walnut'),
    (1, 11, 'Coral'),
    (2, 11, 'Natural Oak'),
    (1, 12, 'Coral'),
    (2, 12, 'Matte Black'),
    (1, 13, 'Opal'),
    (2, 13, 'Oiled Walnut'),
    (1, 14, 'Opal'),
    (2, 14, 'Natural Oak'),
    (1, 15, 'Opal'),
    (2, 15, 'Painted Black'),
    (1, 16, 'Abyss'),
    (2, 16, 'Oiled Walnut'),
    (1, 17, 'Abyss'),
    (2, 17, 'Natural Oak'),
    (1, 18, 'Abyss'),
    (2, 18, 'Painted Black'),
    (1, 19, 'Pepper'),
    (2, 19, 'Oiled Walnut'),
    (1, 20, 'Pepper'),
    (2, 20, 'Natural Oak'),
    (1, 21, 'Pepper'),
    (2, 21, 'Painted Black'),
    (1, 22, 'Coral'),
    (2, 22, 'Oiled Walnut'),
    (1, 23, 'Coral'),
    (2, 23, 'Natural Oak'),
    (1, 24, 'Coral'),
    (2, 24, 'Painted Black'),
    (1, 25, 'Palomino'),
    (2, 25, 'Chrome Plated'),
    (1, 26, 'Palomino'),
    (2, 26, 'Brass Plated'),
    (1, 27, 'Palomino'),
    (2, 27, 'Matte Black'),
    (1, 28, 'Fossil'),
    (2, 28, 'Chrome Plated'),
    (1, 29, 'Fossil'),
    (2, 29, 'Brass Plated'),
    (1, 30, 'Fossil'),
    (2, 30, 'Matte Black'),
    (1, 31, 'Pecan'),
    (2, 31, 'Chrome Plated'),
    (1, 32, 'Pecan'),
    (2, 32, 'Brass Plated'),
    (1, 33, 'Pecan'),
    (2, 33, 'Matte Black'),
    (1, 34, 'Cognac'),
    (2, 34, 'Chrome Plated'),
    (1, 35, 'Cognac'),
    (2, 35, 'Brass Plated'),
    (1, 36, 'Cognac'),
    (2, 36, 'Matte Black'),
    (1, 37, 'Opal'),
    (2, 37, 'Oiled Walnut'),
    (1, 38, 'Opal'),
    (2, 38, 'Natural Oak'),
    (1, 39, 'Opal'),
    (2, 39, 'Painted Black'),
    (1, 40, 'Abyss'),
    (2, 40, 'Oiled Walnut'),
    (1, 41, 'Abyss'),
    (2, 41, 'Natural Oak'),
    (1, 42, 'Abyss'),
    (2, 42, 'Painted Black'),
    (1, 43, 'Pepper'),
    (2, 43, 'Oiled Walnut'),
    (1, 44, 'Pepper'),
    (2, 44, 'Natural Oak'),
    (1, 45, 'Pepper'),
    (2, 45, 'Painted Black'),
    (1, 46, 'Coral'),
    (2, 46, 'Oiled Walnut'),
    (1, 47, 'Coral'),
    (2, 47, 'Natural Oak'),
    (1, 48, 'Coral'),
    (2, 48, 'Painted Black');
INSERT INTO "product"(product_id, product_name, brand_id, category_id, image)
VALUES
    (5, 'Charly Fabric Sofa', 9, 7, 'https://content.cylindo.com/api/v2/4472/products/CHLY.FABRIC.SOFA.STNDRD/frames/1/CHLY.FABRIC.SOFA.STNDRD.JPG?background=FFFFFF&feature=CUSHIONS:CUSHION-BENCH&feature=COLOR:CW-006&feature=FINISH:LEG018-1'),
    (6, 'Charly Loveseat', 9, 8, 'https://content.cylindo.com/api/v2/4472/products/CHLY.FABRIC.SOFA.APRTMT/frames/1/CHLY.FABRIC.SOFA.APRTMT.JPG?background=FFFFFF&feature=CUSHIONS:CUSHION-BENCH&feature=COLOR:CW-006&feature=FINISH:LEG018-1'),
    (7, 'Charly Sleeper Sofa', 9, 9, 'https://content.cylindo.com/api/v2/4472/products/CHLY.FABRIC.SOFA.SLEEPR/frames/1/CHLY.FABRIC.SOFA.SLEEPR.JPG?background=FFFFFF&feature=CUSHIONS:CUSHION-BENCH&feature=BED:BED_IN&feature=COLOR:CW-006&feature=FINISH:LEG007-1'),
    (8, 'Charly Twin Sleeper Sofa', 9, 9, 'https://content.cylindo.com/api/v2/4472/products/CHLY.FABRIC.SOFA.SSTWIN/frames/1/CHLY.FABRIC.SOFA.SSTWIN.JPG?background=FFFFFF&feature=CUSHIONS:CUSHION-BENCH&feature=BED:BED_IN&feature=COLOR:CW-006&feature=FINISH:LEG007-1');
INSERT INTO "options"(category_id, option_name)
VALUES
    (7, 'Chất liệu'),
    (7, 'Chất liệu chân'),
    (8, 'Chất liệu'),
    (8, 'Chất liệu chân'),
    (9, 'Chất liệu'),
    (9, 'Chất liệu chân');
INSERT INTO "product_variant"(product_id, image, price, quantity, sku)
VALUES
    (5, 'https://content.cylindo.com/api/v2/4472/products/CHLY.FABRIC.SOFA.STNDRD/frames/1/CHLY.FABRIC.SOFA.STNDRD.JPG?background=FFFFFF&feature=CUSHIONS:CUSHION-BENCH&feature=COLOR:CW-006&feature=FINISH:Leg018-1', 1795, 10, 'CHLY.FABRIC.SOFA.STNDRD - CW-006 - Leg018-1'),
    (5, 'https://content.cylindo.com/api/v2/4472/products/CHLY.FABRIC.SOFA.STNDRD/frames/1/CHLY.FABRIC.SOFA.STNDRD.JPG?background=FFFFFF&feature=CUSHIONS:CUSHION-BENCH&feature=COLOR:CW-006&feature=FINISH:Leg018-2', 1795, 10, 'CHLY.FABRIC.SOFA.STNDRD - CW-006 - Leg018-2'),
    (5, 'https://content.cylindo.com/api/v2/4472/products/CHLY.FABRIC.SOFA.STNDRD/frames/1/CHLY.FABRIC.SOFA.STNDRD.JPG?background=FFFFFF&feature=CUSHIONS:CUSHION-BENCH&feature=COLOR:CW-006&feature=FINISH:Leg018-3', 1795, 10, 'CHLY.FABRIC.SOFA.STNDRD - CW-006 - Leg018-3'),
    (5, 'https://content.cylindo.com/api/v2/4472/products/CHLY.FABRIC.SOFA.STNDRD/frames/1/CHLY.FABRIC.SOFA.STNDRD.JPG?background=FFFFFF&feature=CUSHIONS:CUSHION-BENCH&feature=COLOR:CW-001&feature=FINISH:Leg018-1', 1795, 10, 'CHLY.FABRIC.SOFA.STNDRD - CW-001 - Leg018-1'),
    (5, 'https://content.cylindo.com/api/v2/4472/products/CHLY.FABRIC.SOFA.STNDRD/frames/1/CHLY.FABRIC.SOFA.STNDRD.JPG?background=FFFFFF&feature=CUSHIONS:CUSHION-BENCH&feature=COLOR:CW-001&feature=FINISH:Leg018-2', 1795, 10, 'CHLY.FABRIC.SOFA.STNDRD - CW-001 - Leg018-2'),
    (5, 'https://content.cylindo.com/api/v2/4472/products/CHLY.FABRIC.SOFA.STNDRD/frames/1/CHLY.FABRIC.SOFA.STNDRD.JPG?background=FFFFFF&feature=CUSHIONS:CUSHION-BENCH&feature=COLOR:CW-001&feature=FINISH:Leg018-3', 1795, 10, 'CHLY.FABRIC.SOFA.STNDRD - CW-001 - Leg018-3'),
    (5, 'https://content.cylindo.com/api/v2/4472/products/CHLY.FABRIC.SOFA.STNDRD/frames/1/CHLY.FABRIC.SOFA.STNDRD.JPG?background=FFFFFF&feature=CUSHIONS:CUSHION-BENCH&feature=COLOR:CW-002&feature=FINISH:Leg018-1', 1795, 10, 'CHLY.FABRIC.SOFA.STNDRD - CW-002 - Leg018-1'),
    (5, 'https://content.cylindo.com/api/v2/4472/products/CHLY.FABRIC.SOFA.STNDRD/frames/1/CHLY.FABRIC.SOFA.STNDRD.JPG?background=FFFFFF&feature=CUSHIONS:CUSHION-BENCH&feature=COLOR:CW-002&feature=FINISH:Leg018-2', 1795, 10, 'CHLY.FABRIC.SOFA.STNDRD - CW-002 - Leg018-2'),
    (5, 'https://content.cylindo.com/api/v2/4472/products/CHLY.FABRIC.SOFA.STNDRD/frames/1/CHLY.FABRIC.SOFA.STNDRD.JPG?background=FFFFFF&feature=CUSHIONS:CUSHION-BENCH&feature=COLOR:CW-002&feature=FINISH:Leg018-3', 1795, 10, 'CHLY.FABRIC.SOFA.STNDRD - CW-002 - Leg018-3'),
    (5, 'https://content.cylindo.com/api/v2/4472/products/CHLY.FABRIC.SOFA.STNDRD/frames/1/CHLY.FABRIC.SOFA.STNDRD.JPG?background=FFFFFF&feature=CUSHIONS:CUSHION-BENCH&feature=COLOR:SE-161&feature=FINISH:Leg018-1', 1895, 10, 'CHLY.FABRIC.SOFA.STNDRD - SE-161 - Leg018-1'),
    (5, 'https://content.cylindo.com/api/v2/4472/products/CHLY.FABRIC.SOFA.STNDRD/frames/1/CHLY.FABRIC.SOFA.STNDRD.JPG?background=FFFFFF&feature=CUSHIONS:CUSHION-BENCH&feature=COLOR:SE-161&feature=FINISH:Leg018-2', 1895, 10, 'CHLY.FABRIC.SOFA.STNDRD - SE-161 - Leg018-2'),
    (5, 'https://content.cylindo.com/api/v2/4472/products/CHLY.FABRIC.SOFA.STNDRD/frames/1/CHLY.FABRIC.SOFA.STNDRD.JPG?background=FFFFFF&feature=CUSHIONS:CUSHION-BENCH&feature=COLOR:SE-161&feature=FINISH:Leg018-3', 1895, 10, 'CHLY.FABRIC.SOFA.STNDRD - SE-161 - Leg018-3'),
    (6, 'https://content.cylindo.com/api/v2/4472/products/CHLY.FABRIC.SOFA.APRTMT/frames/1/CHLY.FABRIC.SOFA.APRTMT.JPG?background=FFFFFF&feature=CUSHIONS:CUSHION-BENCH&feature=COLOR:CW-006&feature=FINISH:Leg018-1', 1495, 10, 'CHLY.FABRIC.SOFA.APRTMT - CW-006 - Leg018-1'),
    (6, 'https://content.cylindo.com/api/v2/4472/products/CHLY.FABRIC.SOFA.APRTMT/frames/1/CHLY.FABRIC.SOFA.APRTMT.JPG?background=FFFFFF&feature=CUSHIONS:CUSHION-BENCH&feature=COLOR:CW-006&feature=FINISH:Leg018-2', 1495, 10, 'CHLY.FABRIC.SOFA.APRTMT - CW-006 - Leg018-2'),
    (6, 'https://content.cylindo.com/api/v2/4472/products/CHLY.FABRIC.SOFA.APRTMT/frames/1/CHLY.FABRIC.SOFA.APRTMT.JPG?background=FFFFFF&feature=CUSHIONS:CUSHION-BENCH&feature=COLOR:CW-006&feature=FINISH:Leg018-3', 1495, 10, 'CHLY.FABRIC.SOFA.APRTMT - CW-006 - Leg018-3'),
    (6, 'https://content.cylindo.com/api/v2/4472/products/CHLY.FABRIC.SOFA.APRTMT/frames/1/CHLY.FABRIC.SOFA.APRTMT.JPG?background=FFFFFF&feature=CUSHIONS:CUSHION-BENCH&feature=COLOR:CW-001&feature=FINISH:Leg018-1', 1495, 10, 'CHLY.FABRIC.SOFA.APRTMT - CW-001 - Leg018-1'),
    (6, 'https://content.cylindo.com/api/v2/4472/products/CHLY.FABRIC.SOFA.APRTMT/frames/1/CHLY.FABRIC.SOFA.APRTMT.JPG?background=FFFFFF&feature=CUSHIONS:CUSHION-BENCH&feature=COLOR:CW-001&feature=FINISH:Leg018-2', 1495, 10, 'CHLY.FABRIC.SOFA.APRTMT - CW-001 - Leg018-2'),
    (6, 'https://content.cylindo.com/api/v2/4472/products/CHLY.FABRIC.SOFA.APRTMT/frames/1/CHLY.FABRIC.SOFA.APRTMT.JPG?background=FFFFFF&feature=CUSHIONS:CUSHION-BENCH&feature=COLOR:CW-001&feature=FINISH:Leg018-3', 1495, 10, 'CHLY.FABRIC.SOFA.APRTMT - CW-001 - Leg018-3'),
    (6, 'https://content.cylindo.com/api/v2/4472/products/CHLY.FABRIC.SOFA.APRTMT/frames/1/CHLY.FABRIC.SOFA.APRTMT.JPG?background=FFFFFF&feature=CUSHIONS:CUSHION-BENCH&feature=COLOR:CW-002&feature=FINISH:Leg018-1', 1495, 10, 'CHLY.FABRIC.SOFA.APRTMT - CW-002 - Leg018-1'),
    (6, 'https://content.cylindo.com/api/v2/4472/products/CHLY.FABRIC.SOFA.APRTMT/frames/1/CHLY.FABRIC.SOFA.APRTMT.JPG?background=FFFFFF&feature=CUSHIONS:CUSHION-BENCH&feature=COLOR:CW-002&feature=FINISH:Leg018-2', 1495, 10, 'CHLY.FABRIC.SOFA.APRTMT - CW-002 - Leg018-2'),
    (6, 'https://content.cylindo.com/api/v2/4472/products/CHLY.FABRIC.SOFA.APRTMT/frames/1/CHLY.FABRIC.SOFA.APRTMT.JPG?background=FFFFFF&feature=CUSHIONS:CUSHION-BENCH&feature=COLOR:CW-002&feature=FINISH:Leg018-3', 1495, 10, 'CHLY.FABRIC.SOFA.APRTMT - CW-002 - Leg018-3'),
    (6, 'https://content.cylindo.com/api/v2/4472/products/CHLY.FABRIC.SOFA.APRTMT/frames/1/CHLY.FABRIC.SOFA.APRTMT.JPG?background=FFFFFF&feature=CUSHIONS:CUSHION-BENCH&feature=COLOR:SE-161&feature=FINISH:Leg018-1', 1595, 10, 'CHLY.FABRIC.SOFA.APRTMT - SE-161 - Leg018-1'),
    (6, 'https://content.cylindo.com/api/v2/4472/products/CHLY.FABRIC.SOFA.APRTMT/frames/1/CHLY.FABRIC.SOFA.APRTMT.JPG?background=FFFFFF&feature=CUSHIONS:CUSHION-BENCH&feature=COLOR:SE-161&feature=FINISH:Leg018-2', 1595, 10, 'CHLY.FABRIC.SOFA.APRTMT - SE-161 - Leg018-2'),
    (6, 'https://content.cylindo.com/api/v2/4472/products/CHLY.FABRIC.SOFA.APRTMT/frames/1/CHLY.FABRIC.SOFA.APRTMT.JPG?background=FFFFFF&feature=CUSHIONS:CUSHION-BENCH&feature=COLOR:SE-161&feature=FINISH:Leg018-3', 1595, 10, 'CHLY.FABRIC.SOFA.APRTMT - SE-161 - Leg018-3'),
    (7, 'https://content.cylindo.com/api/v2/4472/products/CHLY.FABRIC.SOFA.SLEEPR/frames/1/CHLY.FABRIC.SOFA.SLEEPR.JPG?background=FFFFFF&feature=CUSHIONS:CUSHION-BENCH&feature=BED:BED_IN&feature=COLOR:CW-006&feature=FINISH:Leg007-1', 2195, 10, 'CHLY.FABRIC.SOFA.SLEEPR - CW-006 - Leg007-1'),
    (7, 'https://content.cylindo.com/api/v2/4472/products/CHLY.FABRIC.SOFA.SLEEPR/frames/1/CHLY.FABRIC.SOFA.SLEEPR.JPG?background=FFFFFF&feature=CUSHIONS:CUSHION-BENCH&feature=BED:BED_IN&feature=COLOR:CW-006&feature=FINISH:Leg007-2', 2195, 10, 'CHLY.FABRIC.SOFA.SLEEPR - CW-006 - Leg007-2'),
    (7, 'https://content.cylindo.com/api/v2/4472/products/CHLY.FABRIC.SOFA.SLEEPR/frames/1/CHLY.FABRIC.SOFA.SLEEPR.JPG?background=FFFFFF&feature=CUSHIONS:CUSHION-BENCH&feature=BED:BED_IN&feature=COLOR:CW-006&feature=FINISH:Leg007-3', 2195, 10, 'CHLY.FABRIC.SOFA.SLEEPR - CW-006 - Leg007-3'),
    (7, 'https://content.cylindo.com/api/v2/4472/products/CHLY.FABRIC.SOFA.SLEEPR/frames/1/CHLY.FABRIC.SOFA.SLEEPR.JPG?background=FFFFFF&feature=CUSHIONS:CUSHION-BENCH&feature=BED:BED_IN&feature=COLOR:CW-001&feature=FINISH:Leg007-1', 2195, 10, 'CHLY.FABRIC.SOFA.SLEEPR - CW-001 - Leg007-1'),
    (7, 'https://content.cylindo.com/api/v2/4472/products/CHLY.FABRIC.SOFA.SLEEPR/frames/1/CHLY.FABRIC.SOFA.SLEEPR.JPG?background=FFFFFF&feature=CUSHIONS:CUSHION-BENCH&feature=BED:BED_IN&feature=COLOR:CW-001&feature=FINISH:Leg007-2', 2195, 10, 'CHLY.FABRIC.SOFA.SLEEPR - CW-001 - Leg007-2'),
    (7, 'https://content.cylindo.com/api/v2/4472/products/CHLY.FABRIC.SOFA.SLEEPR/frames/1/CHLY.FABRIC.SOFA.SLEEPR.JPG?background=FFFFFF&feature=CUSHIONS:CUSHION-BENCH&feature=BED:BED_IN&feature=COLOR:CW-001&feature=FINISH:Leg007-3', 2195, 10, 'CHLY.FABRIC.SOFA.SLEEPR - CW-001 - Leg007-3'),
    (7, 'https://content.cylindo.com/api/v2/4472/products/CHLY.FABRIC.SOFA.SLEEPR/frames/1/CHLY.FABRIC.SOFA.SLEEPR.JPG?background=FFFFFF&feature=CUSHIONS:CUSHION-BENCH&feature=BED:BED_IN&feature=COLOR:CW-002&feature=FINISH:Leg007-1', 2195, 10, 'CHLY.FABRIC.SOFA.SLEEPR - CW-002 - Leg007-1'),
    (7, 'https://content.cylindo.com/api/v2/4472/products/CHLY.FABRIC.SOFA.SLEEPR/frames/1/CHLY.FABRIC.SOFA.SLEEPR.JPG?background=FFFFFF&feature=CUSHIONS:CUSHION-BENCH&feature=BED:BED_IN&feature=COLOR:CW-002&feature=FINISH:Leg007-2', 2195, 10, 'CHLY.FABRIC.SOFA.SLEEPR - CW-002 - Leg007-2'),
    (7, 'https://content.cylindo.com/api/v2/4472/products/CHLY.FABRIC.SOFA.SLEEPR/frames/1/CHLY.FABRIC.SOFA.SLEEPR.JPG?background=FFFFFF&feature=CUSHIONS:CUSHION-BENCH&feature=BED:BED_IN&feature=COLOR:CW-002&feature=FINISH:Leg007-3', 2195, 10, 'CHLY.FABRIC.SOFA.SLEEPR - CW-002 - Leg007-3'),
    (7, 'https://content.cylindo.com/api/v2/4472/products/CHLY.FABRIC.SOFA.SLEEPR/frames/1/CHLY.FABRIC.SOFA.SLEEPR.JPG?background=FFFFFF&feature=CUSHIONS:CUSHION-BENCH&feature=BED:BED_IN&feature=COLOR:SE-161&feature=FINISH:Leg007-1', 2295, 10, 'CHLY.FABRIC.SOFA.SLEEPR - SE-161 - Leg007-1'),
    (7, 'https://content.cylindo.com/api/v2/4472/products/CHLY.FABRIC.SOFA.SLEEPR/frames/1/CHLY.FABRIC.SOFA.SLEEPR.JPG?background=FFFFFF&feature=CUSHIONS:CUSHION-BENCH&feature=BED:BED_IN&feature=COLOR:SE-161&feature=FINISH:Leg007-2', 2295, 10, 'CHLY.FABRIC.SOFA.SLEEPR - SE-161 - Leg007-2'),
    (7, 'https://content.cylindo.com/api/v2/4472/products/CHLY.FABRIC.SOFA.SLEEPR/frames/1/CHLY.FABRIC.SOFA.SLEEPR.JPG?background=FFFFFF&feature=CUSHIONS:CUSHION-BENCH&feature=BED:BED_IN&feature=COLOR:SE-161&feature=FINISH:Leg007-3', 2295, 10, 'CHLY.FABRIC.SOFA.SLEEPR - SE-161 - Leg007-3'),
    (8, 'https://content.cylindo.com/api/v2/4472/products/CHLY.FABRIC.SOFA.SSTWIN/frames/1/CHLY.FABRIC.SOFA.SSTWIN.JPG?background=FFFFFF&feature=CUSHIONS:CUSHION-BENCH&feature=BED:BED_IN&feature=COLOR:CW-006&feature=FINISH:Leg007-1', 1895, 10, 'CHLY.FABRIC.SOFA.SSTWIN - CW-006 - Leg007-1'),
    (8, 'https://content.cylindo.com/api/v2/4472/products/CHLY.FABRIC.SOFA.SSTWIN/frames/1/CHLY.FABRIC.SOFA.SSTWIN.JPG?background=FFFFFF&feature=CUSHIONS:CUSHION-BENCH&feature=BED:BED_IN&feature=COLOR:CW-006&feature=FINISH:Leg007-2', 1895, 10, 'CHLY.FABRIC.SOFA.SSTWIN - CW-006 - Leg007-2'),
    (8, 'https://content.cylindo.com/api/v2/4472/products/CHLY.FABRIC.SOFA.SSTWIN/frames/1/CHLY.FABRIC.SOFA.SSTWIN.JPG?background=FFFFFF&feature=CUSHIONS:CUSHION-BENCH&feature=BED:BED_IN&feature=COLOR:CW-006&feature=FINISH:Leg007-3', 1895, 10, 'CHLY.FABRIC.SOFA.SSTWIN - CW-006 - Leg007-3'),
    (8, 'https://content.cylindo.com/api/v2/4472/products/CHLY.FABRIC.SOFA.SSTWIN/frames/1/CHLY.FABRIC.SOFA.SSTWIN.JPG?background=FFFFFF&feature=CUSHIONS:CUSHION-BENCH&feature=BED:BED_IN&feature=COLOR:CW-001&feature=FINISH:Leg007-1', 1895, 10, 'CHLY.FABRIC.SOFA.SSTWIN - CW-001 - Leg007-1'),
    (8, 'https://content.cylindo.com/api/v2/4472/products/CHLY.FABRIC.SOFA.SSTWIN/frames/1/CHLY.FABRIC.SOFA.SSTWIN.JPG?background=FFFFFF&feature=CUSHIONS:CUSHION-BENCH&feature=BED:BED_IN&feature=COLOR:CW-001&feature=FINISH:Leg007-2', 1895, 10, 'CHLY.FABRIC.SOFA.SSTWIN - CW-001 - Leg007-2'),
    (8, 'https://content.cylindo.com/api/v2/4472/products/CHLY.FABRIC.SOFA.SSTWIN/frames/1/CHLY.FABRIC.SOFA.SSTWIN.JPG?background=FFFFFF&feature=CUSHIONS:CUSHION-BENCH&feature=BED:BED_IN&feature=COLOR:CW-001&feature=FINISH:Leg007-3', 1895, 10, 'CHLY.FABRIC.SOFA.SSTWIN - CW-001 - Leg007-3'),
    (8, 'https://content.cylindo.com/api/v2/4472/products/CHLY.FABRIC.SOFA.SSTWIN/frames/1/CHLY.FABRIC.SOFA.SSTWIN.JPG?background=FFFFFF&feature=CUSHIONS:CUSHION-BENCH&feature=BED:BED_IN&feature=COLOR:CW-002&feature=FINISH:Leg007-1', 1895, 10, 'CHLY.FABRIC.SOFA.SSTWIN - CW-002 - Leg007-1'),
    (8, 'https://content.cylindo.com/api/v2/4472/products/CHLY.FABRIC.SOFA.SSTWIN/frames/1/CHLY.FABRIC.SOFA.SSTWIN.JPG?background=FFFFFF&feature=CUSHIONS:CUSHION-BENCH&feature=BED:BED_IN&feature=COLOR:CW-002&feature=FINISH:Leg007-2', 1895, 10, 'CHLY.FABRIC.SOFA.SSTWIN - CW-002 - Leg007-2'),
    (8, 'https://content.cylindo.com/api/v2/4472/products/CHLY.FABRIC.SOFA.SSTWIN/frames/1/CHLY.FABRIC.SOFA.SSTWIN.JPG?background=FFFFFF&feature=CUSHIONS:CUSHION-BENCH&feature=BED:BED_IN&feature=COLOR:CW-002&feature=FINISH:Leg007-3', 1895, 10, 'CHLY.FABRIC.SOFA.SSTWIN - CW-002 - Leg007-3'),
    (8, 'https://content.cylindo.com/api/v2/4472/products/CHLY.FABRIC.SOFA.SSTWIN/frames/1/CHLY.FABRIC.SOFA.SSTWIN.JPG?background=FFFFFF&feature=CUSHIONS:CUSHION-BENCH&feature=BED:BED_IN&feature=COLOR:SE-161&feature=FINISH:Leg007-1', 1995, 10, 'CHLY.FABRIC.SOFA.SSTWIN - SE-161 - Leg007-1'),
    (8, 'https://content.cylindo.com/api/v2/4472/products/CHLY.FABRIC.SOFA.SSTWIN/frames/1/CHLY.FABRIC.SOFA.SSTWIN.JPG?background=FFFFFF&feature=CUSHIONS:CUSHION-BENCH&feature=BED:BED_IN&feature=COLOR:SE-161&feature=FINISH:Leg007-2', 1995, 10, 'CHLY.FABRIC.SOFA.SSTWIN - SE-161 - Leg007-2'),
    (8, 'https://content.cylindo.com/api/v2/4472/products/CHLY.FABRIC.SOFA.SSTWIN/frames/1/CHLY.FABRIC.SOFA.SSTWIN.JPG?background=FFFFFF&feature=CUSHIONS:CUSHION-BENCH&feature=BED:BED_IN&feature=COLOR:SE-161&feature=FINISH:Leg007-3', 1995, 10, 'CHLY.FABRIC.SOFA.SSTWIN - SE-161 - Leg007-3');
INSERT INTO "variant_value"(option_id, variant_id, option_value)
VALUES
    (3, 5, 'Rain'),
    (4, 5, 'Oiled Walnut'),
    (3, 6, 'Rain'),
    (4, 6, 'Natural Oak'),
    (3, 7, 'Rain'),
    (4, 7, 'Painted Black'),
    (3, 8, 'Wheat'),
    (4, 8, 'Oiled Walnut'),
    (3, 9, 'Wheat'),
    (4, 9, 'Natural Oak'),
    (3, 10, 'Wheat'),
    (4, 10, 'Painted Black'),
    (3, 11, 'Earth'),
    (4, 11, 'Oiled Walnut'),
    (3, 12, 'Earth'),
    (4, 12, 'Natural Oak'),
    (3, 13, 'Earth'),
    (4, 13, 'Painted Black'),
    (3, 14, 'Coral'),
    (4, 14, 'Oiled Walnut'),
    (3, 15, 'Coral'),
    (4, 15, 'Natural Oak'),
    (3, 16, 'Coral'),
    (4, 16, 'Painted Black'),
    (3, 17, 'Rain'),
    (4, 17, 'Oiled Walnut'),
    (3, 18, 'Rain'),
    (4, 18, 'Natural Oak'),
    (3, 19, 'Rain'),
    (4, 19, 'Painted Black'),
    (3, 20, 'Wheat'),
    (4, 20, 'Oiled Walnut'),
    (3, 21, 'Wheat'),
    (4, 21, 'Natural Oak'),
    (3, 22, 'Wheat'),
    (4, 22, 'Painted Black'),
    (3, 23, 'Earth'),
    (4, 23, 'Oiled Walnut'),
    (3, 24, 'Earth'),
    (4, 24, 'Natural Oak'),
    (3, 25, 'Earth'),
    (4, 25, 'Painted Black'),
    (3, 26, 'Coral'),
    (4, 26, 'Oiled Walnut'),
    (3, 27, 'Coral'),
    (4, 27, 'Natural Oak'),
    (3, 28, 'Coral'),
    (4, 28, 'Painted Black'),
    (3, 29, 'Rain'),
    (4, 29, 'Oiled Walnut'),
    (3, 30, 'Rain'),
    (4, 30, 'Natural Oak'),
    (3, 31, 'Rain'),
    (4, 31, 'Matte Black'),
    (3, 32, 'Wheat'),
    (4, 32, 'Oiled Walnut'),
    (3, 33, 'Wheat'),
    (4, 33, 'Natural Oak'),
    (3, 34, 'Wheat'),
    (4, 34, 'Matte Black'),
    (3, 35, 'Earth'),
    (4, 35, 'Oiled Walnut'),
    (3, 36, 'Earth'),
    (4, 36, 'Natural Oak'),
    (3, 37, 'Earth'),
    (4, 37, 'Matte Black'),
    (3, 38, 'Coral'),
    (4, 38, 'Oiled Walnut'),
    (3, 39, 'Coral'),
    (4, 39, 'Natural Oak'),
    (3, 40, 'Coral'),
    (4, 40, 'Matte Black'),
    (3, 41, 'Rain'),
    (4, 41, 'Oiled Walnut'),
    (3, 42, 'Rain'),
    (4, 42, 'Natural Oak'),
    (3, 43, 'Rain'),
    (4, 43, 'Matte Black'),
    (3, 44, 'Wheat'),
    (4, 44, 'Oiled Walnut'),
    (3, 45, 'Wheat'),
    (4, 45, 'Natural Oak'),
    (3, 46, 'Wheat'),
    (4, 46, 'Matte Black'),
    (3, 47, 'Earth'),
    (4, 47, 'Oiled Walnut'),
    (3, 48, 'Earth'),
    (4, 48, 'Natural Oak'),
    (3, 49, 'Earth'),
    (4, 49, 'Matte Black'),
    (3, 50, 'Coral'),
    (4, 50, 'Oiled Walnut'),
    (3, 51, 'Coral'),
    (4, 51, 'Natural Oak'),
    (3, 52, 'Coral'),
    (4, 52, 'Matte Black');
INSERT INTO "product"(product_id, product_name, brand_id, category_id, image)
VALUES
    (9, 'Otto Bench', 3, 14, 'https://content.cylindo.com/api/v2/4472/products/OTTO.FABRIC.BENCH.STNDRD/frames/1/OTTO.FABRIC.BENCH.STNDRD.JPG?background=FFFFFF&feature=COLOR:SE-173&feature=FINISH:LEG039-2'),
    (10, 'Miller Bench', 4, 14, 'https://content.cylindo.com/api/v2/4472/products/MLLR.FABRIC.BENCH.STNDRD/frames/1/MLLR.FABRIC.BENCH.STNDRD.JPG?background=FFFFFF&feature=COLOR:ROY-001&feature=FINISH:LEG038-2'),
    (11, 'Rowan Bench', 5, 14, 'https://content.cylindo.com/api/v2/4472/products/ROWN.FABRIC.BENCH.STNDRD/frames/1/ROWN.FABRIC.BENCH.STNDRD.JPG?background=FFFFFF&feature=COLOR:SE-166'),
    (12, 'Ines Bench', 6, 14, 'https://content.cylindo.com/api/v2/4472/products/INES.FABRIC.BENCH.STNDRD/frames/1/INES.FABRIC.BENCH.STNDRD.JPG?background=FFFFFF&feature=COLOR:CU-155&feature=BELT:2210A');
INSERT INTO "options"(category_id, option_name)
VALUES
    (14, 'Chất liệu'),
    (14, 'Chất liệu chân');
INSERT INTO "product_variant"(product_id, image, price, quantity, sku)
VALUES
    (9, 'https://content.cylindo.com/api/v2/4472/products/OTTO.FABRIC.BENCH.STNDRD/frames/1/OTTO.FABRIC.BENCH.STNDRD.JPG?background=FFFFFF&feature=COLOR:SE-173&feature=FINISH:Leg039-1', 645, 10, 'OTTO.FABRIC.BENCH.STNDRD - SE-173 - Leg039-1'),
    (9, 'https://content.cylindo.com/api/v2/4472/products/OTTO.FABRIC.BENCH.STNDRD/frames/1/OTTO.FABRIC.BENCH.STNDRD.JPG?background=FFFFFF&feature=COLOR:SE-173&feature=FINISH:Leg039-2', 645, 10, 'OTTO.FABRIC.BENCH.STNDRD - SE-173 - Leg039-2'),
    (9, 'https://content.cylindo.com/api/v2/4472/products/OTTO.FABRIC.BENCH.STNDRD/frames/1/OTTO.FABRIC.BENCH.STNDRD.JPG?background=FFFFFF&feature=COLOR:SE-161&feature=FINISH:Leg039-1', 645, 10, 'OTTO.FABRIC.BENCH.STNDRD - SE-161 - Leg039-1'),
    (9, 'https://content.cylindo.com/api/v2/4472/products/OTTO.FABRIC.BENCH.STNDRD/frames/1/OTTO.FABRIC.BENCH.STNDRD.JPG?background=FFFFFF&feature=COLOR:SE-161&feature=FINISH:Leg039-2', 645, 10, 'OTTO.FABRIC.BENCH.STNDRD - SE-161 - Leg039-2'),
    (9, 'https://content.cylindo.com/api/v2/4472/products/OTTO.FABRIC.BENCH.STNDRD/frames/1/OTTO.FABRIC.BENCH.STNDRD.JPG?background=FFFFFF&feature=COLOR:SE-167&feature=FINISH:Leg039-1', 645, 10, 'OTTO.FABRIC.BENCH.STNDRD - SE-167 - Leg039-1'),
    (9, 'https://content.cylindo.com/api/v2/4472/products/OTTO.FABRIC.BENCH.STNDRD/frames/1/OTTO.FABRIC.BENCH.STNDRD.JPG?background=FFFFFF&feature=COLOR:SE-167&feature=FINISH:Leg039-2', 645, 10, 'OTTO.FABRIC.BENCH.STNDRD - SE-167 - Leg039-2'),
    (9, 'https://content.cylindo.com/api/v2/4472/products/OTTO.FABRIC.BENCH.STNDRD/frames/1/OTTO.FABRIC.BENCH.STNDRD.JPG?background=FFFFFF&feature=COLOR:SE-171&feature=FINISH:Leg039-1', 645, 10, 'OTTO.FABRIC.BENCH.STNDRD - SE-171 - Leg039-1'),
    (9, 'https://content.cylindo.com/api/v2/4472/products/OTTO.FABRIC.BENCH.STNDRD/frames/1/OTTO.FABRIC.BENCH.STNDRD.JPG?background=FFFFFF&feature=COLOR:SE-171&feature=FINISH:Leg039-2', 645, 10, 'OTTO.FABRIC.BENCH.STNDRD - SE-171 - Leg039-2'),
    (10, 'https://content.cylindo.com/api/v2/4472/products/MLLR.FABRIC.BENCH.STNDRD/frames/1/MLLR.FABRIC.BENCH.STNDRD.JPG?background=FFFFFF&feature=COLOR:ROY-001&feature=FINISH:Leg038-1', 645, 10, 'MLLR.FABRIC.BENCH.STNDRD - ROY-001 - Leg038-1'),
    (10, 'https://content.cylindo.com/api/v2/4472/products/MLLR.FABRIC.BENCH.STNDRD/frames/1/MLLR.FABRIC.BENCH.STNDRD.JPG?background=FFFFFF&feature=COLOR:ROY-001&feature=FINISH:Leg038-2', 645, 10, 'MLLR.FABRIC.BENCH.STNDRD - ROY-001 - Leg038-2'),
    (10, 'https://content.cylindo.com/api/v2/4472/products/MLLR.FABRIC.BENCH.STNDRD/frames/1/MLLR.FABRIC.BENCH.STNDRD.JPG?background=FFFFFF&feature=COLOR:ROY-004&feature=FINISH:Leg038-1', 645, 10, 'MLLR.FABRIC.BENCH.STNDRD - ROY-004 - Leg038-1'),
    (10, 'https://content.cylindo.com/api/v2/4472/products/MLLR.FABRIC.BENCH.STNDRD/frames/1/MLLR.FABRIC.BENCH.STNDRD.JPG?background=FFFFFF&feature=COLOR:ROY-004&feature=FINISH:Leg038-2', 645, 10, 'MLLR.FABRIC.BENCH.STNDRD - ROY-004 - Leg038-2'),
    (10, 'https://content.cylindo.com/api/v2/4472/products/MLLR.FABRIC.BENCH.STNDRD/frames/1/MLLR.FABRIC.BENCH.STNDRD.JPG?background=FFFFFF&feature=COLOR:ROY-006&feature=FINISH:Leg038-1', 645, 10, 'MLLR.FABRIC.BENCH.STNDRD - ROY-006 - Leg038-1'),
    (10, 'https://content.cylindo.com/api/v2/4472/products/MLLR.FABRIC.BENCH.STNDRD/frames/1/MLLR.FABRIC.BENCH.STNDRD.JPG?background=FFFFFF&feature=COLOR:ROY-006&feature=FINISH:Leg038-2', 645, 10, 'MLLR.FABRIC.BENCH.STNDRD - ROY-006 - Leg038-2'),
    (10, 'https://content.cylindo.com/api/v2/4472/products/MLLR.FABRIC.BENCH.STNDRD/frames/1/MLLR.FABRIC.BENCH.STNDRD.JPG?background=FFFFFF&feature=COLOR:ROY-010&feature=FINISH:Leg038-1', 645, 10, 'MLLR.FABRIC.BENCH.STNDRD - ROY-010 - Leg038-1'),
    (10, 'https://content.cylindo.com/api/v2/4472/products/MLLR.FABRIC.BENCH.STNDRD/frames/1/MLLR.FABRIC.BENCH.STNDRD.JPG?background=FFFFFF&feature=COLOR:ROY-010&feature=FINISH:Leg038-2', 645, 10, 'MLLR.FABRIC.BENCH.STNDRD - ROY-010 - Leg038-2'),
    (11, 'https://content.cylindo.com/api/v2/4472/products/ROWN.FABRIC.BENCH.STNDRD/frames/1/ROWN.FABRIC.BENCH.STNDRD.JPG?background=FFFFFF&feature=COLOR:SE-166', 545, 10, 'ROWN.FABRIC.BENCH.STNDRD - SE-166'),
    (11, 'https://content.cylindo.com/api/v2/4472/products/ROWN.FABRIC.BENCH.STNDRD/frames/1/ROWN.FABRIC.BENCH.STNDRD.JPG?background=FFFFFF&feature=COLOR:SE-161', 545, 10, 'ROWN.FABRIC.BENCH.STNDRD - SE-161'),
    (11, 'https://content.cylindo.com/api/v2/4472/products/ROWN.FABRIC.BENCH.STNDRD/frames/1/ROWN.FABRIC.BENCH.STNDRD.JPG?background=FFFFFF&feature=COLOR:SE-167', 545, 10, 'ROWN.FABRIC.BENCH.STNDRD - SE-167'),
    (11, 'https://content.cylindo.com/api/v2/4472/products/ROWN.FABRIC.BENCH.STNDRD/frames/1/ROWN.FABRIC.BENCH.STNDRD.JPG?background=FFFFFF&feature=COLOR:SE-171', 545, 10, 'ROWN.FABRIC.BENCH.STNDRD - SE-171'),
    (12, 'https://content.cylindo.com/api/v2/4472/products/INES.FABRIC.BENCH.STNDRD/frames/1/INES.FABRIC.BENCH.STNDRD.JPG?background=FFFFFF&feature=COLOR:CU-155&feature=BELT:2210A', 595, 10, 'INES.FABRIC.BENCH.STNDRD - CU-155'),
    (12, 'https://content.cylindo.com/api/v2/4472/products/INES.FABRIC.BENCH.STNDRD/frames/1/INES.FABRIC.BENCH.STNDRD.JPG?background=FFFFFF&feature=COLOR:CU-151&feature=BELT:2210A', 595, 10, 'INES.FABRIC.BENCH.STNDRD - CU-151'),
    (12, 'https://content.cylindo.com/api/v2/4472/products/INES.FABRIC.BENCH.STNDRD/frames/1/INES.FABRIC.BENCH.STNDRD.JPG?background=FFFFFF&feature=COLOR:CU-152&feature=BELT:2210A', 595, 10, 'INES.FABRIC.BENCH.STNDRD - CU-152'),
    (12, 'https://content.cylindo.com/api/v2/4472/products/INES.FABRIC.BENCH.STNDRD/frames/1/INES.FABRIC.BENCH.STNDRD.JPG?background=FFFFFF&feature=COLOR:CU-153&feature=BELT:2210A', 595, 10, 'INES.FABRIC.BENCH.STNDRD - CU-153');
INSERT INTO "variant_value"(option_id, variant_id, option_value)
VALUES
    (5, 9, 'Sage'),
    (6, 9, 'Matte Black'),
    (5, 10, 'Sage'),
    (6, 10, 'Matte Brass'),
    (5, 11, 'Coral'),
    (6, 11, 'Matte Black'),
    (5, 12, 'Coral'),
    (6, 12, 'Matte Brass'),
    (5, 13, 'Rust'),
    (6, 13, 'Matte Black'),
    (5, 14, 'Rust'),
    (6, 14, 'Matte Brass'),
    (5, 15, 'Wine'),
    (6, 15, 'Matte Black'),
    (5, 16, 'Wine'),
    (6, 16, 'Matte Brass'),
    (5, 17, 'Cobalt'),
    (6, 17, 'Matte Black'),
    (5, 18, 'Cobalt'),
    (6, 18, 'Matte Brass'),
    (5, 19, 'Bloom'),
    (6, 19, 'Matte Black'),
    (5, 20, 'Bloom'),
    (6, 20, 'Matte Brass'),
    (5, 21, 'Camel'),
    (6, 21, 'Matte Black'),
    (5, 22, 'Camel'),
    (6, 22, 'Matte Brass'),
    (5, 23, 'Celadon'),
    (6, 23, 'Matte Black'),
    (5, 24, 'Celadon'),
    (6, 24, 'Matte Brass'),
    (5, 25, 'Peacock'),
    (6, 25, null),
    (5, 26, 'Coral'),
    (6, 26, null),
    (5, 27, 'Rust'),
    (6, 27, null),
    (5, 28, 'Wine'),
    (6, 28, null),
    (5, 29, 'Chalk'),
    (6, 29, null),
    (5, 30, 'Pebble'),
    (6, 30, null),
    (5, 31, 'Azure'),
    (6, 31, null),
    (5, 32, 'Coal'),
    (6, 32, null);
INSERT INTO "product"(product_id, product_name, brand_id, category_id, image)
VALUES
    (13, 'Sloan Ottoman', 1, 11, 'https://content.cylindo.com/api/v2/4472/products/SLON.FABRIC.OTTO.STNDRD/frames/1/SLON.FABRIC.OTTO.STNDRD.JPG?background=FFFFFF&feature=COLOR:BI-132&feature=FINISH:LEG001-1'),
    (14, 'Tatum Leather Modular Square Ottoman', 7, 11, 'https://content.cylindo.com/api/v2/4472/products/TATM.LEATHR.UNIT.OTTOMAN/frames/1/TATM.LEATHR.UNIT.OTTOMAN.JPG?background=FFFFFF&feature=COLOR:8519A&feature=STORAGE:CLOSE'),
    (15, 'Maxwell Ottoman', 2, 11, 'https://content.cylindo.com/api/v2/4472/products/MXWL.FABRIC.OTTO.STNDRD/frames/1/MXWL.FABRIC.OTTO.STNDRD.JPG?background=FFFFFF&feature=COLOR:AK-618-16&feature=FINISH:LEG014-3'),
    (16, 'Colten Round Stool Ottoman', 8, 12, 'https://content.cylindo.com/api/v2/4472/products/COLT.FABRIC.OTTO.STNDRD/frames/1/COLT.FABRIC.OTTO.STNDRD.JPG?background=FFFFFF&feature=COLOR:SE-170&feature=SIZE:20');
INSERT INTO "options"(category_id, option_name)
VALUES
    (11, 'Chất liệu'),
    (11, 'Chất liệu chân'),
    (12, 'Chất liệu'),
    (12, 'Chất liệu chân');
INSERT INTO "product_variant"(product_id, image, price, quantity, sku)
VALUES
    (13, 'https://content.cylindo.com/api/v2/4472/products/SLON.FABRIC.OTTO.STNDRD/frames/1/SLON.FABRIC.OTTO.STNDRD.JPG?background=FFFFFF&feature=COLOR:BI-132&feature=FINISH:Leg001-1', 545, 10, 'SLON.FABRIC.OTTO.STNDRD - BI-132 - Leg001-1'),
    (13, 'https://content.cylindo.com/api/v2/4472/products/SLON.FABRIC.OTTO.STNDRD/frames/1/SLON.FABRIC.OTTO.STNDRD.JPG?background=FFFFFF&feature=COLOR:BI-132&feature=FINISH:Leg001-2', 545, 10, 'SLON.FABRIC.OTTO.STNDRD - BI-132 - Leg001-2'),
    (13, 'https://content.cylindo.com/api/v2/4472/products/SLON.FABRIC.OTTO.STNDRD/frames/1/SLON.FABRIC.OTTO.STNDRD.JPG?background=FFFFFF&feature=COLOR:BI-132&feature=FINISH:Leg001-3', 545, 10, 'SLON.FABRIC.OTTO.STNDRD - BI-132 - Leg001-3'),
    (13, 'https://content.cylindo.com/api/v2/4472/products/SLON.FABRIC.OTTO.STNDRD/frames/1/SLON.FABRIC.OTTO.STNDRD.JPG?background=FFFFFF&feature=COLOR:BI-134&feature=FINISH:Leg001-1', 545, 10, 'SLON.FABRIC.OTTO.STNDRD - BI-134 - Leg001-1'),
    (13, 'https://content.cylindo.com/api/v2/4472/products/SLON.FABRIC.OTTO.STNDRD/frames/1/SLON.FABRIC.OTTO.STNDRD.JPG?background=FFFFFF&feature=COLOR:BI-134&feature=FINISH:Leg001-2', 545, 10, 'SLON.FABRIC.OTTO.STNDRD - BI-134 - Leg001-2'),
    (13, 'https://content.cylindo.com/api/v2/4472/products/SLON.FABRIC.OTTO.STNDRD/frames/1/SLON.FABRIC.OTTO.STNDRD.JPG?background=FFFFFF&feature=COLOR:BI-134&feature=FINISH:Leg001-3', 545, 10, 'SLON.FABRIC.OTTO.STNDRD - BI-134 - Leg001-3'),
    (13, 'https://content.cylindo.com/api/v2/4472/products/SLON.FABRIC.OTTO.STNDRD/frames/1/SLON.FABRIC.OTTO.STNDRD.JPG?background=FFFFFF&feature=COLOR:BI-133&feature=FINISH:Leg001-1', 545, 10, 'SLON.FABRIC.OTTO.STNDRD - BI-133 - Leg001-1'),
    (13, 'https://content.cylindo.com/api/v2/4472/products/SLON.FABRIC.OTTO.STNDRD/frames/1/SLON.FABRIC.OTTO.STNDRD.JPG?background=FFFFFF&feature=COLOR:BI-133&feature=FINISH:Leg001-2', 545, 10, 'SLON.FABRIC.OTTO.STNDRD - BI-133 - Leg001-2'),
    (13, 'https://content.cylindo.com/api/v2/4472/products/SLON.FABRIC.OTTO.STNDRD/frames/1/SLON.FABRIC.OTTO.STNDRD.JPG?background=FFFFFF&feature=COLOR:BI-133&feature=FINISH:Leg001-3', 545, 10, 'SLON.FABRIC.OTTO.STNDRD - BI-133 - Leg001-3'),
    (13, 'https://content.cylindo.com/api/v2/4472/products/SLON.FABRIC.OTTO.STNDRD/frames/1/SLON.FABRIC.OTTO.STNDRD.JPG?background=FFFFFF&feature=COLOR:SE-161&feature=FINISH:Leg001-1', 545, 10, 'SLON.FABRIC.OTTO.STNDRD - SE-161 - Leg001-1'),
    (13, 'https://content.cylindo.com/api/v2/4472/products/SLON.FABRIC.OTTO.STNDRD/frames/1/SLON.FABRIC.OTTO.STNDRD.JPG?background=FFFFFF&feature=COLOR:SE-161&feature=FINISH:Leg001-2', 545, 10, 'SLON.FABRIC.OTTO.STNDRD - SE-161 - Leg001-2'),
    (13, 'https://content.cylindo.com/api/v2/4472/products/SLON.FABRIC.OTTO.STNDRD/frames/1/SLON.FABRIC.OTTO.STNDRD.JPG?background=FFFFFF&feature=COLOR:SE-161&feature=FINISH:Leg001-3', 545, 10, 'SLON.FABRIC.OTTO.STNDRD - SE-161 - Leg001-3'),
    (14, 'https://content.cylindo.com/api/v2/4472/products/TATM.LEATHR.UNIT.OTTOMAN/frames/1/TATM.LEATHR.UNIT.OTTOMAN.JPG?background=FFFFFF&feature=COLOR:8519A&feature=STORAGE:CLOSE', 1395, 10, 'TATM.LEATHR.UNIT.OTTOMAN - 8519A'),
    (14, 'https://content.cylindo.com/api/v2/4472/products/TATM.LEATHR.UNIT.OTTOMAN/frames/1/TATM.LEATHR.UNIT.OTTOMAN.JPG?background=FFFFFF&feature=COLOR:LTHR-02&feature=STORAGE:CLOSE', 1395, 10, 'TATM.LEATHR.UNIT.OTTOMAN - LTHR-02'),
    (14, 'https://content.cylindo.com/api/v2/4472/products/TATM.LEATHR.UNIT.OTTOMAN/frames/1/TATM.LEATHR.UNIT.OTTOMAN.JPG?background=FFFFFF&feature=COLOR:2210A&feature=STORAGE:CLOSE', 1395, 10, 'TATM.LEATHR.UNIT.OTTOMAN - 2210A'),
    (14, 'https://content.cylindo.com/api/v2/4472/products/TATM.LEATHR.UNIT.OTTOMAN/frames/1/TATM.LEATHR.UNIT.OTTOMAN.JPG?background=FFFFFF&feature=COLOR:LTHR-01&feature=STORAGE:CLOSE', 1395, 10, 'TATM.LEATHR.UNIT.OTTOMAN - LTHR-01'),
    (15, 'https://content.cylindo.com/api/v2/4472/products/MXWL.FABRIC.OTTO.STNDRD/frames/1/MXWL.FABRIC.OTTO.STNDRD.JPG?background=FFFFFF&feature=COLOR:AK-618-16&feature=FINISH:Leg014-2', 495, 10, 'MXWL.FABRIC.OTTO.STNDRD - AK-618-16 - Leg014-2'),
    (15, 'https://content.cylindo.com/api/v2/4472/products/MXWL.FABRIC.OTTO.STNDRD/frames/1/MXWL.FABRIC.OTTO.STNDRD.JPG?background=FFFFFF&feature=COLOR:AK-618-16&feature=FINISH:Leg014-1', 495, 10, 'MXWL.FABRIC.OTTO.STNDRD - AK-618-16 - Leg014-1'),
    (15, 'https://content.cylindo.com/api/v2/4472/products/MXWL.FABRIC.OTTO.STNDRD/frames/1/MXWL.FABRIC.OTTO.STNDRD.JPG?background=FFFFFF&feature=COLOR:AK-618-16&feature=FINISH:Leg014-3', 495, 10, 'MXWL.FABRIC.OTTO.STNDRD - AK-618-16 - Leg014-3'),
    (15, 'https://content.cylindo.com/api/v2/4472/products/MXWL.FABRIC.OTTO.STNDRD/frames/1/MXWL.FABRIC.OTTO.STNDRD.JPG?background=FFFFFF&feature=COLOR:AK-618-175&feature=FINISH:Leg014-2', 495, 10, 'MXWL.FABRIC.OTTO.STNDRD - AK-618-175 - Leg014-2'),
    (15, 'https://content.cylindo.com/api/v2/4472/products/MXWL.FABRIC.OTTO.STNDRD/frames/1/MXWL.FABRIC.OTTO.STNDRD.JPG?background=FFFFFF&feature=COLOR:AK-618-175&feature=FINISH:Leg014-1', 495, 10, 'MXWL.FABRIC.OTTO.STNDRD - AK-618-175 - Leg014-1'),
    (15, 'https://content.cylindo.com/api/v2/4472/products/MXWL.FABRIC.OTTO.STNDRD/frames/1/MXWL.FABRIC.OTTO.STNDRD.JPG?background=FFFFFF&feature=COLOR:AK-618-175&feature=FINISH:Leg014-3', 495, 10, 'MXWL.FABRIC.OTTO.STNDRD - AK-618-175 - Leg014-3'),
    (15, 'https://content.cylindo.com/api/v2/4472/products/MXWL.FABRIC.OTTO.STNDRD/frames/1/MXWL.FABRIC.OTTO.STNDRD.JPG?background=FFFFFF&feature=COLOR:AK-618-21&feature=FINISH:Leg014-2', 495, 10, 'MXWL.FABRIC.OTTO.STNDRD - AK-618-21 - Leg014-2'),
    (15, 'https://content.cylindo.com/api/v2/4472/products/MXWL.FABRIC.OTTO.STNDRD/frames/1/MXWL.FABRIC.OTTO.STNDRD.JPG?background=FFFFFF&feature=COLOR:AK-618-21&feature=FINISH:Leg014-1', 495, 10, 'MXWL.FABRIC.OTTO.STNDRD - AK-618-21 - Leg014-1'),
    (15, 'https://content.cylindo.com/api/v2/4472/products/MXWL.FABRIC.OTTO.STNDRD/frames/1/MXWL.FABRIC.OTTO.STNDRD.JPG?background=FFFFFF&feature=COLOR:AK-618-21&feature=FINISH:Leg014-3', 495, 10, 'MXWL.FABRIC.OTTO.STNDRD - AK-618-21 - Leg014-3'),
    (15, 'https://content.cylindo.com/api/v2/4472/products/MXWL.FABRIC.OTTO.STNDRD/frames/1/MXWL.FABRIC.OTTO.STNDRD.JPG?background=FFFFFF&feature=COLOR:AK-618-134&feature=FINISH:Leg014-2', 495, 10, 'MXWL.FABRIC.OTTO.STNDRD - AK-618-134 - Leg014-2'),
    (15, 'https://content.cylindo.com/api/v2/4472/products/MXWL.FABRIC.OTTO.STNDRD/frames/1/MXWL.FABRIC.OTTO.STNDRD.JPG?background=FFFFFF&feature=COLOR:AK-618-134&feature=FINISH:Leg014-1', 495, 10, 'MXWL.FABRIC.OTTO.STNDRD - AK-618-134 - Leg014-1'),
    (15, 'https://content.cylindo.com/api/v2/4472/products/MXWL.FABRIC.OTTO.STNDRD/frames/1/MXWL.FABRIC.OTTO.STNDRD.JPG?background=FFFFFF&feature=COLOR:AK-618-134&feature=FINISH:Leg014-3', 495, 10, 'MXWL.FABRIC.OTTO.STNDRD - AK-618-134 - Leg014-3'),
    (16, 'https://content.cylindo.com/api/v2/4472/products/COLT.FABRIC.OTTO.STNDRD/frames/1/COLT.FABRIC.OTTO.STNDRD.JPG?background=FFFFFF&feature=COLOR:SE-170&feature=SIZE:20', 245, 10, 'COLT.FABRIC.OTTO.STNDRD - SE-170'),
    (16, 'https://content.cylindo.com/api/v2/4472/products/COLT.FABRIC.OTTO.STNDRD/frames/1/COLT.FABRIC.OTTO.STNDRD.JPG?background=FFFFFF&feature=COLOR:SE-161&feature=SIZE:20', 245, 10, 'COLT.FABRIC.OTTO.STNDRD - SE-161'),
    (16, 'https://content.cylindo.com/api/v2/4472/products/COLT.FABRIC.OTTO.STNDRD/frames/1/COLT.FABRIC.OTTO.STNDRD.JPG?background=FFFFFF&feature=COLOR:SE-167&feature=SIZE:20', 245, 10, 'COLT.FABRIC.OTTO.STNDRD - SE-167'),
    (16, 'https://content.cylindo.com/api/v2/4472/products/COLT.FABRIC.OTTO.STNDRD/frames/1/COLT.FABRIC.OTTO.STNDRD.JPG?background=FFFFFF&feature=COLOR:SE-171&feature=SIZE:20', 245, 10, 'COLT.FABRIC.OTTO.STNDRD - SE-171');
INSERT INTO "variant_value"(option_id, variant_id, option_value)
VALUES
    (7, 13, 'Opal'),
    (8, 13, 'Oiled Walnut'),
    (7, 14, 'Opal'),
    (8, 14, 'Natural Oak'),
    (7, 15, 'Opal'),
    (8, 15, 'Painted Black'),
    (7, 16, 'Abyss'),
    (8, 16, 'Oiled Walnut'),
    (7, 17, 'Abyss'),
    (8, 17, 'Natural Oak'),
    (7, 18, 'Abyss'),
    (8, 18, 'Painted Black'),
    (7, 19, 'Pepper'),
    (8, 19, 'Oiled Walnut'),
    (7, 20, 'Pepper'),
    (8, 20, 'Natural Oak'),
    (7, 21, 'Pepper'),
    (8, 21, 'Painted Black'),
    (7, 22, 'Coral'),
    (8, 22, 'Oiled Walnut'),
    (7, 23, 'Coral'),
    (8, 23, 'Natural Oak'),
    (7, 24, 'Coral'),
    (8, 24, 'Painted Black'),
    (7, 25, 'Pecan'),
    (8, 25, null),
    (7, 26, 'Fossil'),
    (8, 26, null),
    (7, 27, 'Palomino'),
    (8, 27, null),
    (7, 28, 'Cognac'),
    (8, 28, null),
    (7, 29, 'Greige'),
    (8, 29, 'Matte Black'),
    (7, 30, 'Greige'),
    (8, 30, 'Natural Oak'),
    (7, 31, 'Greige'),
    (8, 31, 'Oiled Walnut'),
    (7, 32, 'Blush'),
    (8, 32, 'Matte Black'),
    (7, 33, 'Blush'),
    (8, 33, 'Natural Oak'),
    (7, 34, 'Blush'),
    (8, 34, 'Oiled Walnut'),
    (7, 35, 'Citrine'),
    (8, 35, 'Matte Black'),
    (7, 36, 'Citrine'),
    (8, 36, 'Natural Oak'),
    (7, 37, 'Citrine'),
    (8, 37, 'Oiled Walnut'),
    (7, 38, 'Moss'),
    (8, 38, 'Matte Black'),
    (7, 39, 'Moss'),
    (8, 39, 'Natural Oak'),
    (7, 40, 'Moss'),
    (8, 40, 'Oiled Walnut'),
    (7, 41, 'Marigold'),
    (8, 41, null),
    (7, 42, 'Coral'),
    (8, 42, null),
    (7, 43, 'Rust'),
    (8, 43, null),
    (7, 44, 'Wine'),
    (8, 44, null);
INSERT INTO "product"(product_id, product_name, brand_id, category_id, image)
VALUES
    (17, 'Maxwell Accent Chair', 2, 16, 'https://content.cylindo.com/api/v2/4472/products/MXWL.FABRIC.CHAR.ACCENT/frames/1/MXWL.FABRIC.CHAR.ACCENT.JPG?background=FFFFFF&feature=COLOR:AK-618-16&feature=FINISH:LEG014-3'),
    (18, 'Maxwell Slipcovered Accent Chair', 2, 16, 'https://content.cylindo.com/api/v2/4472/products/MXWL.SLPCOV.CHAR.ACCENT/frames/1/MXWL.SLPCOV.CHAR.ACCENT.JPG?background=FFFFFF&feature=COLOR:CW-001&feature=FINISH:LEG016-1'),
    (19, 'Maxwell Chaise Lounge', 2, 16, 'https://content.cylindo.com/api/v2/4472/products/MXWL.FABRIC.CHSE.CHAISE/frames/1/MXWL.FABRIC.CHSE.CHAISE.JPG?background=FFFFFF&feature=COLOR:AK-618-16&feature=FINISH:LEG014-3'),
    (20, 'Sloan Petite Chair', 1, 16, 'https://content.cylindo.com/api/v2/4472/products/SLON.FABRIC.CHAR.PETITE/frames/1/SLON.FABRIC.CHAR.PETITE.JPG?background=FFFFFF&feature=COLOR:BI-132&feature=FINISH:LEG001-1');
INSERT INTO "options"(category_id, option_name)
VALUES
    (16, 'Chất liệu'),
    (16, 'Chất liệu chân');
INSERT INTO "product_variant"(product_id, image, price, quantity, sku)
VALUES
    (17, 'https://content.cylindo.com/api/v2/4472/products/MXWL.FABRIC.CHAR.ACCENT/frames/1/MXWL.FABRIC.CHAR.ACCENT.JPG?background=FFFFFF&feature=COLOR:AK-618-16&feature=FINISH:Leg014-2', 895, 10, 'MXWL.FABRIC.CHAR.ACCENT - AK-618-16 - Leg014-2'),
    (17, 'https://content.cylindo.com/api/v2/4472/products/MXWL.FABRIC.CHAR.ACCENT/frames/1/MXWL.FABRIC.CHAR.ACCENT.JPG?background=FFFFFF&feature=COLOR:AK-618-16&feature=FINISH:Leg014-1', 895, 10, 'MXWL.FABRIC.CHAR.ACCENT - AK-618-16 - Leg014-1'),
    (17, 'https://content.cylindo.com/api/v2/4472/products/MXWL.FABRIC.CHAR.ACCENT/frames/1/MXWL.FABRIC.CHAR.ACCENT.JPG?background=FFFFFF&feature=COLOR:AK-618-16&feature=FINISH:Leg014-3', 895, 10, 'MXWL.FABRIC.CHAR.ACCENT - AK-618-16 - Leg014-3'),
    (17, 'https://content.cylindo.com/api/v2/4472/products/MXWL.FABRIC.CHAR.ACCENT/frames/1/MXWL.FABRIC.CHAR.ACCENT.JPG?background=FFFFFF&feature=COLOR:AK-618-175&feature=FINISH:Leg014-2', 895, 10, 'MXWL.FABRIC.CHAR.ACCENT - AK-618-175 - Leg014-2'),
    (17, 'https://content.cylindo.com/api/v2/4472/products/MXWL.FABRIC.CHAR.ACCENT/frames/1/MXWL.FABRIC.CHAR.ACCENT.JPG?background=FFFFFF&feature=COLOR:AK-618-175&feature=FINISH:Leg014-1', 895, 10, 'MXWL.FABRIC.CHAR.ACCENT - AK-618-175 - Leg014-1'),
    (17, 'https://content.cylindo.com/api/v2/4472/products/MXWL.FABRIC.CHAR.ACCENT/frames/1/MXWL.FABRIC.CHAR.ACCENT.JPG?background=FFFFFF&feature=COLOR:AK-618-175&feature=FINISH:Leg014-3', 895, 10, 'MXWL.FABRIC.CHAR.ACCENT - AK-618-175 - Leg014-3'),
    (17, 'https://content.cylindo.com/api/v2/4472/products/MXWL.FABRIC.CHAR.ACCENT/frames/1/MXWL.FABRIC.CHAR.ACCENT.JPG?background=FFFFFF&feature=COLOR:AK-618-21&feature=FINISH:Leg014-2', 895, 10, 'MXWL.FABRIC.CHAR.ACCENT - AK-618-21 - Leg014-2'),
    (17, 'https://content.cylindo.com/api/v2/4472/products/MXWL.FABRIC.CHAR.ACCENT/frames/1/MXWL.FABRIC.CHAR.ACCENT.JPG?background=FFFFFF&feature=COLOR:AK-618-21&feature=FINISH:Leg014-1', 895, 10, 'MXWL.FABRIC.CHAR.ACCENT - AK-618-21 - Leg014-1'),
    (17, 'https://content.cylindo.com/api/v2/4472/products/MXWL.FABRIC.CHAR.ACCENT/frames/1/MXWL.FABRIC.CHAR.ACCENT.JPG?background=FFFFFF&feature=COLOR:AK-618-21&feature=FINISH:Leg014-3', 895, 10, 'MXWL.FABRIC.CHAR.ACCENT - AK-618-21 - Leg014-3'),
    (17, 'https://content.cylindo.com/api/v2/4472/products/MXWL.FABRIC.CHAR.ACCENT/frames/1/MXWL.FABRIC.CHAR.ACCENT.JPG?background=FFFFFF&feature=COLOR:AK-618-134&feature=FINISH:Leg014-2', 895, 10, 'MXWL.FABRIC.CHAR.ACCENT - AK-618-134 - Leg014-2'),
    (17, 'https://content.cylindo.com/api/v2/4472/products/MXWL.FABRIC.CHAR.ACCENT/frames/1/MXWL.FABRIC.CHAR.ACCENT.JPG?background=FFFFFF&feature=COLOR:AK-618-134&feature=FINISH:Leg014-1', 895, 10, 'MXWL.FABRIC.CHAR.ACCENT - AK-618-134 - Leg014-1'),
    (17, 'https://content.cylindo.com/api/v2/4472/products/MXWL.FABRIC.CHAR.ACCENT/frames/1/MXWL.FABRIC.CHAR.ACCENT.JPG?background=FFFFFF&feature=COLOR:AK-618-134&feature=FINISH:Leg014-3', 895, 10, 'MXWL.FABRIC.CHAR.ACCENT - AK-618-134 - Leg014-3'),
    (18, 'https://content.cylindo.com/api/v2/4472/products/MXWL.SLPCOV.CHAR.ACCENT/frames/1/MXWL.SLPCOV.CHAR.ACCENT.JPG?background=FFFFFF&feature=COLOR:CW-001&feature=FINISH:Leg016-1', 895, 10, 'MXWL.SLPCOV.CHAR.ACCENT - CW-001 - Leg016-1'),
    (18, 'https://content.cylindo.com/api/v2/4472/products/MXWL.SLPCOV.CHAR.ACCENT/frames/1/MXWL.SLPCOV.CHAR.ACCENT.JPG?background=FFFFFF&feature=COLOR:CW-001&feature=FINISH:Leg016-2', 895, 10, 'MXWL.SLPCOV.CHAR.ACCENT - CW-001 - Leg016-2'),
    (18, 'https://content.cylindo.com/api/v2/4472/products/MXWL.SLPCOV.CHAR.ACCENT/frames/1/MXWL.SLPCOV.CHAR.ACCENT.JPG?background=FFFFFF&feature=COLOR:CW-001&feature=FINISH:Leg016-3', 895, 10, 'MXWL.SLPCOV.CHAR.ACCENT - CW-001 - Leg016-3'),
    (18, 'https://content.cylindo.com/api/v2/4472/products/MXWL.SLPCOV.CHAR.ACCENT/frames/1/MXWL.SLPCOV.CHAR.ACCENT.JPG?background=FFFFFF&feature=COLOR:CW-002&feature=FINISH:Leg016-1', 895, 10, 'MXWL.SLPCOV.CHAR.ACCENT - CW-002 - Leg016-1'),
    (18, 'https://content.cylindo.com/api/v2/4472/products/MXWL.SLPCOV.CHAR.ACCENT/frames/1/MXWL.SLPCOV.CHAR.ACCENT.JPG?background=FFFFFF&feature=COLOR:CW-002&feature=FINISH:Leg016-2', 895, 10, 'MXWL.SLPCOV.CHAR.ACCENT - CW-002 - Leg016-2'),
    (18, 'https://content.cylindo.com/api/v2/4472/products/MXWL.SLPCOV.CHAR.ACCENT/frames/1/MXWL.SLPCOV.CHAR.ACCENT.JPG?background=FFFFFF&feature=COLOR:CW-002&feature=FINISH:Leg016-3', 895, 10, 'MXWL.SLPCOV.CHAR.ACCENT - CW-002 - Leg016-3'),
    (18, 'https://content.cylindo.com/api/v2/4472/products/MXWL.SLPCOV.CHAR.ACCENT/frames/1/MXWL.SLPCOV.CHAR.ACCENT.JPG?background=FFFFFF&feature=COLOR:CW-006&feature=FINISH:Leg016-1', 895, 10, 'MXWL.SLPCOV.CHAR.ACCENT - CW-006 - Leg016-1'),
    (18, 'https://content.cylindo.com/api/v2/4472/products/MXWL.SLPCOV.CHAR.ACCENT/frames/1/MXWL.SLPCOV.CHAR.ACCENT.JPG?background=FFFFFF&feature=COLOR:CW-006&feature=FINISH:Leg016-2', 895, 10, 'MXWL.SLPCOV.CHAR.ACCENT - CW-006 - Leg016-2'),
    (18, 'https://content.cylindo.com/api/v2/4472/products/MXWL.SLPCOV.CHAR.ACCENT/frames/1/MXWL.SLPCOV.CHAR.ACCENT.JPG?background=FFFFFF&feature=COLOR:CW-006&feature=FINISH:Leg016-3', 895, 10, 'MXWL.SLPCOV.CHAR.ACCENT - CW-006 - Leg016-3'),
    (18, 'https://content.cylindo.com/api/v2/4472/products/MXWL.SLPCOV.CHAR.ACCENT/frames/1/MXWL.SLPCOV.CHAR.ACCENT.JPG?background=FFFFFF&feature=COLOR:MER-002&feature=FINISH:Leg016-1', 945, 10, 'MXWL.SLPCOV.CHAR.ACCENT - MER-002 - Leg016-1'),
    (18, 'https://content.cylindo.com/api/v2/4472/products/MXWL.SLPCOV.CHAR.ACCENT/frames/1/MXWL.SLPCOV.CHAR.ACCENT.JPG?background=FFFFFF&feature=COLOR:MER-002&feature=FINISH:Leg016-2', 945, 10, 'MXWL.SLPCOV.CHAR.ACCENT - MER-002 - Leg016-2'),
    (18, 'https://content.cylindo.com/api/v2/4472/products/MXWL.SLPCOV.CHAR.ACCENT/frames/1/MXWL.SLPCOV.CHAR.ACCENT.JPG?background=FFFFFF&feature=COLOR:MER-002&feature=FINISH:Leg016-3', 945, 10, 'MXWL.SLPCOV.CHAR.ACCENT - MER-002 - Leg016-3'),
    (19, 'https://content.cylindo.com/api/v2/4472/products/MXWL.FABRIC.CHSE.CHAISE/frames/1/MXWL.FABRIC.CHSE.CHAISE.JPG?background=FFFFFF&feature=COLOR:AK-618-16&feature=FINISH:Leg014-2', 1295, 10, 'MXWL.FABRIC.CHSE.CHAISE - AK-618-16 - Leg014-2'),
    (19, 'https://content.cylindo.com/api/v2/4472/products/MXWL.FABRIC.CHSE.CHAISE/frames/1/MXWL.FABRIC.CHSE.CHAISE.JPG?background=FFFFFF&feature=COLOR:AK-618-16&feature=FINISH:Leg014-1', 1295, 10, 'MXWL.FABRIC.CHSE.CHAISE - AK-618-16 - Leg014-1'),
    (19, 'https://content.cylindo.com/api/v2/4472/products/MXWL.FABRIC.CHSE.CHAISE/frames/1/MXWL.FABRIC.CHSE.CHAISE.JPG?background=FFFFFF&feature=COLOR:AK-618-16&feature=FINISH:Leg014-3', 1295, 10, 'MXWL.FABRIC.CHSE.CHAISE - AK-618-16 - Leg014-3'),
    (19, 'https://content.cylindo.com/api/v2/4472/products/MXWL.FABRIC.CHSE.CHAISE/frames/1/MXWL.FABRIC.CHSE.CHAISE.JPG?background=FFFFFF&feature=COLOR:AK-618-175&feature=FINISH:Leg014-2', 1295, 10, 'MXWL.FABRIC.CHSE.CHAISE - AK-618-175 - Leg014-2'),
    (19, 'https://content.cylindo.com/api/v2/4472/products/MXWL.FABRIC.CHSE.CHAISE/frames/1/MXWL.FABRIC.CHSE.CHAISE.JPG?background=FFFFFF&feature=COLOR:AK-618-175&feature=FINISH:Leg014-1', 1295, 10, 'MXWL.FABRIC.CHSE.CHAISE - AK-618-175 - Leg014-1'),
    (19, 'https://content.cylindo.com/api/v2/4472/products/MXWL.FABRIC.CHSE.CHAISE/frames/1/MXWL.FABRIC.CHSE.CHAISE.JPG?background=FFFFFF&feature=COLOR:AK-618-175&feature=FINISH:Leg014-3', 1295, 10, 'MXWL.FABRIC.CHSE.CHAISE - AK-618-175 - Leg014-3'),
    (19, 'https://content.cylindo.com/api/v2/4472/products/MXWL.FABRIC.CHSE.CHAISE/frames/1/MXWL.FABRIC.CHSE.CHAISE.JPG?background=FFFFFF&feature=COLOR:AK-618-21&feature=FINISH:Leg014-2', 1295, 10, 'MXWL.FABRIC.CHSE.CHAISE - AK-618-21 - Leg014-2'),
    (19, 'https://content.cylindo.com/api/v2/4472/products/MXWL.FABRIC.CHSE.CHAISE/frames/1/MXWL.FABRIC.CHSE.CHAISE.JPG?background=FFFFFF&feature=COLOR:AK-618-21&feature=FINISH:Leg014-1', 1295, 10, 'MXWL.FABRIC.CHSE.CHAISE - AK-618-21 - Leg014-1'),
    (19, 'https://content.cylindo.com/api/v2/4472/products/MXWL.FABRIC.CHSE.CHAISE/frames/1/MXWL.FABRIC.CHSE.CHAISE.JPG?background=FFFFFF&feature=COLOR:AK-618-21&feature=FINISH:Leg014-3', 1295, 10, 'MXWL.FABRIC.CHSE.CHAISE - AK-618-21 - Leg014-3'),
    (19, 'https://content.cylindo.com/api/v2/4472/products/MXWL.FABRIC.CHSE.CHAISE/frames/1/MXWL.FABRIC.CHSE.CHAISE.JPG?background=FFFFFF&feature=COLOR:AK-618-134&feature=FINISH:Leg014-2', 1295, 10, 'MXWL.FABRIC.CHSE.CHAISE - AK-618-134 - Leg014-2'),
    (19, 'https://content.cylindo.com/api/v2/4472/products/MXWL.FABRIC.CHSE.CHAISE/frames/1/MXWL.FABRIC.CHSE.CHAISE.JPG?background=FFFFFF&feature=COLOR:AK-618-134&feature=FINISH:Leg014-1', 1295, 10, 'MXWL.FABRIC.CHSE.CHAISE - AK-618-134 - Leg014-1'),
    (19, 'https://content.cylindo.com/api/v2/4472/products/MXWL.FABRIC.CHSE.CHAISE/frames/1/MXWL.FABRIC.CHSE.CHAISE.JPG?background=FFFFFF&feature=COLOR:AK-618-134&feature=FINISH:Leg014-3', 1295, 10, 'MXWL.FABRIC.CHSE.CHAISE - AK-618-134 - Leg014-3'),
    (20, 'https://content.cylindo.com/api/v2/4472/products/SLON.FABRIC.CHAR.PETITE/frames/1/SLON.FABRIC.CHAR.PETITE.JPG?background=FFFFFF&feature=COLOR:BI-132&feature=FINISH:Leg001-1', 845, 10, 'SLON.FABRIC.CHAR.PETITE - BI-132 - Leg001-1'),
    (20, 'https://content.cylindo.com/api/v2/4472/products/SLON.FABRIC.CHAR.PETITE/frames/1/SLON.FABRIC.CHAR.PETITE.JPG?background=FFFFFF&feature=COLOR:BI-132&feature=FINISH:Leg001-2', 845, 10, 'SLON.FABRIC.CHAR.PETITE - BI-132 - Leg001-2'),
    (20, 'https://content.cylindo.com/api/v2/4472/products/SLON.FABRIC.CHAR.PETITE/frames/1/SLON.FABRIC.CHAR.PETITE.JPG?background=FFFFFF&feature=COLOR:BI-132&feature=FINISH:Leg001-3', 845, 10, 'SLON.FABRIC.CHAR.PETITE - BI-132 - Leg001-3'),
    (20, 'https://content.cylindo.com/api/v2/4472/products/SLON.FABRIC.CHAR.PETITE/frames/1/SLON.FABRIC.CHAR.PETITE.JPG?background=FFFFFF&feature=COLOR:BI-134&feature=FINISH:Leg001-1', 845, 10, 'SLON.FABRIC.CHAR.PETITE - BI-134 - Leg001-1'),
    (20, 'https://content.cylindo.com/api/v2/4472/products/SLON.FABRIC.CHAR.PETITE/frames/1/SLON.FABRIC.CHAR.PETITE.JPG?background=FFFFFF&feature=COLOR:BI-134&feature=FINISH:Leg001-2', 845, 10, 'SLON.FABRIC.CHAR.PETITE - BI-134 - Leg001-2'),
    (20, 'https://content.cylindo.com/api/v2/4472/products/SLON.FABRIC.CHAR.PETITE/frames/1/SLON.FABRIC.CHAR.PETITE.JPG?background=FFFFFF&feature=COLOR:BI-134&feature=FINISH:Leg001-3', 845, 10, 'SLON.FABRIC.CHAR.PETITE - BI-134 - Leg001-3'),
    (20, 'https://content.cylindo.com/api/v2/4472/products/SLON.FABRIC.CHAR.PETITE/frames/1/SLON.FABRIC.CHAR.PETITE.JPG?background=FFFFFF&feature=COLOR:BI-133&feature=FINISH:Leg001-1', 845, 10, 'SLON.FABRIC.CHAR.PETITE - BI-133 - Leg001-1'),
    (20, 'https://content.cylindo.com/api/v2/4472/products/SLON.FABRIC.CHAR.PETITE/frames/1/SLON.FABRIC.CHAR.PETITE.JPG?background=FFFFFF&feature=COLOR:BI-133&feature=FINISH:Leg001-2', 845, 10, 'SLON.FABRIC.CHAR.PETITE - BI-133 - Leg001-2'),
    (20, 'https://content.cylindo.com/api/v2/4472/products/SLON.FABRIC.CHAR.PETITE/frames/1/SLON.FABRIC.CHAR.PETITE.JPG?background=FFFFFF&feature=COLOR:BI-133&feature=FINISH:Leg001-3', 845, 10, 'SLON.FABRIC.CHAR.PETITE - BI-133 - Leg001-3'),
    (20, 'https://content.cylindo.com/api/v2/4472/products/SLON.FABRIC.CHAR.PETITE/frames/1/SLON.FABRIC.CHAR.PETITE.JPG?background=FFFFFF&feature=COLOR:SE-161&feature=FINISH:Leg001-1', 845, 10, 'SLON.FABRIC.CHAR.PETITE - SE-161 - Leg001-1'),
    (20, 'https://content.cylindo.com/api/v2/4472/products/SLON.FABRIC.CHAR.PETITE/frames/1/SLON.FABRIC.CHAR.PETITE.JPG?background=FFFFFF&feature=COLOR:SE-161&feature=FINISH:Leg001-2', 845, 10, 'SLON.FABRIC.CHAR.PETITE - SE-161 - Leg001-2'),
    (20, 'https://content.cylindo.com/api/v2/4472/products/SLON.FABRIC.CHAR.PETITE/frames/1/SLON.FABRIC.CHAR.PETITE.JPG?background=FFFFFF&feature=COLOR:SE-161&feature=FINISH:Leg001-3', 845, 10, 'SLON.FABRIC.CHAR.PETITE - SE-161 - Leg001-3');
INSERT INTO "variant_value"(option_id, variant_id, option_value)
VALUES
    (9, 17, 'Greige'),
    (10, 17, 'Matte Black'),
    (9, 18, 'Greige'),
    (10, 18, 'Natural Oak'),
    (9, 19, 'Greige'),
    (10, 19, 'Oiled Walnut'),
    (9, 20, 'Blush'),
    (10, 20, 'Matte Black'),
    (9, 21, 'Blush'),
    (10, 21, 'Natural Oak'),
    (9, 22, 'Blush'),
    (10, 22, 'Oiled Walnut'),
    (9, 23, 'Citrine'),
    (10, 23, 'Matte Black'),
    (9, 24, 'Citrine'),
    (10, 24, 'Natural Oak'),
    (9, 25, 'Citrine'),
    (10, 25, 'Oiled Walnut'),
    (9, 26, 'Moss'),
    (10, 26, 'Matte Black'),
    (9, 27, 'Moss'),
    (10, 27, 'Natural Oak'),
    (9, 28, 'Moss'),
    (10, 28, 'Oiled Walnut'),
    (9, 29, 'Wheat'),
    (10, 29, 'Oiled Walnut with Brass Cap'),
    (9, 30, 'Wheat'),
    (10, 30, 'Natural Oak with Antique Cap'),
    (9, 31, 'Wheat'),
    (10, 31, 'Matte Black with Brass Cap'),
    (9, 32, 'Earth'),
    (10, 32, 'Oiled Walnut with Brass Cap'),
    (9, 33, 'Earth'),
    (10, 33, 'Natural Oak with Antique Cap'),
    (9, 34, 'Earth'),
    (10, 34, 'Matte Black with Brass Cap'),
    (9, 35, 'Rain'),
    (10, 35, 'Oiled Walnut with Brass Cap'),
    (9, 36, 'Rain'),
    (10, 36, 'Natural Oak with Antique Cap'),
    (9, 37, 'Rain'),
    (10, 37, 'Matte Black with Brass Cap'),
    (9, 38, 'Limestone'),
    (10, 38, 'Oiled Walnut with Brass Cap'),
    (9, 39, 'Limestone'),
    (10, 39, 'Natural Oak with Antique Cap'),
    (9, 40, 'Limestone'),
    (10, 40, 'Matte Black with Brass Cap'),
    (9, 41, 'Greige'),
    (10, 41, 'Matte Black'),
    (9, 42, 'Greige'),
    (10, 42, 'Natural Oak'),
    (9, 43, 'Greige'),
    (10, 43, 'Oiled Walnut'),
    (9, 44, 'Blush'),
    (10, 44, 'Matte Black'),
    (9, 45, 'Blush'),
    (10, 45, 'Natural Oak'),
    (9, 46, 'Blush'),
    (10, 46, 'Oiled Walnut'),
    (9, 47, 'Citrine'),
    (10, 47, 'Matte Black'),
    (9, 48, 'Citrine'),
    (10, 48, 'Natural Oak'),
    (9, 49, 'Citrine'),
    (10, 49, 'Oiled Walnut'),
    (9, 50, 'Moss'),
    (10, 50, 'Matte Black'),
    (9, 51, 'Moss'),
    (10, 51, 'Natural Oak'),
    (9, 52, 'Moss'),
    (10, 52, 'Oiled Walnut'),
    (9, 53, 'Opal'),
    (10, 53, 'Oiled Walnut'),
    (9, 54, 'Opal'),
    (10, 54, 'Natural Oak'),
    (9, 55, 'Opal'),
    (10, 55, 'Painted Black'),
    (9, 56, 'Abyss'),
    (10, 56, 'Oiled Walnut'),
    (9, 57, 'Abyss'),
    (10, 57, 'Natural Oak'),
    (9, 58, 'Abyss'),
    (10, 58, 'Painted Black'),
    (9, 59, 'Pepper'),
    (10, 59, 'Oiled Walnut'),
    (9, 60, 'Pepper'),
    (10, 60, 'Natural Oak'),
    (9, 61, 'Pepper'),
    (10, 61, 'Painted Black'),
    (9, 62, 'Coral'),
    (10, 62, 'Oiled Walnut'),
    (9, 63, 'Coral'),
    (10, 63, 'Natural Oak'),
    (9, 64, 'Coral'),
    (10, 64, 'Painted Black');
