INSERT INTO "brand"(brand_id, brand_name)
VALUES
    (1, 'Sloan');
INSERT INTO "category"(category_id, category_name, parent_id)
VALUES
    (1, 'Phòng khách', null),
    (2, 'Sectional', 1),
    (3, 'Chaise sectional', 2),
    (4, 'Sofa', 1),
    (5, 'Sofa 2 chỗ', 4),
    (6, 'Ghế', 1),
    (7, 'Ghế cổ điển', 6),
    (8, 'Ottoman', 1),
    (9, 'Ottoman cổ điển', 8),
    (10, 'Ghế dài', 1),
    (11, 'Ghế dài cổ điển', 10);
INSERT INTO "product"(product_id, product_name, brand_id, category_id, image)
VALUES
    (1, 'Chaise Sectional trái - vải', 1, 3, 'https://content.cylindo.com/api/v2/4472/products/SLON.FABRIC.SECT.CSLEFT/frames/1/SLON.FABRIC.SECT.CSLEFT.JPG?background=FFFFFF&feature=COLOR:BI-132&feature=FINISH:LEG001-1&feature=CUSHIONS:CUSHION-2&feature=DEPTH:DEPTH-36&feature=CHAISE%20LENGTH:CHAISE-63&feature=CHAISE%20WIDTH:CHAISEWIDTH-35'),
    (2, 'Chaise Sectional trái - da', 1, 3, 'https://content.cylindo.com/api/v2/4472/products/SLON.LEATHR.SECT.CSLEFT/frames/1/SLON.LEATHR.SECT.CSLEFT.JPG?background=FFFFFF&feature=COLOR:2210A&feature=FINISH:LEG008-3&feature=CUSHIONS:CUSHION-2&feature=DEPTH:DEPTH-36&feature=CHAISE%20LENGTH:CHAISE-63&feature=CHAISE%20WIDTH:CHAISEWIDTH-35'),
    (3, 'Chaise Sectional phải - vải', 1, 3, 'https://content.cylindo.com/api/v2/4472/products/SLON.FABRIC.SECT.CSRGHT/frames/1/SLON.FABRIC.SECT.CSRGHT.JPG?background=FFFFFF&feature=COLOR:BI-132&feature=FINISH:LEG001-1&feature=CUSHIONS:CUSHION-2&feature=DEPTH:DEPTH-36&feature=CHAISE%20LENGTH:CHAISE-63&feature=CHAISE%20WIDTH:CHAISEWIDTH-35'),
    (4, 'Chaise Sectional phải - da', 1, 3, 'https://content.cylindo.com/api/v2/4472/products/SLON.LEATHR.SECT.CSRGHT/frames/1/SLON.LEATHR.SECT.CSRGHT.JPG?background=FFFFFF&feature=COLOR:2210A&feature=FINISH:LEG008-3&feature=CUSHIONS:CUSHION-2&feature=DEPTH:DEPTH-36&feature=CHAISE%20LENGTH:CHAISE-63&feature=CHAISE%20WIDTH:CHAISEWIDTH-35');
INSERT INTO "options"(option_id, category_id, option_name)
VALUES
    (1, 3, 'Chất liệu'),
    (2, 3, 'Chất liệu chân');
INSERT INTO "product_variant"(product_id, variant_id, image, price, quantity, sku)
VALUES
    (1, 1, 'https://content.cylindo.com/api/v2/4472/products/SLON.FABRIC.SECT.CSLEFT/frames/1/SLON.FABRIC.SECT.CSLEFT.JPG?background=FFFFFF&feature=COLOR:BI-132&feature=FINISH:Leg001-1&feature=CUSHIONS:CUSHION-2&feature=DEPTH:DEPTH-36&feature=CHAISE%20LENGTH:CHAISE-63&feature=CHAISE%20WIDTH:CHAISEWIDTH-35', 2045, 10, 'SLON.FABRIC.SECT.CSLEFT - BI-132 - Leg001-1'),
    (1, 2, 'https://content.cylindo.com/api/v2/4472/products/SLON.FABRIC.SECT.CSLEFT/frames/1/SLON.FABRIC.SECT.CSLEFT.JPG?background=FFFFFF&feature=COLOR:BI-132&feature=FINISH:Leg001-2&feature=CUSHIONS:CUSHION-2&feature=DEPTH:DEPTH-36&feature=CHAISE%20LENGTH:CHAISE-63&feature=CHAISE%20WIDTH:CHAISEWIDTH-35', 2045, 10, 'SLON.FABRIC.SECT.CSLEFT - BI-132 - Leg001-2'),
    (1, 3, 'https://content.cylindo.com/api/v2/4472/products/SLON.FABRIC.SECT.CSLEFT/frames/1/SLON.FABRIC.SECT.CSLEFT.JPG?background=FFFFFF&feature=COLOR:BI-132&feature=FINISH:Leg001-3&feature=CUSHIONS:CUSHION-2&feature=DEPTH:DEPTH-36&feature=CHAISE%20LENGTH:CHAISE-63&feature=CHAISE%20WIDTH:CHAISEWIDTH-35', 2045, 10, 'SLON.FABRIC.SECT.CSLEFT - BI-132 - Leg001-3'),
    (1, 4, 'https://content.cylindo.com/api/v2/4472/products/SLON.FABRIC.SECT.CSLEFT/frames/1/SLON.FABRIC.SECT.CSLEFT.JPG?background=FFFFFF&feature=COLOR:BI-132&feature=FINISH:Leg008-1&feature=CUSHIONS:CUSHION-2&feature=DEPTH:DEPTH-36&feature=CHAISE%20LENGTH:CHAISE-63&feature=CHAISE%20WIDTH:CHAISEWIDTH-35', 2045, 10, 'SLON.FABRIC.SECT.CSLEFT - BI-132 - Leg008-1'),
    (1, 5, 'https://content.cylindo.com/api/v2/4472/products/SLON.FABRIC.SECT.CSLEFT/frames/1/SLON.FABRIC.SECT.CSLEFT.JPG?background=FFFFFF&feature=COLOR:BI-134&feature=FINISH:Leg001-1&feature=CUSHIONS:CUSHION-2&feature=DEPTH:DEPTH-36&feature=CHAISE%20LENGTH:CHAISE-63&feature=CHAISE%20WIDTH:CHAISEWIDTH-35', 2045, 10, 'SLON.FABRIC.SECT.CSLEFT - BI-134 - Leg001-1'),
    (1, 6, 'https://content.cylindo.com/api/v2/4472/products/SLON.FABRIC.SECT.CSLEFT/frames/1/SLON.FABRIC.SECT.CSLEFT.JPG?background=FFFFFF&feature=COLOR:BI-134&feature=FINISH:Leg001-2&feature=CUSHIONS:CUSHION-2&feature=DEPTH:DEPTH-36&feature=CHAISE%20LENGTH:CHAISE-63&feature=CHAISE%20WIDTH:CHAISEWIDTH-35', 2045, 10, 'SLON.FABRIC.SECT.CSLEFT - BI-134 - Leg001-2'),
    (1, 7, 'https://content.cylindo.com/api/v2/4472/products/SLON.FABRIC.SECT.CSLEFT/frames/1/SLON.FABRIC.SECT.CSLEFT.JPG?background=FFFFFF&feature=COLOR:BI-134&feature=FINISH:Leg001-3&feature=CUSHIONS:CUSHION-2&feature=DEPTH:DEPTH-36&feature=CHAISE%20LENGTH:CHAISE-63&feature=CHAISE%20WIDTH:CHAISEWIDTH-35', 2045, 10, 'SLON.FABRIC.SECT.CSLEFT - BI-134 - Leg001-3'),
    (1, 8, 'https://content.cylindo.com/api/v2/4472/products/SLON.FABRIC.SECT.CSLEFT/frames/1/SLON.FABRIC.SECT.CSLEFT.JPG?background=FFFFFF&feature=COLOR:BI-134&feature=FINISH:Leg008-1&feature=CUSHIONS:CUSHION-2&feature=DEPTH:DEPTH-36&feature=CHAISE%20LENGTH:CHAISE-63&feature=CHAISE%20WIDTH:CHAISEWIDTH-35', 2045, 10, 'SLON.FABRIC.SECT.CSLEFT - BI-134 - Leg008-1'),
    (1, 9, 'https://content.cylindo.com/api/v2/4472/products/SLON.FABRIC.SECT.CSLEFT/frames/1/SLON.FABRIC.SECT.CSLEFT.JPG?background=FFFFFF&feature=COLOR:BI-133&feature=FINISH:Leg001-1&feature=CUSHIONS:CUSHION-2&feature=DEPTH:DEPTH-36&feature=CHAISE%20LENGTH:CHAISE-63&feature=CHAISE%20WIDTH:CHAISEWIDTH-35', 2045, 10, 'SLON.FABRIC.SECT.CSLEFT - BI-133 - Leg001-1'),
    (1, 10, 'https://content.cylindo.com/api/v2/4472/products/SLON.FABRIC.SECT.CSLEFT/frames/1/SLON.FABRIC.SECT.CSLEFT.JPG?background=FFFFFF&feature=COLOR:BI-133&feature=FINISH:Leg001-2&feature=CUSHIONS:CUSHION-2&feature=DEPTH:DEPTH-36&feature=CHAISE%20LENGTH:CHAISE-63&feature=CHAISE%20WIDTH:CHAISEWIDTH-35', 2045, 10, 'SLON.FABRIC.SECT.CSLEFT - BI-133 - Leg001-2'),
    (1, 11, 'https://content.cylindo.com/api/v2/4472/products/SLON.FABRIC.SECT.CSLEFT/frames/1/SLON.FABRIC.SECT.CSLEFT.JPG?background=FFFFFF&feature=COLOR:BI-133&feature=FINISH:Leg001-3&feature=CUSHIONS:CUSHION-2&feature=DEPTH:DEPTH-36&feature=CHAISE%20LENGTH:CHAISE-63&feature=CHAISE%20WIDTH:CHAISEWIDTH-35', 2045, 10, 'SLON.FABRIC.SECT.CSLEFT - BI-133 - Leg001-3'),
    (1, 12, 'https://content.cylindo.com/api/v2/4472/products/SLON.FABRIC.SECT.CSLEFT/frames/1/SLON.FABRIC.SECT.CSLEFT.JPG?background=FFFFFF&feature=COLOR:BI-133&feature=FINISH:Leg008-1&feature=CUSHIONS:CUSHION-2&feature=DEPTH:DEPTH-36&feature=CHAISE%20LENGTH:CHAISE-63&feature=CHAISE%20WIDTH:CHAISEWIDTH-35', 2045, 10, 'SLON.FABRIC.SECT.CSLEFT - BI-133 - Leg008-1'),
    (1, 13, 'https://content.cylindo.com/api/v2/4472/products/SLON.FABRIC.SECT.CSLEFT/frames/1/SLON.FABRIC.SECT.CSLEFT.JPG?background=FFFFFF&feature=COLOR:SE-161&feature=FINISH:Leg001-1&feature=CUSHIONS:CUSHION-2&feature=DEPTH:DEPTH-36&feature=CHAISE%20LENGTH:CHAISE-63&feature=CHAISE%20WIDTH:CHAISEWIDTH-35', 2045, 10, 'SLON.FABRIC.SECT.CSLEFT - SE-161 - Leg001-1'),
    (1, 14, 'https://content.cylindo.com/api/v2/4472/products/SLON.FABRIC.SECT.CSLEFT/frames/1/SLON.FABRIC.SECT.CSLEFT.JPG?background=FFFFFF&feature=COLOR:SE-161&feature=FINISH:Leg001-2&feature=CUSHIONS:CUSHION-2&feature=DEPTH:DEPTH-36&feature=CHAISE%20LENGTH:CHAISE-63&feature=CHAISE%20WIDTH:CHAISEWIDTH-35', 2045, 10, 'SLON.FABRIC.SECT.CSLEFT - SE-161 - Leg001-2'),
    (1, 15, 'https://content.cylindo.com/api/v2/4472/products/SLON.FABRIC.SECT.CSLEFT/frames/1/SLON.FABRIC.SECT.CSLEFT.JPG?background=FFFFFF&feature=COLOR:SE-161&feature=FINISH:Leg001-3&feature=CUSHIONS:CUSHION-2&feature=DEPTH:DEPTH-36&feature=CHAISE%20LENGTH:CHAISE-63&feature=CHAISE%20WIDTH:CHAISEWIDTH-35', 2045, 10, 'SLON.FABRIC.SECT.CSLEFT - SE-161 - Leg001-3'),
    (1, 16, 'https://content.cylindo.com/api/v2/4472/products/SLON.FABRIC.SECT.CSLEFT/frames/1/SLON.FABRIC.SECT.CSLEFT.JPG?background=FFFFFF&feature=COLOR:SE-161&feature=FINISH:Leg008-1&feature=CUSHIONS:CUSHION-2&feature=DEPTH:DEPTH-36&feature=CHAISE%20LENGTH:CHAISE-63&feature=CHAISE%20WIDTH:CHAISEWIDTH-35', 2045, 10, 'SLON.FABRIC.SECT.CSLEFT - SE-161 - Leg008-1'),
    (1, 17, 'https://content.cylindo.com/api/v2/4472/products/SLON.FABRIC.SECT.CSLEFT/frames/1/SLON.FABRIC.SECT.CSLEFT.JPG?background=FFFFFF&feature=COLOR:SE-167&feature=FINISH:Leg001-1&feature=CUSHIONS:CUSHION-2&feature=DEPTH:DEPTH-36&feature=CHAISE%20LENGTH:CHAISE-63&feature=CHAISE%20WIDTH:CHAISEWIDTH-35', 2045, 10, 'SLON.FABRIC.SECT.CSLEFT - SE-167 - Leg001-1'),
    (1, 18, 'https://content.cylindo.com/api/v2/4472/products/SLON.FABRIC.SECT.CSLEFT/frames/1/SLON.FABRIC.SECT.CSLEFT.JPG?background=FFFFFF&feature=COLOR:SE-167&feature=FINISH:Leg001-2&feature=CUSHIONS:CUSHION-2&feature=DEPTH:DEPTH-36&feature=CHAISE%20LENGTH:CHAISE-63&feature=CHAISE%20WIDTH:CHAISEWIDTH-35', 2045, 10, 'SLON.FABRIC.SECT.CSLEFT - SE-167 - Leg001-2'),
    (1, 19, 'https://content.cylindo.com/api/v2/4472/products/SLON.FABRIC.SECT.CSLEFT/frames/1/SLON.FABRIC.SECT.CSLEFT.JPG?background=FFFFFF&feature=COLOR:SE-167&feature=FINISH:Leg001-3&feature=CUSHIONS:CUSHION-2&feature=DEPTH:DEPTH-36&feature=CHAISE%20LENGTH:CHAISE-63&feature=CHAISE%20WIDTH:CHAISEWIDTH-35', 2045, 10, 'SLON.FABRIC.SECT.CSLEFT - SE-167 - Leg001-3'),
    (1, 20, 'https://content.cylindo.com/api/v2/4472/products/SLON.FABRIC.SECT.CSLEFT/frames/1/SLON.FABRIC.SECT.CSLEFT.JPG?background=FFFFFF&feature=COLOR:SE-167&feature=FINISH:Leg008-1&feature=CUSHIONS:CUSHION-2&feature=DEPTH:DEPTH-36&feature=CHAISE%20LENGTH:CHAISE-63&feature=CHAISE%20WIDTH:CHAISEWIDTH-35', 2045, 10, 'SLON.FABRIC.SECT.CSLEFT - SE-167 - Leg008-1'),
    (2, 1, 'https://content.cylindo.com/api/v2/4472/products/SLON.LEATHR.SECT.CSLEFT/frames/1/SLON.LEATHR.SECT.CSLEFT.JPG?background=FFFFFF&feature=COLOR:2210A&feature=FINISH:Leg008-1&feature=CUSHIONS:CUSHION-2&feature=DEPTH:DEPTH-36&feature=CHAISE%20LENGTH:CHAISE-63&feature=CHAISE%20WIDTH:CHAISEWIDTH-35', 4095, 10, 'SLON.LEATHR.SECT.CSLEFT - 2210A - Leg008-1'),
    (2, 2, 'https://content.cylindo.com/api/v2/4472/products/SLON.LEATHR.SECT.CSLEFT/frames/1/SLON.LEATHR.SECT.CSLEFT.JPG?background=FFFFFF&feature=COLOR:2210A&feature=FINISH:Leg008-3&feature=CUSHIONS:CUSHION-2&feature=DEPTH:DEPTH-36&feature=CHAISE%20LENGTH:CHAISE-63&feature=CHAISE%20WIDTH:CHAISEWIDTH-35', 4095, 10, 'SLON.LEATHR.SECT.CSLEFT - 2210A - Leg008-3'),
    (2, 3, 'https://content.cylindo.com/api/v2/4472/products/SLON.LEATHR.SECT.CSLEFT/frames/1/SLON.LEATHR.SECT.CSLEFT.JPG?background=FFFFFF&feature=COLOR:2210A&feature=FINISH:Leg008-2&feature=CUSHIONS:CUSHION-2&feature=DEPTH:DEPTH-36&feature=CHAISE%20LENGTH:CHAISE-63&feature=CHAISE%20WIDTH:CHAISEWIDTH-35', 4095, 10, 'SLON.LEATHR.SECT.CSLEFT - 2210A - Leg008-2'),
    (2, 4, 'https://content.cylindo.com/api/v2/4472/products/SLON.LEATHR.SECT.CSLEFT/frames/1/SLON.LEATHR.SECT.CSLEFT.JPG?background=FFFFFF&feature=COLOR:2210A&feature=FINISH:Leg001-1&feature=CUSHIONS:CUSHION-2&feature=DEPTH:DEPTH-36&feature=CHAISE%20LENGTH:CHAISE-63&feature=CHAISE%20WIDTH:CHAISEWIDTH-35', 4095, 10, 'SLON.LEATHR.SECT.CSLEFT - 2210A - Leg001-1'),
    (2, 5, 'https://content.cylindo.com/api/v2/4472/products/SLON.LEATHR.SECT.CSLEFT/frames/1/SLON.LEATHR.SECT.CSLEFT.JPG?background=FFFFFF&feature=COLOR:LTHR-02&feature=FINISH:Leg008-1&feature=CUSHIONS:CUSHION-2&feature=DEPTH:DEPTH-36&feature=CHAISE%20LENGTH:CHAISE-63&feature=CHAISE%20WIDTH:CHAISEWIDTH-35', 4095, 10, 'SLON.LEATHR.SECT.CSLEFT - LTHR-02 - Leg008-1'),
    (2, 6, 'https://content.cylindo.com/api/v2/4472/products/SLON.LEATHR.SECT.CSLEFT/frames/1/SLON.LEATHR.SECT.CSLEFT.JPG?background=FFFFFF&feature=COLOR:LTHR-02&feature=FINISH:Leg008-3&feature=CUSHIONS:CUSHION-2&feature=DEPTH:DEPTH-36&feature=CHAISE%20LENGTH:CHAISE-63&feature=CHAISE%20WIDTH:CHAISEWIDTH-35', 4095, 10, 'SLON.LEATHR.SECT.CSLEFT - LTHR-02 - Leg008-3'),
    (2, 7, 'https://content.cylindo.com/api/v2/4472/products/SLON.LEATHR.SECT.CSLEFT/frames/1/SLON.LEATHR.SECT.CSLEFT.JPG?background=FFFFFF&feature=COLOR:LTHR-02&feature=FINISH:Leg008-2&feature=CUSHIONS:CUSHION-2&feature=DEPTH:DEPTH-36&feature=CHAISE%20LENGTH:CHAISE-63&feature=CHAISE%20WIDTH:CHAISEWIDTH-35', 4095, 10, 'SLON.LEATHR.SECT.CSLEFT - LTHR-02 - Leg008-2'),
    (2, 8, 'https://content.cylindo.com/api/v2/4472/products/SLON.LEATHR.SECT.CSLEFT/frames/1/SLON.LEATHR.SECT.CSLEFT.JPG?background=FFFFFF&feature=COLOR:LTHR-02&feature=FINISH:Leg001-1&feature=CUSHIONS:CUSHION-2&feature=DEPTH:DEPTH-36&feature=CHAISE%20LENGTH:CHAISE-63&feature=CHAISE%20WIDTH:CHAISEWIDTH-35', 4095, 10, 'SLON.LEATHR.SECT.CSLEFT - LTHR-02 - Leg001-1'),
    (2, 9, 'https://content.cylindo.com/api/v2/4472/products/SLON.LEATHR.SECT.CSLEFT/frames/1/SLON.LEATHR.SECT.CSLEFT.JPG?background=FFFFFF&feature=COLOR:8519A&feature=FINISH:Leg008-1&feature=CUSHIONS:CUSHION-2&feature=DEPTH:DEPTH-36&feature=CHAISE%20LENGTH:CHAISE-63&feature=CHAISE%20WIDTH:CHAISEWIDTH-35', 4095, 10, 'SLON.LEATHR.SECT.CSLEFT - 8519A - Leg008-1'),
    (2, 10, 'https://content.cylindo.com/api/v2/4472/products/SLON.LEATHR.SECT.CSLEFT/frames/1/SLON.LEATHR.SECT.CSLEFT.JPG?background=FFFFFF&feature=COLOR:8519A&feature=FINISH:Leg008-3&feature=CUSHIONS:CUSHION-2&feature=DEPTH:DEPTH-36&feature=CHAISE%20LENGTH:CHAISE-63&feature=CHAISE%20WIDTH:CHAISEWIDTH-35', 4095, 10, 'SLON.LEATHR.SECT.CSLEFT - 8519A - Leg008-3'),
    (2, 11, 'https://content.cylindo.com/api/v2/4472/products/SLON.LEATHR.SECT.CSLEFT/frames/1/SLON.LEATHR.SECT.CSLEFT.JPG?background=FFFFFF&feature=COLOR:8519A&feature=FINISH:Leg008-2&feature=CUSHIONS:CUSHION-2&feature=DEPTH:DEPTH-36&feature=CHAISE%20LENGTH:CHAISE-63&feature=CHAISE%20WIDTH:CHAISEWIDTH-35', 4095, 10, 'SLON.LEATHR.SECT.CSLEFT - 8519A - Leg008-2'),
    (2, 12, 'https://content.cylindo.com/api/v2/4472/products/SLON.LEATHR.SECT.CSLEFT/frames/1/SLON.LEATHR.SECT.CSLEFT.JPG?background=FFFFFF&feature=COLOR:8519A&feature=FINISH:Leg001-1&feature=CUSHIONS:CUSHION-2&feature=DEPTH:DEPTH-36&feature=CHAISE%20LENGTH:CHAISE-63&feature=CHAISE%20WIDTH:CHAISEWIDTH-35', 4095, 10, 'SLON.LEATHR.SECT.CSLEFT - 8519A - Leg001-1'),
    (2, 13, 'https://content.cylindo.com/api/v2/4472/products/SLON.LEATHR.SECT.CSLEFT/frames/1/SLON.LEATHR.SECT.CSLEFT.JPG?background=FFFFFF&feature=COLOR:LTHR-01&feature=FINISH:Leg008-1&feature=CUSHIONS:CUSHION-2&feature=DEPTH:DEPTH-36&feature=CHAISE%20LENGTH:CHAISE-63&feature=CHAISE%20WIDTH:CHAISEWIDTH-35', 4095, 10, 'SLON.LEATHR.SECT.CSLEFT - LTHR-01 - Leg008-1'),
    (2, 14, 'https://content.cylindo.com/api/v2/4472/products/SLON.LEATHR.SECT.CSLEFT/frames/1/SLON.LEATHR.SECT.CSLEFT.JPG?background=FFFFFF&feature=COLOR:LTHR-01&feature=FINISH:Leg008-3&feature=CUSHIONS:CUSHION-2&feature=DEPTH:DEPTH-36&feature=CHAISE%20LENGTH:CHAISE-63&feature=CHAISE%20WIDTH:CHAISEWIDTH-35', 4095, 10, 'SLON.LEATHR.SECT.CSLEFT - LTHR-01 - Leg008-3'),
    (2, 15, 'https://content.cylindo.com/api/v2/4472/products/SLON.LEATHR.SECT.CSLEFT/frames/1/SLON.LEATHR.SECT.CSLEFT.JPG?background=FFFFFF&feature=COLOR:LTHR-01&feature=FINISH:Leg008-2&feature=CUSHIONS:CUSHION-2&feature=DEPTH:DEPTH-36&feature=CHAISE%20LENGTH:CHAISE-63&feature=CHAISE%20WIDTH:CHAISEWIDTH-35', 4095, 10, 'SLON.LEATHR.SECT.CSLEFT - LTHR-01 - Leg008-2'),
    (2, 16, 'https://content.cylindo.com/api/v2/4472/products/SLON.LEATHR.SECT.CSLEFT/frames/1/SLON.LEATHR.SECT.CSLEFT.JPG?background=FFFFFF&feature=COLOR:LTHR-01&feature=FINISH:Leg001-1&feature=CUSHIONS:CUSHION-2&feature=DEPTH:DEPTH-36&feature=CHAISE%20LENGTH:CHAISE-63&feature=CHAISE%20WIDTH:CHAISEWIDTH-35', 4095, 10, 'SLON.LEATHR.SECT.CSLEFT - LTHR-01 - Leg001-1'),
    (2, 17, 'https://content.cylindo.com/api/v2/4472/products/SLON.LEATHR.SECT.CSLEFT/frames/1/SLON.LEATHR.SECT.CSLEFT.JPG?background=FFFFFF&feature=COLOR:LTHR-03&feature=FINISH:Leg008-1&feature=CUSHIONS:CUSHION-2&feature=DEPTH:DEPTH-36&feature=CHAISE%20LENGTH:CHAISE-63&feature=CHAISE%20WIDTH:CHAISEWIDTH-35', 4095, 10, 'SLON.LEATHR.SECT.CSLEFT - LTHR-03 - Leg008-1'),
    (2, 18, 'https://content.cylindo.com/api/v2/4472/products/SLON.LEATHR.SECT.CSLEFT/frames/1/SLON.LEATHR.SECT.CSLEFT.JPG?background=FFFFFF&feature=COLOR:LTHR-03&feature=FINISH:Leg008-3&feature=CUSHIONS:CUSHION-2&feature=DEPTH:DEPTH-36&feature=CHAISE%20LENGTH:CHAISE-63&feature=CHAISE%20WIDTH:CHAISEWIDTH-35', 4095, 10, 'SLON.LEATHR.SECT.CSLEFT - LTHR-03 - Leg008-3'),
    (2, 19, 'https://content.cylindo.com/api/v2/4472/products/SLON.LEATHR.SECT.CSLEFT/frames/1/SLON.LEATHR.SECT.CSLEFT.JPG?background=FFFFFF&feature=COLOR:LTHR-03&feature=FINISH:Leg008-2&feature=CUSHIONS:CUSHION-2&feature=DEPTH:DEPTH-36&feature=CHAISE%20LENGTH:CHAISE-63&feature=CHAISE%20WIDTH:CHAISEWIDTH-35', 4095, 10, 'SLON.LEATHR.SECT.CSLEFT - LTHR-03 - Leg008-2'),
    (2, 20, 'https://content.cylindo.com/api/v2/4472/products/SLON.LEATHR.SECT.CSLEFT/frames/1/SLON.LEATHR.SECT.CSLEFT.JPG?background=FFFFFF&feature=COLOR:LTHR-03&feature=FINISH:Leg001-1&feature=CUSHIONS:CUSHION-2&feature=DEPTH:DEPTH-36&feature=CHAISE%20LENGTH:CHAISE-63&feature=CHAISE%20WIDTH:CHAISEWIDTH-35', 4095, 10, 'SLON.LEATHR.SECT.CSLEFT - LTHR-03 - Leg001-1'),
    (3, 1, 'https://content.cylindo.com/api/v2/4472/products/SLON.FABRIC.SECT.CSRGHT/frames/1/SLON.FABRIC.SECT.CSRGHT.JPG?background=FFFFFF&feature=COLOR:BI-132&feature=FINISH:Leg001-1&feature=CUSHIONS:CUSHION-2&feature=DEPTH:DEPTH-36&feature=CHAISE%20LENGTH:CHAISE-63&feature=CHAISE%20WIDTH:CHAISEWIDTH-35', 2045, 10, 'SLON.FABRIC.SECT.CSRGHT - BI-132 - Leg001-1'),
    (3, 2, 'https://content.cylindo.com/api/v2/4472/products/SLON.FABRIC.SECT.CSRGHT/frames/1/SLON.FABRIC.SECT.CSRGHT.JPG?background=FFFFFF&feature=COLOR:BI-132&feature=FINISH:Leg001-2&feature=CUSHIONS:CUSHION-2&feature=DEPTH:DEPTH-36&feature=CHAISE%20LENGTH:CHAISE-63&feature=CHAISE%20WIDTH:CHAISEWIDTH-35', 2045, 10, 'SLON.FABRIC.SECT.CSRGHT - BI-132 - Leg001-2'),
    (3, 3, 'https://content.cylindo.com/api/v2/4472/products/SLON.FABRIC.SECT.CSRGHT/frames/1/SLON.FABRIC.SECT.CSRGHT.JPG?background=FFFFFF&feature=COLOR:BI-132&feature=FINISH:Leg001-3&feature=CUSHIONS:CUSHION-2&feature=DEPTH:DEPTH-36&feature=CHAISE%20LENGTH:CHAISE-63&feature=CHAISE%20WIDTH:CHAISEWIDTH-35', 2045, 10, 'SLON.FABRIC.SECT.CSRGHT - BI-132 - Leg001-3'),
    (3, 4, 'https://content.cylindo.com/api/v2/4472/products/SLON.FABRIC.SECT.CSRGHT/frames/1/SLON.FABRIC.SECT.CSRGHT.JPG?background=FFFFFF&feature=COLOR:BI-132&feature=FINISH:Leg008-1&feature=CUSHIONS:CUSHION-2&feature=DEPTH:DEPTH-36&feature=CHAISE%20LENGTH:CHAISE-63&feature=CHAISE%20WIDTH:CHAISEWIDTH-35', 2045, 10, 'SLON.FABRIC.SECT.CSRGHT - BI-132 - Leg008-1'),
    (3, 5, 'https://content.cylindo.com/api/v2/4472/products/SLON.FABRIC.SECT.CSRGHT/frames/1/SLON.FABRIC.SECT.CSRGHT.JPG?background=FFFFFF&feature=COLOR:BI-134&feature=FINISH:Leg001-1&feature=CUSHIONS:CUSHION-2&feature=DEPTH:DEPTH-36&feature=CHAISE%20LENGTH:CHAISE-63&feature=CHAISE%20WIDTH:CHAISEWIDTH-35', 2045, 10, 'SLON.FABRIC.SECT.CSRGHT - BI-134 - Leg001-1'),
    (3, 6, 'https://content.cylindo.com/api/v2/4472/products/SLON.FABRIC.SECT.CSRGHT/frames/1/SLON.FABRIC.SECT.CSRGHT.JPG?background=FFFFFF&feature=COLOR:BI-134&feature=FINISH:Leg001-2&feature=CUSHIONS:CUSHION-2&feature=DEPTH:DEPTH-36&feature=CHAISE%20LENGTH:CHAISE-63&feature=CHAISE%20WIDTH:CHAISEWIDTH-35', 2045, 10, 'SLON.FABRIC.SECT.CSRGHT - BI-134 - Leg001-2'),
    (3, 7, 'https://content.cylindo.com/api/v2/4472/products/SLON.FABRIC.SECT.CSRGHT/frames/1/SLON.FABRIC.SECT.CSRGHT.JPG?background=FFFFFF&feature=COLOR:BI-134&feature=FINISH:Leg001-3&feature=CUSHIONS:CUSHION-2&feature=DEPTH:DEPTH-36&feature=CHAISE%20LENGTH:CHAISE-63&feature=CHAISE%20WIDTH:CHAISEWIDTH-35', 2045, 10, 'SLON.FABRIC.SECT.CSRGHT - BI-134 - Leg001-3'),
    (3, 8, 'https://content.cylindo.com/api/v2/4472/products/SLON.FABRIC.SECT.CSRGHT/frames/1/SLON.FABRIC.SECT.CSRGHT.JPG?background=FFFFFF&feature=COLOR:BI-134&feature=FINISH:Leg008-1&feature=CUSHIONS:CUSHION-2&feature=DEPTH:DEPTH-36&feature=CHAISE%20LENGTH:CHAISE-63&feature=CHAISE%20WIDTH:CHAISEWIDTH-35', 2045, 10, 'SLON.FABRIC.SECT.CSRGHT - BI-134 - Leg008-1'),
    (3, 9, 'https://content.cylindo.com/api/v2/4472/products/SLON.FABRIC.SECT.CSRGHT/frames/1/SLON.FABRIC.SECT.CSRGHT.JPG?background=FFFFFF&feature=COLOR:BI-133&feature=FINISH:Leg001-1&feature=CUSHIONS:CUSHION-2&feature=DEPTH:DEPTH-36&feature=CHAISE%20LENGTH:CHAISE-63&feature=CHAISE%20WIDTH:CHAISEWIDTH-35', 2045, 10, 'SLON.FABRIC.SECT.CSRGHT - BI-133 - Leg001-1'),
    (3, 10, 'https://content.cylindo.com/api/v2/4472/products/SLON.FABRIC.SECT.CSRGHT/frames/1/SLON.FABRIC.SECT.CSRGHT.JPG?background=FFFFFF&feature=COLOR:BI-133&feature=FINISH:Leg001-2&feature=CUSHIONS:CUSHION-2&feature=DEPTH:DEPTH-36&feature=CHAISE%20LENGTH:CHAISE-63&feature=CHAISE%20WIDTH:CHAISEWIDTH-35', 2045, 10, 'SLON.FABRIC.SECT.CSRGHT - BI-133 - Leg001-2'),
    (3, 11, 'https://content.cylindo.com/api/v2/4472/products/SLON.FABRIC.SECT.CSRGHT/frames/1/SLON.FABRIC.SECT.CSRGHT.JPG?background=FFFFFF&feature=COLOR:BI-133&feature=FINISH:Leg001-3&feature=CUSHIONS:CUSHION-2&feature=DEPTH:DEPTH-36&feature=CHAISE%20LENGTH:CHAISE-63&feature=CHAISE%20WIDTH:CHAISEWIDTH-35', 2045, 10, 'SLON.FABRIC.SECT.CSRGHT - BI-133 - Leg001-3'),
    (3, 12, 'https://content.cylindo.com/api/v2/4472/products/SLON.FABRIC.SECT.CSRGHT/frames/1/SLON.FABRIC.SECT.CSRGHT.JPG?background=FFFFFF&feature=COLOR:BI-133&feature=FINISH:Leg008-1&feature=CUSHIONS:CUSHION-2&feature=DEPTH:DEPTH-36&feature=CHAISE%20LENGTH:CHAISE-63&feature=CHAISE%20WIDTH:CHAISEWIDTH-35', 2045, 10, 'SLON.FABRIC.SECT.CSRGHT - BI-133 - Leg008-1'),
    (3, 13, 'https://content.cylindo.com/api/v2/4472/products/SLON.FABRIC.SECT.CSRGHT/frames/1/SLON.FABRIC.SECT.CSRGHT.JPG?background=FFFFFF&feature=COLOR:SE-161&feature=FINISH:Leg001-1&feature=CUSHIONS:CUSHION-2&feature=DEPTH:DEPTH-36&feature=CHAISE%20LENGTH:CHAISE-63&feature=CHAISE%20WIDTH:CHAISEWIDTH-35', 2045, 10, 'SLON.FABRIC.SECT.CSRGHT - SE-161 - Leg001-1'),
    (3, 14, 'https://content.cylindo.com/api/v2/4472/products/SLON.FABRIC.SECT.CSRGHT/frames/1/SLON.FABRIC.SECT.CSRGHT.JPG?background=FFFFFF&feature=COLOR:SE-161&feature=FINISH:Leg001-2&feature=CUSHIONS:CUSHION-2&feature=DEPTH:DEPTH-36&feature=CHAISE%20LENGTH:CHAISE-63&feature=CHAISE%20WIDTH:CHAISEWIDTH-35', 2045, 10, 'SLON.FABRIC.SECT.CSRGHT - SE-161 - Leg001-2'),
    (3, 15, 'https://content.cylindo.com/api/v2/4472/products/SLON.FABRIC.SECT.CSRGHT/frames/1/SLON.FABRIC.SECT.CSRGHT.JPG?background=FFFFFF&feature=COLOR:SE-161&feature=FINISH:Leg001-3&feature=CUSHIONS:CUSHION-2&feature=DEPTH:DEPTH-36&feature=CHAISE%20LENGTH:CHAISE-63&feature=CHAISE%20WIDTH:CHAISEWIDTH-35', 2045, 10, 'SLON.FABRIC.SECT.CSRGHT - SE-161 - Leg001-3'),
    (3, 16, 'https://content.cylindo.com/api/v2/4472/products/SLON.FABRIC.SECT.CSRGHT/frames/1/SLON.FABRIC.SECT.CSRGHT.JPG?background=FFFFFF&feature=COLOR:SE-161&feature=FINISH:Leg008-1&feature=CUSHIONS:CUSHION-2&feature=DEPTH:DEPTH-36&feature=CHAISE%20LENGTH:CHAISE-63&feature=CHAISE%20WIDTH:CHAISEWIDTH-35', 2045, 10, 'SLON.FABRIC.SECT.CSRGHT - SE-161 - Leg008-1'),
    (3, 17, 'https://content.cylindo.com/api/v2/4472/products/SLON.FABRIC.SECT.CSRGHT/frames/1/SLON.FABRIC.SECT.CSRGHT.JPG?background=FFFFFF&feature=COLOR:SE-167&feature=FINISH:Leg001-1&feature=CUSHIONS:CUSHION-2&feature=DEPTH:DEPTH-36&feature=CHAISE%20LENGTH:CHAISE-63&feature=CHAISE%20WIDTH:CHAISEWIDTH-35', 2045, 10, 'SLON.FABRIC.SECT.CSRGHT - SE-167 - Leg001-1'),
    (3, 18, 'https://content.cylindo.com/api/v2/4472/products/SLON.FABRIC.SECT.CSRGHT/frames/1/SLON.FABRIC.SECT.CSRGHT.JPG?background=FFFFFF&feature=COLOR:SE-167&feature=FINISH:Leg001-2&feature=CUSHIONS:CUSHION-2&feature=DEPTH:DEPTH-36&feature=CHAISE%20LENGTH:CHAISE-63&feature=CHAISE%20WIDTH:CHAISEWIDTH-35', 2045, 10, 'SLON.FABRIC.SECT.CSRGHT - SE-167 - Leg001-2'),
    (3, 19, 'https://content.cylindo.com/api/v2/4472/products/SLON.FABRIC.SECT.CSRGHT/frames/1/SLON.FABRIC.SECT.CSRGHT.JPG?background=FFFFFF&feature=COLOR:SE-167&feature=FINISH:Leg001-3&feature=CUSHIONS:CUSHION-2&feature=DEPTH:DEPTH-36&feature=CHAISE%20LENGTH:CHAISE-63&feature=CHAISE%20WIDTH:CHAISEWIDTH-35', 2045, 10, 'SLON.FABRIC.SECT.CSRGHT - SE-167 - Leg001-3'),
    (3, 20, 'https://content.cylindo.com/api/v2/4472/products/SLON.FABRIC.SECT.CSRGHT/frames/1/SLON.FABRIC.SECT.CSRGHT.JPG?background=FFFFFF&feature=COLOR:SE-167&feature=FINISH:Leg008-1&feature=CUSHIONS:CUSHION-2&feature=DEPTH:DEPTH-36&feature=CHAISE%20LENGTH:CHAISE-63&feature=CHAISE%20WIDTH:CHAISEWIDTH-35', 2045, 10, 'SLON.FABRIC.SECT.CSRGHT - SE-167 - Leg008-1'),
    (4, 1, 'https://content.cylindo.com/api/v2/4472/products/SLON.LEATHR.SECT.CSRGHT/frames/1/SLON.LEATHR.SECT.CSRGHT.JPG?background=FFFFFF&feature=COLOR:2210A&feature=FINISH:Leg008-1&feature=CUSHIONS:CUSHION-2&feature=DEPTH:DEPTH-36&feature=CHAISE%20LENGTH:CHAISE-63&feature=CHAISE%20WIDTH:CHAISEWIDTH-35', 4095, 10, 'SLON.LEATHR.SECT.CSRGHT - 2210A - Leg008-1'),
    (4, 2, 'https://content.cylindo.com/api/v2/4472/products/SLON.LEATHR.SECT.CSRGHT/frames/1/SLON.LEATHR.SECT.CSRGHT.JPG?background=FFFFFF&feature=COLOR:2210A&feature=FINISH:Leg008-3&feature=CUSHIONS:CUSHION-2&feature=DEPTH:DEPTH-36&feature=CHAISE%20LENGTH:CHAISE-63&feature=CHAISE%20WIDTH:CHAISEWIDTH-35', 4095, 10, 'SLON.LEATHR.SECT.CSRGHT - 2210A - Leg008-3'),
    (4, 3, 'https://content.cylindo.com/api/v2/4472/products/SLON.LEATHR.SECT.CSRGHT/frames/1/SLON.LEATHR.SECT.CSRGHT.JPG?background=FFFFFF&feature=COLOR:2210A&feature=FINISH:Leg008-2&feature=CUSHIONS:CUSHION-2&feature=DEPTH:DEPTH-36&feature=CHAISE%20LENGTH:CHAISE-63&feature=CHAISE%20WIDTH:CHAISEWIDTH-35', 4095, 10, 'SLON.LEATHR.SECT.CSRGHT - 2210A - Leg008-2'),
    (4, 4, 'https://content.cylindo.com/api/v2/4472/products/SLON.LEATHR.SECT.CSRGHT/frames/1/SLON.LEATHR.SECT.CSRGHT.JPG?background=FFFFFF&feature=COLOR:2210A&feature=FINISH:Leg001-1&feature=CUSHIONS:CUSHION-2&feature=DEPTH:DEPTH-36&feature=CHAISE%20LENGTH:CHAISE-63&feature=CHAISE%20WIDTH:CHAISEWIDTH-35', 4095, 10, 'SLON.LEATHR.SECT.CSRGHT - 2210A - Leg001-1'),
    (4, 5, 'https://content.cylindo.com/api/v2/4472/products/SLON.LEATHR.SECT.CSRGHT/frames/1/SLON.LEATHR.SECT.CSRGHT.JPG?background=FFFFFF&feature=COLOR:LTHR-02&feature=FINISH:Leg008-1&feature=CUSHIONS:CUSHION-2&feature=DEPTH:DEPTH-36&feature=CHAISE%20LENGTH:CHAISE-63&feature=CHAISE%20WIDTH:CHAISEWIDTH-35', 4095, 10, 'SLON.LEATHR.SECT.CSRGHT - LTHR-02 - Leg008-1'),
    (4, 6, 'https://content.cylindo.com/api/v2/4472/products/SLON.LEATHR.SECT.CSRGHT/frames/1/SLON.LEATHR.SECT.CSRGHT.JPG?background=FFFFFF&feature=COLOR:LTHR-02&feature=FINISH:Leg008-3&feature=CUSHIONS:CUSHION-2&feature=DEPTH:DEPTH-36&feature=CHAISE%20LENGTH:CHAISE-63&feature=CHAISE%20WIDTH:CHAISEWIDTH-35', 4095, 10, 'SLON.LEATHR.SECT.CSRGHT - LTHR-02 - Leg008-3'),
    (4, 7, 'https://content.cylindo.com/api/v2/4472/products/SLON.LEATHR.SECT.CSRGHT/frames/1/SLON.LEATHR.SECT.CSRGHT.JPG?background=FFFFFF&feature=COLOR:LTHR-02&feature=FINISH:Leg008-2&feature=CUSHIONS:CUSHION-2&feature=DEPTH:DEPTH-36&feature=CHAISE%20LENGTH:CHAISE-63&feature=CHAISE%20WIDTH:CHAISEWIDTH-35', 4095, 10, 'SLON.LEATHR.SECT.CSRGHT - LTHR-02 - Leg008-2'),
    (4, 8, 'https://content.cylindo.com/api/v2/4472/products/SLON.LEATHR.SECT.CSRGHT/frames/1/SLON.LEATHR.SECT.CSRGHT.JPG?background=FFFFFF&feature=COLOR:LTHR-02&feature=FINISH:Leg001-1&feature=CUSHIONS:CUSHION-2&feature=DEPTH:DEPTH-36&feature=CHAISE%20LENGTH:CHAISE-63&feature=CHAISE%20WIDTH:CHAISEWIDTH-35', 4095, 10, 'SLON.LEATHR.SECT.CSRGHT - LTHR-02 - Leg001-1'),
    (4, 9, 'https://content.cylindo.com/api/v2/4472/products/SLON.LEATHR.SECT.CSRGHT/frames/1/SLON.LEATHR.SECT.CSRGHT.JPG?background=FFFFFF&feature=COLOR:8519A&feature=FINISH:Leg008-1&feature=CUSHIONS:CUSHION-2&feature=DEPTH:DEPTH-36&feature=CHAISE%20LENGTH:CHAISE-63&feature=CHAISE%20WIDTH:CHAISEWIDTH-35', 4095, 10, 'SLON.LEATHR.SECT.CSRGHT - 8519A - Leg008-1'),
    (4, 10, 'https://content.cylindo.com/api/v2/4472/products/SLON.LEATHR.SECT.CSRGHT/frames/1/SLON.LEATHR.SECT.CSRGHT.JPG?background=FFFFFF&feature=COLOR:8519A&feature=FINISH:Leg008-3&feature=CUSHIONS:CUSHION-2&feature=DEPTH:DEPTH-36&feature=CHAISE%20LENGTH:CHAISE-63&feature=CHAISE%20WIDTH:CHAISEWIDTH-35', 4095, 10, 'SLON.LEATHR.SECT.CSRGHT - 8519A - Leg008-3'),
    (4, 11, 'https://content.cylindo.com/api/v2/4472/products/SLON.LEATHR.SECT.CSRGHT/frames/1/SLON.LEATHR.SECT.CSRGHT.JPG?background=FFFFFF&feature=COLOR:8519A&feature=FINISH:Leg008-2&feature=CUSHIONS:CUSHION-2&feature=DEPTH:DEPTH-36&feature=CHAISE%20LENGTH:CHAISE-63&feature=CHAISE%20WIDTH:CHAISEWIDTH-35', 4095, 10, 'SLON.LEATHR.SECT.CSRGHT - 8519A - Leg008-2'),
    (4, 12, 'https://content.cylindo.com/api/v2/4472/products/SLON.LEATHR.SECT.CSRGHT/frames/1/SLON.LEATHR.SECT.CSRGHT.JPG?background=FFFFFF&feature=COLOR:8519A&feature=FINISH:Leg001-1&feature=CUSHIONS:CUSHION-2&feature=DEPTH:DEPTH-36&feature=CHAISE%20LENGTH:CHAISE-63&feature=CHAISE%20WIDTH:CHAISEWIDTH-35', 4095, 10, 'SLON.LEATHR.SECT.CSRGHT - 8519A - Leg001-1'),
    (4, 13, 'https://content.cylindo.com/api/v2/4472/products/SLON.LEATHR.SECT.CSRGHT/frames/1/SLON.LEATHR.SECT.CSRGHT.JPG?background=FFFFFF&feature=COLOR:LTHR-01&feature=FINISH:Leg008-1&feature=CUSHIONS:CUSHION-2&feature=DEPTH:DEPTH-36&feature=CHAISE%20LENGTH:CHAISE-63&feature=CHAISE%20WIDTH:CHAISEWIDTH-35', 4095, 10, 'SLON.LEATHR.SECT.CSRGHT - LTHR-01 - Leg008-1'),
    (4, 14, 'https://content.cylindo.com/api/v2/4472/products/SLON.LEATHR.SECT.CSRGHT/frames/1/SLON.LEATHR.SECT.CSRGHT.JPG?background=FFFFFF&feature=COLOR:LTHR-01&feature=FINISH:Leg008-3&feature=CUSHIONS:CUSHION-2&feature=DEPTH:DEPTH-36&feature=CHAISE%20LENGTH:CHAISE-63&feature=CHAISE%20WIDTH:CHAISEWIDTH-35', 4095, 10, 'SLON.LEATHR.SECT.CSRGHT - LTHR-01 - Leg008-3'),
    (4, 15, 'https://content.cylindo.com/api/v2/4472/products/SLON.LEATHR.SECT.CSRGHT/frames/1/SLON.LEATHR.SECT.CSRGHT.JPG?background=FFFFFF&feature=COLOR:LTHR-01&feature=FINISH:Leg008-2&feature=CUSHIONS:CUSHION-2&feature=DEPTH:DEPTH-36&feature=CHAISE%20LENGTH:CHAISE-63&feature=CHAISE%20WIDTH:CHAISEWIDTH-35', 4095, 10, 'SLON.LEATHR.SECT.CSRGHT - LTHR-01 - Leg008-2'),
    (4, 16, 'https://content.cylindo.com/api/v2/4472/products/SLON.LEATHR.SECT.CSRGHT/frames/1/SLON.LEATHR.SECT.CSRGHT.JPG?background=FFFFFF&feature=COLOR:LTHR-01&feature=FINISH:Leg001-1&feature=CUSHIONS:CUSHION-2&feature=DEPTH:DEPTH-36&feature=CHAISE%20LENGTH:CHAISE-63&feature=CHAISE%20WIDTH:CHAISEWIDTH-35', 4095, 10, 'SLON.LEATHR.SECT.CSRGHT - LTHR-01 - Leg001-1'),
    (4, 17, 'https://content.cylindo.com/api/v2/4472/products/SLON.LEATHR.SECT.CSRGHT/frames/1/SLON.LEATHR.SECT.CSRGHT.JPG?background=FFFFFF&feature=COLOR:LTHR-03&feature=FINISH:Leg008-1&feature=CUSHIONS:CUSHION-2&feature=DEPTH:DEPTH-36&feature=CHAISE%20LENGTH:CHAISE-63&feature=CHAISE%20WIDTH:CHAISEWIDTH-35', 4095, 10, 'SLON.LEATHR.SECT.CSRGHT - LTHR-03 - Leg008-1'),
    (4, 18, 'https://content.cylindo.com/api/v2/4472/products/SLON.LEATHR.SECT.CSRGHT/frames/1/SLON.LEATHR.SECT.CSRGHT.JPG?background=FFFFFF&feature=COLOR:LTHR-03&feature=FINISH:Leg008-3&feature=CUSHIONS:CUSHION-2&feature=DEPTH:DEPTH-36&feature=CHAISE%20LENGTH:CHAISE-63&feature=CHAISE%20WIDTH:CHAISEWIDTH-35', 4095, 10, 'SLON.LEATHR.SECT.CSRGHT - LTHR-03 - Leg008-3'),
    (4, 19, 'https://content.cylindo.com/api/v2/4472/products/SLON.LEATHR.SECT.CSRGHT/frames/1/SLON.LEATHR.SECT.CSRGHT.JPG?background=FFFFFF&feature=COLOR:LTHR-03&feature=FINISH:Leg008-2&feature=CUSHIONS:CUSHION-2&feature=DEPTH:DEPTH-36&feature=CHAISE%20LENGTH:CHAISE-63&feature=CHAISE%20WIDTH:CHAISEWIDTH-35', 4095, 10, 'SLON.LEATHR.SECT.CSRGHT - LTHR-03 - Leg008-2'),
    (4, 20, 'https://content.cylindo.com/api/v2/4472/products/SLON.LEATHR.SECT.CSRGHT/frames/1/SLON.LEATHR.SECT.CSRGHT.JPG?background=FFFFFF&feature=COLOR:LTHR-03&feature=FINISH:Leg001-1&feature=CUSHIONS:CUSHION-2&feature=DEPTH:DEPTH-36&feature=CHAISE%20LENGTH:CHAISE-63&feature=CHAISE%20WIDTH:CHAISEWIDTH-35', 4095, 10, 'SLON.LEATHR.SECT.CSRGHT - LTHR-03 - Leg001-1');
INSERT INTO "variant_value"(product_id, option_id, variant_id, category_id, option_value)
VALUES
    (1, 1, 1, 3, 'Opal'),
    (1, 2, 1, 3, 'Oiled Walnut'),
    (1, 1, 2, 3, 'Opal'),
    (1, 2, 2, 3, 'Natural Oak'),
    (1, 1, 3, 3, 'Abyss'),
    (1, 2, 3, 3, 'Oiled Walnut'),
    (1, 1, 4, 3, 'Abyss'),
    (1, 2, 4, 3, 'Natural Oak'),
    (2, 1, 1, 3, 'Palomino'),
    (2, 2, 1, 3, 'Chrome Plated'),
    (2, 1, 2, 3, 'Palomino'),
    (2, 2, 2, 3, 'Brass Plated'),
    (2, 1, 3, 3, 'Fossil'),
    (2, 2, 3, 3, 'Chrome Plated'),
    (2, 1, 4, 3, 'Fossil'),
    (2, 2, 4, 3, 'Brass Plated'),
    (3, 1, 1, 3, 'Opal'),
    (3, 2, 1, 3, 'Oiled Walnut'),
    (3, 1, 2, 3, 'Opal'),
    (3, 2, 2, 3, 'Natural Oak'),
    (3, 1, 3, 3, 'Abyss'),
    (3, 2, 3, 3, 'Oiled Walnut'),
    (3, 1, 4, 3, 'Abyss'),
    (3, 2, 4, 3, 'Natural Oak'),
    (4, 1, 1, 3, 'Palomino'),
    (4, 2, 1, 3, 'Chrome Plated'),
    (4, 1, 2, 3, 'Palomino'),
    (4, 2, 2, 3, 'Brass Plated'),
    (4, 1, 3, 3, 'Fossil'),
    (4, 2, 3, 3, 'Chrome Plated'),
    (4, 1, 4, 3, 'Fossil'),
    (4, 2, 4, 3, 'Brass Plated');
INSERT INTO "product"(product_id, product_name, brand_id, category_id, image)
VALUES
    (9, 'Otto Bench', 1, 11, 'https://content.cylindo.com/api/v2/4472/products/OTTO.FABRIC.BENCH.STNDRD/frames/1/OTTO.FABRIC.BENCH.STNDRD.JPG?background=FFFFFF&feature=COLOR:SE-173&feature=FINISH:LEG039-2'),
    (10, 'Otto Leather Bench', 1, 11, 'https://content.cylindo.com/api/v2/4472/products/OTTO.LEATHR.BENCH.STNDRD/frames/1/OTTO.LEATHR.BENCH.STNDRD.JPG?background=FFFFFF&feature=COLOR:LTHR-02&feature=FINISH:LEG039-2'),
    (11, 'Miller Bench', 1, 11, 'https://content.cylindo.com/api/v2/4472/products/MLLR.FABRIC.BENCH.STNDRD/frames/1/MLLR.FABRIC.BENCH.STNDRD.JPG?background=FFFFFF&feature=COLOR:ROY-001&feature=FINISH:LEG038-2'),
    (12, 'Miller Leather Bench', 1, 11, 'https://content.cylindo.com/api/v2/4472/products/MLLR.LEATHR.BENCH.STNDRD/frames/1/MLLR.LEATHR.BENCH.STNDRD.JPG?background=FFFFFF&feature=COLOR:8519A&feature=FINISH:LEG038-2');
INSERT INTO "options"(option_id, category_id, option_name)
VALUES
    (1, 11, 'Chất liệu'),
    (2, 11, 'Chất liệu chân');
INSERT INTO "product_variant"(product_id, variant_id, image, price, quantity, sku)
VALUES
    (9, 1, 'https://content.cylindo.com/api/v2/4472/products/OTTO.FABRIC.BENCH.STNDRD/frames/1/OTTO.FABRIC.BENCH.STNDRD.JPG?background=FFFFFF&feature=COLOR:SE-173&feature=FINISH:LEG039-2', 645, 10, 'OTTO.FABRIC.BENCH.STNDRD - SE-173 - Leg039-1'),
    (9, 2, 'https://content.cylindo.com/api/v2/4472/products/OTTO.FABRIC.BENCH.STNDRD/frames/1/OTTO.FABRIC.BENCH.STNDRD.JPG?background=FFFFFF&feature=COLOR:SE-173&feature=FINISH:LEG039-2', 645, 10, 'OTTO.FABRIC.BENCH.STNDRD - SE-173 - Leg039-2'),
    (9, 3, 'https://content.cylindo.com/api/v2/4472/products/OTTO.FABRIC.BENCH.STNDRD/frames/1/OTTO.FABRIC.BENCH.STNDRD.JPG?background=FFFFFF&feature=COLOR:SE-173&feature=FINISH:LEG039-2', 645, 10, 'OTTO.FABRIC.BENCH.STNDRD - SE-161 - Leg039-1'),
    (9, 4, 'https://content.cylindo.com/api/v2/4472/products/OTTO.FABRIC.BENCH.STNDRD/frames/1/OTTO.FABRIC.BENCH.STNDRD.JPG?background=FFFFFF&feature=COLOR:SE-173&feature=FINISH:LEG039-2', 645, 10, 'OTTO.FABRIC.BENCH.STNDRD - SE-161 - Leg039-2'),
    (9, 5, 'https://content.cylindo.com/api/v2/4472/products/OTTO.FABRIC.BENCH.STNDRD/frames/1/OTTO.FABRIC.BENCH.STNDRD.JPG?background=FFFFFF&feature=COLOR:SE-173&feature=FINISH:LEG039-2', 645, 10, 'OTTO.FABRIC.BENCH.STNDRD - SE-167 - Leg039-1'),
    (9, 6, 'https://content.cylindo.com/api/v2/4472/products/OTTO.FABRIC.BENCH.STNDRD/frames/1/OTTO.FABRIC.BENCH.STNDRD.JPG?background=FFFFFF&feature=COLOR:SE-173&feature=FINISH:LEG039-2', 645, 10, 'OTTO.FABRIC.BENCH.STNDRD - SE-167 - Leg039-2'),
    (9, 7, 'https://content.cylindo.com/api/v2/4472/products/OTTO.FABRIC.BENCH.STNDRD/frames/1/OTTO.FABRIC.BENCH.STNDRD.JPG?background=FFFFFF&feature=COLOR:SE-173&feature=FINISH:LEG039-2', 645, 10, 'OTTO.FABRIC.BENCH.STNDRD - SE-171 - Leg039-1'),
    (9, 8, 'https://content.cylindo.com/api/v2/4472/products/OTTO.FABRIC.BENCH.STNDRD/frames/1/OTTO.FABRIC.BENCH.STNDRD.JPG?background=FFFFFF&feature=COLOR:SE-173&feature=FINISH:LEG039-2', 645, 10, 'OTTO.FABRIC.BENCH.STNDRD - SE-171 - Leg039-2'),
    (9, 9, 'https://content.cylindo.com/api/v2/4472/products/OTTO.FABRIC.BENCH.STNDRD/frames/1/OTTO.FABRIC.BENCH.STNDRD.JPG?background=FFFFFF&feature=COLOR:SE-173&feature=FINISH:LEG039-2', 645, 10, 'OTTO.FABRIC.BENCH.STNDRD - SE-172 - Leg039-1'),
    (9, 10, 'https://content.cylindo.com/api/v2/4472/products/OTTO.FABRIC.BENCH.STNDRD/frames/1/OTTO.FABRIC.BENCH.STNDRD.JPG?background=FFFFFF&feature=COLOR:SE-173&feature=FINISH:LEG039-2', 645, 10, 'OTTO.FABRIC.BENCH.STNDRD - SE-172 - Leg039-2'),
    (10, 1, 'https://content.cylindo.com/api/v2/4472/products/OTTO.LEATHR.BENCH.STNDRD/frames/1/OTTO.LEATHR.BENCH.STNDRD.JPG?background=FFFFFF&feature=COLOR:LTHR-02&feature=FINISH:LEG039-2', 895, 10, 'OTTO.LEATHR.BENCH.STNDRD - LTHR-02 - Leg039-1'),
    (10, 2, 'https://content.cylindo.com/api/v2/4472/products/OTTO.LEATHR.BENCH.STNDRD/frames/1/OTTO.LEATHR.BENCH.STNDRD.JPG?background=FFFFFF&feature=COLOR:LTHR-02&feature=FINISH:LEG039-2', 895, 10, 'OTTO.LEATHR.BENCH.STNDRD - LTHR-02 - Leg039-2'),
    (10, 3, 'https://content.cylindo.com/api/v2/4472/products/OTTO.LEATHR.BENCH.STNDRD/frames/1/OTTO.LEATHR.BENCH.STNDRD.JPG?background=FFFFFF&feature=COLOR:LTHR-02&feature=FINISH:LEG039-2', 895, 10, 'OTTO.LEATHR.BENCH.STNDRD - 2210A - Leg039-1'),
    (10, 4, 'https://content.cylindo.com/api/v2/4472/products/OTTO.LEATHR.BENCH.STNDRD/frames/1/OTTO.LEATHR.BENCH.STNDRD.JPG?background=FFFFFF&feature=COLOR:LTHR-02&feature=FINISH:LEG039-2', 895, 10, 'OTTO.LEATHR.BENCH.STNDRD - 2210A - Leg039-2'),
    (10, 5, 'https://content.cylindo.com/api/v2/4472/products/OTTO.LEATHR.BENCH.STNDRD/frames/1/OTTO.LEATHR.BENCH.STNDRD.JPG?background=FFFFFF&feature=COLOR:LTHR-02&feature=FINISH:LEG039-2', 895, 10, 'OTTO.LEATHR.BENCH.STNDRD - 8519A - Leg039-1'),
    (10, 6, 'https://content.cylindo.com/api/v2/4472/products/OTTO.LEATHR.BENCH.STNDRD/frames/1/OTTO.LEATHR.BENCH.STNDRD.JPG?background=FFFFFF&feature=COLOR:LTHR-02&feature=FINISH:LEG039-2', 895, 10, 'OTTO.LEATHR.BENCH.STNDRD - 8519A - Leg039-2'),
    (10, 7, 'https://content.cylindo.com/api/v2/4472/products/OTTO.LEATHR.BENCH.STNDRD/frames/1/OTTO.LEATHR.BENCH.STNDRD.JPG?background=FFFFFF&feature=COLOR:LTHR-02&feature=FINISH:LEG039-2', 895, 10, 'OTTO.LEATHR.BENCH.STNDRD - LTHR-01 - Leg039-1'),
    (10, 8, 'https://content.cylindo.com/api/v2/4472/products/OTTO.LEATHR.BENCH.STNDRD/frames/1/OTTO.LEATHR.BENCH.STNDRD.JPG?background=FFFFFF&feature=COLOR:LTHR-02&feature=FINISH:LEG039-2', 895, 10, 'OTTO.LEATHR.BENCH.STNDRD - LTHR-01 - Leg039-2'),
    (10, 9, 'https://content.cylindo.com/api/v2/4472/products/OTTO.LEATHR.BENCH.STNDRD/frames/1/OTTO.LEATHR.BENCH.STNDRD.JPG?background=FFFFFF&feature=COLOR:LTHR-02&feature=FINISH:LEG039-2', 895, 10, 'OTTO.LEATHR.BENCH.STNDRD - LTHR-03 - Leg039-1'),
    (10, 10, 'https://content.cylindo.com/api/v2/4472/products/OTTO.LEATHR.BENCH.STNDRD/frames/1/OTTO.LEATHR.BENCH.STNDRD.JPG?background=FFFFFF&feature=COLOR:LTHR-02&feature=FINISH:LEG039-2', 895, 10, 'OTTO.LEATHR.BENCH.STNDRD - LTHR-03 - Leg039-2'),
    (11, 1, 'https://content.cylindo.com/api/v2/4472/products/MLLR.FABRIC.BENCH.STNDRD/frames/1/MLLR.FABRIC.BENCH.STNDRD.JPG?background=FFFFFF&feature=COLOR:ROY-001&feature=FINISH:LEG038-2', 645, 10, 'MLLR.FABRIC.BENCH.STNDRD - ROY-001 - Leg038-1'),
    (11, 2, 'https://content.cylindo.com/api/v2/4472/products/MLLR.FABRIC.BENCH.STNDRD/frames/1/MLLR.FABRIC.BENCH.STNDRD.JPG?background=FFFFFF&feature=COLOR:ROY-001&feature=FINISH:LEG038-2', 645, 10, 'MLLR.FABRIC.BENCH.STNDRD - ROY-001 - Leg038-2'),
    (11, 3, 'https://content.cylindo.com/api/v2/4472/products/MLLR.FABRIC.BENCH.STNDRD/frames/1/MLLR.FABRIC.BENCH.STNDRD.JPG?background=FFFFFF&feature=COLOR:ROY-001&feature=FINISH:LEG038-2', 645, 10, 'MLLR.FABRIC.BENCH.STNDRD - ROY-004 - Leg038-1'),
    (11, 4, 'https://content.cylindo.com/api/v2/4472/products/MLLR.FABRIC.BENCH.STNDRD/frames/1/MLLR.FABRIC.BENCH.STNDRD.JPG?background=FFFFFF&feature=COLOR:ROY-001&feature=FINISH:LEG038-2', 645, 10, 'MLLR.FABRIC.BENCH.STNDRD - ROY-004 - Leg038-2'),
    (11, 5, 'https://content.cylindo.com/api/v2/4472/products/MLLR.FABRIC.BENCH.STNDRD/frames/1/MLLR.FABRIC.BENCH.STNDRD.JPG?background=FFFFFF&feature=COLOR:ROY-001&feature=FINISH:LEG038-2', 645, 10, 'MLLR.FABRIC.BENCH.STNDRD - ROY-006 - Leg038-1'),
    (11, 6, 'https://content.cylindo.com/api/v2/4472/products/MLLR.FABRIC.BENCH.STNDRD/frames/1/MLLR.FABRIC.BENCH.STNDRD.JPG?background=FFFFFF&feature=COLOR:ROY-001&feature=FINISH:LEG038-2', 645, 10, 'MLLR.FABRIC.BENCH.STNDRD - ROY-006 - Leg038-2'),
    (11, 7, 'https://content.cylindo.com/api/v2/4472/products/MLLR.FABRIC.BENCH.STNDRD/frames/1/MLLR.FABRIC.BENCH.STNDRD.JPG?background=FFFFFF&feature=COLOR:ROY-001&feature=FINISH:LEG038-2', 645, 10, 'MLLR.FABRIC.BENCH.STNDRD - ROY-010 - Leg038-1'),
    (11, 8, 'https://content.cylindo.com/api/v2/4472/products/MLLR.FABRIC.BENCH.STNDRD/frames/1/MLLR.FABRIC.BENCH.STNDRD.JPG?background=FFFFFF&feature=COLOR:ROY-001&feature=FINISH:LEG038-2', 645, 10, 'MLLR.FABRIC.BENCH.STNDRD - ROY-010 - Leg038-2'),
    (11, 9, 'https://content.cylindo.com/api/v2/4472/products/MLLR.FABRIC.BENCH.STNDRD/frames/1/MLLR.FABRIC.BENCH.STNDRD.JPG?background=FFFFFF&feature=COLOR:ROY-001&feature=FINISH:LEG038-2', 645, 10, 'MLLR.FABRIC.BENCH.STNDRD - ROY-002 - Leg038-1'),
    (11, 10, 'https://content.cylindo.com/api/v2/4472/products/MLLR.FABRIC.BENCH.STNDRD/frames/1/MLLR.FABRIC.BENCH.STNDRD.JPG?background=FFFFFF&feature=COLOR:ROY-001&feature=FINISH:LEG038-2', 645, 10, 'MLLR.FABRIC.BENCH.STNDRD - ROY-002 - Leg038-2'),
    (12, 1, 'https://content.cylindo.com/api/v2/4472/products/MLLR.LEATHR.BENCH.STNDRD/frames/1/MLLR.LEATHR.BENCH.STNDRD.JPG?background=FFFFFF&feature=COLOR:8519A&feature=FINISH:LEG038-2', 995, 10, 'MLLR.LEATHR.BENCH.STNDRD - 8519A - Leg038-1'),
    (12, 2, 'https://content.cylindo.com/api/v2/4472/products/MLLR.LEATHR.BENCH.STNDRD/frames/1/MLLR.LEATHR.BENCH.STNDRD.JPG?background=FFFFFF&feature=COLOR:8519A&feature=FINISH:LEG038-2', 995, 10, 'MLLR.LEATHR.BENCH.STNDRD - 8519A - Leg038-2'),
    (12, 3, 'https://content.cylindo.com/api/v2/4472/products/MLLR.LEATHR.BENCH.STNDRD/frames/1/MLLR.LEATHR.BENCH.STNDRD.JPG?background=FFFFFF&feature=COLOR:8519A&feature=FINISH:LEG038-2', 995, 10, 'MLLR.LEATHR.BENCH.STNDRD - LTHR-02 - Leg038-1'),
    (12, 4, 'https://content.cylindo.com/api/v2/4472/products/MLLR.LEATHR.BENCH.STNDRD/frames/1/MLLR.LEATHR.BENCH.STNDRD.JPG?background=FFFFFF&feature=COLOR:8519A&feature=FINISH:LEG038-2', 995, 10, 'MLLR.LEATHR.BENCH.STNDRD - LTHR-02 - Leg038-2'),
    (12, 5, 'https://content.cylindo.com/api/v2/4472/products/MLLR.LEATHR.BENCH.STNDRD/frames/1/MLLR.LEATHR.BENCH.STNDRD.JPG?background=FFFFFF&feature=COLOR:8519A&feature=FINISH:LEG038-2', 995, 10, 'MLLR.LEATHR.BENCH.STNDRD - 2210A - Leg038-1'),
    (12, 6, 'https://content.cylindo.com/api/v2/4472/products/MLLR.LEATHR.BENCH.STNDRD/frames/1/MLLR.LEATHR.BENCH.STNDRD.JPG?background=FFFFFF&feature=COLOR:8519A&feature=FINISH:LEG038-2', 995, 10, 'MLLR.LEATHR.BENCH.STNDRD - 2210A - Leg038-2'),
    (12, 7, 'https://content.cylindo.com/api/v2/4472/products/MLLR.LEATHR.BENCH.STNDRD/frames/1/MLLR.LEATHR.BENCH.STNDRD.JPG?background=FFFFFF&feature=COLOR:8519A&feature=FINISH:LEG038-2', 995, 10, 'MLLR.LEATHR.BENCH.STNDRD - LTHR-01 - Leg038-1'),
    (12, 8, 'https://content.cylindo.com/api/v2/4472/products/MLLR.LEATHR.BENCH.STNDRD/frames/1/MLLR.LEATHR.BENCH.STNDRD.JPG?background=FFFFFF&feature=COLOR:8519A&feature=FINISH:LEG038-2', 995, 10, 'MLLR.LEATHR.BENCH.STNDRD - LTHR-01 - Leg038-2'),
    (12, 9, 'https://content.cylindo.com/api/v2/4472/products/MLLR.LEATHR.BENCH.STNDRD/frames/1/MLLR.LEATHR.BENCH.STNDRD.JPG?background=FFFFFF&feature=COLOR:8519A&feature=FINISH:LEG038-2', 995, 10, 'MLLR.LEATHR.BENCH.STNDRD - LTHR-03 - Leg038-1'),
    (12, 10, 'https://content.cylindo.com/api/v2/4472/products/MLLR.LEATHR.BENCH.STNDRD/frames/1/MLLR.LEATHR.BENCH.STNDRD.JPG?background=FFFFFF&feature=COLOR:8519A&feature=FINISH:LEG038-2', 995, 10, 'MLLR.LEATHR.BENCH.STNDRD - LTHR-03 - Leg038-2');
INSERT INTO "variant_value"(product_id, option_id, variant_id, category_id, option_value)
VALUES
    (9, 1, 1, 3, 'Sage'),
    (9, 2, 1, 3, 'Matte Black'),
    (9, 1, 2, 3, 'Sage'),
    (9, 2, 2, 3, 'Matte Brass'),
    (9, 1, 3, 3, 'Coral'),
    (9, 2, 3, 3, 'Matte Black'),
    (9, 1, 4, 3, 'Coral'),
    (9, 2, 4, 3, 'Matte Brass'),
    (10, 1, 1, 3, 'Fossil'),
    (10, 2, 1, 3, 'Matte Black'),
    (10, 1, 2, 3, 'Fossil'),
    (10, 2, 2, 3, 'Matte Brass'),
    (10, 1, 3, 3, 'Palomino'),
    (10, 2, 3, 3, 'Matte Black'),
    (10, 1, 4, 3, 'Palomino'),
    (10, 2, 4, 3, 'Matte Brass'),
    (11, 1, 1, 3, 'Cobalt'),
    (11, 2, 1, 3, 'Matte Black'),
    (11, 1, 2, 3, 'Cobalt'),
    (11, 2, 2, 3, 'Matte Brass'),
    (11, 1, 3, 3, 'Bloom'),
    (11, 2, 3, 3, 'Matte Black'),
    (11, 1, 4, 3, 'Bloom'),
    (11, 2, 4, 3, 'Matte Brass'),
    (12, 1, 1, 3, 'Pecan'),
    (12, 2, 1, 3, 'Matte Black'),
    (12, 1, 2, 3, 'Pecan'),
    (12, 2, 2, 3, 'Matte Brass'),
    (12, 1, 3, 3, 'Fossil'),
    (12, 2, 3, 3, 'Matte Black'),
    (12, 1, 4, 3, 'Fossil'),
    (12, 2, 4, 3, 'Matte Brass');
INSERT INTO "product"(product_id, product_name, brand_id, category_id, image)
VALUES
    (13, 'Sloan Ottoman', 1, 9, 'https://content.cylindo.com/api/v2/4472/products/SLON.FABRIC.OTTO.STNDRD/frames/1/SLON.FABRIC.OTTO.STNDRD.JPG?background=FFFFFF&feature=COLOR:BI-132&feature=FINISH:LEG001-1'),
    (14, 'Sloan Leather Ottoman', 1, 9, 'https://content.cylindo.com/api/v2/4472/products/SLON.LEATHR.OTTO.STNDRD/frames/1/SLON.LEATHR.OTTO.STNDRD.JPG?background=FFFFFF&feature=COLOR:2210A&feature=FINISH:LEG008-3'),
    (15, 'Sloan Storage Ottoman', 1, 9, 'https://content.cylindo.com/api/v2/4472/products/SLON.FABRIC.OTTO.STNDRD.STORAGE/frames/1/SLON.FABRIC.OTTO.STNDRD.STORAGE.JPG?background=FFFFFF&feature=1:BI-132&feature=2:LEG001-1&feature=STORAGE:CLOSE'),
    (16, ' Sloan Leather Storage Ottoman', 1, 9, 'https://content.cylindo.com/api/v2/4472/products/SLON.LEATHR.OTTO.STNDRD.STORAGE/frames/1/SLON.LEATHR.OTTO.STNDRD.STORAGE.JPG?background=FFFFFF&feature=1:2210A&feature=2:LEG008-3&feature=STORAGE:CLOSE');
INSERT INTO "options"(option_id, category_id, option_name)
VALUES
    (1, 9, 'Chất liệu'),
    (2, 9, 'Chất liệu chân');
INSERT INTO "product_variant"(product_id, variant_id, image, price, quantity, sku)
VALUES
    (13, 1, 'https://content.cylindo.com/api/v2/4472/products/SLON.FABRIC.OTTO.STNDRD/frames/1/SLON.FABRIC.OTTO.STNDRD.JPG?background=FFFFFF&feature=COLOR:BI-132&feature=FINISH:Leg001-1', 545, 10, 'SLON.FABRIC.OTTO.STNDRD - BI-132 - Leg001-1'),
    (13, 2, 'https://content.cylindo.com/api/v2/4472/products/SLON.FABRIC.OTTO.STNDRD/frames/1/SLON.FABRIC.OTTO.STNDRD.JPG?background=FFFFFF&feature=COLOR:BI-132&feature=FINISH:Leg001-2', 545, 10, 'SLON.FABRIC.OTTO.STNDRD - BI-132 - Leg001-2'),
    (13, 3, 'https://content.cylindo.com/api/v2/4472/products/SLON.FABRIC.OTTO.STNDRD/frames/1/SLON.FABRIC.OTTO.STNDRD.JPG?background=FFFFFF&feature=COLOR:BI-132&feature=FINISH:Leg001-3', 545, 10, 'SLON.FABRIC.OTTO.STNDRD - BI-132 - Leg001-3'),
    (13, 4, 'https://content.cylindo.com/api/v2/4472/products/SLON.FABRIC.OTTO.STNDRD/frames/1/SLON.FABRIC.OTTO.STNDRD.JPG?background=FFFFFF&feature=COLOR:BI-132&feature=FINISH:Leg008-1', 545, 10, 'SLON.FABRIC.OTTO.STNDRD - BI-132 - Leg008-1'),
    (13, 5, 'https://content.cylindo.com/api/v2/4472/products/SLON.FABRIC.OTTO.STNDRD/frames/1/SLON.FABRIC.OTTO.STNDRD.JPG?background=FFFFFF&feature=COLOR:BI-134&feature=FINISH:Leg001-1', 545, 10, 'SLON.FABRIC.OTTO.STNDRD - BI-134 - Leg001-1'),
    (13, 6, 'https://content.cylindo.com/api/v2/4472/products/SLON.FABRIC.OTTO.STNDRD/frames/1/SLON.FABRIC.OTTO.STNDRD.JPG?background=FFFFFF&feature=COLOR:BI-134&feature=FINISH:Leg001-2', 545, 10, 'SLON.FABRIC.OTTO.STNDRD - BI-134 - Leg001-2'),
    (13, 7, 'https://content.cylindo.com/api/v2/4472/products/SLON.FABRIC.OTTO.STNDRD/frames/1/SLON.FABRIC.OTTO.STNDRD.JPG?background=FFFFFF&feature=COLOR:BI-134&feature=FINISH:Leg001-3', 545, 10, 'SLON.FABRIC.OTTO.STNDRD - BI-134 - Leg001-3'),
    (13, 8, 'https://content.cylindo.com/api/v2/4472/products/SLON.FABRIC.OTTO.STNDRD/frames/1/SLON.FABRIC.OTTO.STNDRD.JPG?background=FFFFFF&feature=COLOR:BI-134&feature=FINISH:Leg008-1', 545, 10, 'SLON.FABRIC.OTTO.STNDRD - BI-134 - Leg008-1'),
    (13, 9, 'https://content.cylindo.com/api/v2/4472/products/SLON.FABRIC.OTTO.STNDRD/frames/1/SLON.FABRIC.OTTO.STNDRD.JPG?background=FFFFFF&feature=COLOR:BI-133&feature=FINISH:Leg001-1', 545, 10, 'SLON.FABRIC.OTTO.STNDRD - BI-133 - Leg001-1'),
    (13, 10, 'https://content.cylindo.com/api/v2/4472/products/SLON.FABRIC.OTTO.STNDRD/frames/1/SLON.FABRIC.OTTO.STNDRD.JPG?background=FFFFFF&feature=COLOR:BI-133&feature=FINISH:Leg001-2', 545, 10, 'SLON.FABRIC.OTTO.STNDRD - BI-133 - Leg001-2'),
    (13, 11, 'https://content.cylindo.com/api/v2/4472/products/SLON.FABRIC.OTTO.STNDRD/frames/1/SLON.FABRIC.OTTO.STNDRD.JPG?background=FFFFFF&feature=COLOR:BI-133&feature=FINISH:Leg001-3', 545, 10, 'SLON.FABRIC.OTTO.STNDRD - BI-133 - Leg001-3'),
    (13, 12, 'https://content.cylindo.com/api/v2/4472/products/SLON.FABRIC.OTTO.STNDRD/frames/1/SLON.FABRIC.OTTO.STNDRD.JPG?background=FFFFFF&feature=COLOR:BI-133&feature=FINISH:Leg008-1', 545, 10, 'SLON.FABRIC.OTTO.STNDRD - BI-133 - Leg008-1'),
    (13, 13, 'https://content.cylindo.com/api/v2/4472/products/SLON.FABRIC.OTTO.STNDRD/frames/1/SLON.FABRIC.OTTO.STNDRD.JPG?background=FFFFFF&feature=COLOR:SE-161&feature=FINISH:Leg001-1', 545, 10, 'SLON.FABRIC.OTTO.STNDRD - SE-161 - Leg001-1'),
    (13, 14, 'https://content.cylindo.com/api/v2/4472/products/SLON.FABRIC.OTTO.STNDRD/frames/1/SLON.FABRIC.OTTO.STNDRD.JPG?background=FFFFFF&feature=COLOR:SE-161&feature=FINISH:Leg001-2', 545, 10, 'SLON.FABRIC.OTTO.STNDRD - SE-161 - Leg001-2'),
    (13, 15, 'https://content.cylindo.com/api/v2/4472/products/SLON.FABRIC.OTTO.STNDRD/frames/1/SLON.FABRIC.OTTO.STNDRD.JPG?background=FFFFFF&feature=COLOR:SE-161&feature=FINISH:Leg001-3', 545, 10, 'SLON.FABRIC.OTTO.STNDRD - SE-161 - Leg001-3'),
    (13, 16, 'https://content.cylindo.com/api/v2/4472/products/SLON.FABRIC.OTTO.STNDRD/frames/1/SLON.FABRIC.OTTO.STNDRD.JPG?background=FFFFFF&feature=COLOR:SE-161&feature=FINISH:Leg008-1', 545, 10, 'SLON.FABRIC.OTTO.STNDRD - SE-161 - Leg008-1'),
    (13, 17, 'https://content.cylindo.com/api/v2/4472/products/SLON.FABRIC.OTTO.STNDRD/frames/1/SLON.FABRIC.OTTO.STNDRD.JPG?background=FFFFFF&feature=COLOR:SE-167&feature=FINISH:Leg001-1', 545, 10, 'SLON.FABRIC.OTTO.STNDRD - SE-167 - Leg001-1'),
    (13, 18, 'https://content.cylindo.com/api/v2/4472/products/SLON.FABRIC.OTTO.STNDRD/frames/1/SLON.FABRIC.OTTO.STNDRD.JPG?background=FFFFFF&feature=COLOR:SE-167&feature=FINISH:Leg001-2', 545, 10, 'SLON.FABRIC.OTTO.STNDRD - SE-167 - Leg001-2'),
    (13, 19, 'https://content.cylindo.com/api/v2/4472/products/SLON.FABRIC.OTTO.STNDRD/frames/1/SLON.FABRIC.OTTO.STNDRD.JPG?background=FFFFFF&feature=COLOR:SE-167&feature=FINISH:Leg001-3', 545, 10, 'SLON.FABRIC.OTTO.STNDRD - SE-167 - Leg001-3'),
    (13, 20, 'https://content.cylindo.com/api/v2/4472/products/SLON.FABRIC.OTTO.STNDRD/frames/1/SLON.FABRIC.OTTO.STNDRD.JPG?background=FFFFFF&feature=COLOR:SE-167&feature=FINISH:Leg008-1', 545, 10, 'SLON.FABRIC.OTTO.STNDRD - SE-167 - Leg008-1'),
    (14, 1, 'https://content.cylindo.com/api/v2/4472/products/SLON.LEATHR.OTTO.STNDRD/frames/1/SLON.LEATHR.OTTO.STNDRD.JPG?background=FFFFFF&feature=COLOR:2210A&feature=FINISH:Leg008-1', 695, 10, 'SLON.LEATHR.OTTO.STNDRD - 2210A - Leg008-1'),
    (14, 2, 'https://content.cylindo.com/api/v2/4472/products/SLON.LEATHR.OTTO.STNDRD/frames/1/SLON.LEATHR.OTTO.STNDRD.JPG?background=FFFFFF&feature=COLOR:2210A&feature=FINISH:Leg008-3', 695, 10, 'SLON.LEATHR.OTTO.STNDRD - 2210A - Leg008-3'),
    (14, 3, 'https://content.cylindo.com/api/v2/4472/products/SLON.LEATHR.OTTO.STNDRD/frames/1/SLON.LEATHR.OTTO.STNDRD.JPG?background=FFFFFF&feature=COLOR:2210A&feature=FINISH:Leg008-2', 695, 10, 'SLON.LEATHR.OTTO.STNDRD - 2210A - Leg008-2'),
    (14, 4, 'https://content.cylindo.com/api/v2/4472/products/SLON.LEATHR.OTTO.STNDRD/frames/1/SLON.LEATHR.OTTO.STNDRD.JPG?background=FFFFFF&feature=COLOR:2210A&feature=FINISH:Leg001-1', 695, 10, 'SLON.LEATHR.OTTO.STNDRD - 2210A - Leg001-1'),
    (14, 5, 'https://content.cylindo.com/api/v2/4472/products/SLON.LEATHR.OTTO.STNDRD/frames/1/SLON.LEATHR.OTTO.STNDRD.JPG?background=FFFFFF&feature=COLOR:LTHR-02&feature=FINISH:Leg008-1', 695, 10, 'SLON.LEATHR.OTTO.STNDRD - LTHR-02 - Leg008-1'),
    (14, 6, 'https://content.cylindo.com/api/v2/4472/products/SLON.LEATHR.OTTO.STNDRD/frames/1/SLON.LEATHR.OTTO.STNDRD.JPG?background=FFFFFF&feature=COLOR:LTHR-02&feature=FINISH:Leg008-3', 695, 10, 'SLON.LEATHR.OTTO.STNDRD - LTHR-02 - Leg008-3'),
    (14, 7, 'https://content.cylindo.com/api/v2/4472/products/SLON.LEATHR.OTTO.STNDRD/frames/1/SLON.LEATHR.OTTO.STNDRD.JPG?background=FFFFFF&feature=COLOR:LTHR-02&feature=FINISH:Leg008-2', 695, 10, 'SLON.LEATHR.OTTO.STNDRD - LTHR-02 - Leg008-2'),
    (14, 8, 'https://content.cylindo.com/api/v2/4472/products/SLON.LEATHR.OTTO.STNDRD/frames/1/SLON.LEATHR.OTTO.STNDRD.JPG?background=FFFFFF&feature=COLOR:LTHR-02&feature=FINISH:Leg001-1', 695, 10, 'SLON.LEATHR.OTTO.STNDRD - LTHR-02 - Leg001-1'),
    (14, 9, 'https://content.cylindo.com/api/v2/4472/products/SLON.LEATHR.OTTO.STNDRD/frames/1/SLON.LEATHR.OTTO.STNDRD.JPG?background=FFFFFF&feature=COLOR:8519A&feature=FINISH:Leg008-1', 695, 10, 'SLON.LEATHR.OTTO.STNDRD - 8519A - Leg008-1'),
    (14, 10, 'https://content.cylindo.com/api/v2/4472/products/SLON.LEATHR.OTTO.STNDRD/frames/1/SLON.LEATHR.OTTO.STNDRD.JPG?background=FFFFFF&feature=COLOR:8519A&feature=FINISH:Leg008-3', 695, 10, 'SLON.LEATHR.OTTO.STNDRD - 8519A - Leg008-3'),
    (14, 11, 'https://content.cylindo.com/api/v2/4472/products/SLON.LEATHR.OTTO.STNDRD/frames/1/SLON.LEATHR.OTTO.STNDRD.JPG?background=FFFFFF&feature=COLOR:8519A&feature=FINISH:Leg008-2', 695, 10, 'SLON.LEATHR.OTTO.STNDRD - 8519A - Leg008-2'),
    (14, 12, 'https://content.cylindo.com/api/v2/4472/products/SLON.LEATHR.OTTO.STNDRD/frames/1/SLON.LEATHR.OTTO.STNDRD.JPG?background=FFFFFF&feature=COLOR:8519A&feature=FINISH:Leg001-1', 695, 10, 'SLON.LEATHR.OTTO.STNDRD - 8519A - Leg001-1'),
    (14, 13, 'https://content.cylindo.com/api/v2/4472/products/SLON.LEATHR.OTTO.STNDRD/frames/1/SLON.LEATHR.OTTO.STNDRD.JPG?background=FFFFFF&feature=COLOR:LTHR-01&feature=FINISH:Leg008-1', 695, 10, 'SLON.LEATHR.OTTO.STNDRD - LTHR-01 - Leg008-1'),
    (14, 14, 'https://content.cylindo.com/api/v2/4472/products/SLON.LEATHR.OTTO.STNDRD/frames/1/SLON.LEATHR.OTTO.STNDRD.JPG?background=FFFFFF&feature=COLOR:LTHR-01&feature=FINISH:Leg008-3', 695, 10, 'SLON.LEATHR.OTTO.STNDRD - LTHR-01 - Leg008-3'),
    (14, 15, 'https://content.cylindo.com/api/v2/4472/products/SLON.LEATHR.OTTO.STNDRD/frames/1/SLON.LEATHR.OTTO.STNDRD.JPG?background=FFFFFF&feature=COLOR:LTHR-01&feature=FINISH:Leg008-2', 695, 10, 'SLON.LEATHR.OTTO.STNDRD - LTHR-01 - Leg008-2'),
    (14, 16, 'https://content.cylindo.com/api/v2/4472/products/SLON.LEATHR.OTTO.STNDRD/frames/1/SLON.LEATHR.OTTO.STNDRD.JPG?background=FFFFFF&feature=COLOR:LTHR-01&feature=FINISH:Leg001-1', 695, 10, 'SLON.LEATHR.OTTO.STNDRD - LTHR-01 - Leg001-1'),
    (14, 17, 'https://content.cylindo.com/api/v2/4472/products/SLON.LEATHR.OTTO.STNDRD/frames/1/SLON.LEATHR.OTTO.STNDRD.JPG?background=FFFFFF&feature=COLOR:LTHR-03&feature=FINISH:Leg008-1', 695, 10, 'SLON.LEATHR.OTTO.STNDRD - LTHR-03 - Leg008-1'),
    (14, 18, 'https://content.cylindo.com/api/v2/4472/products/SLON.LEATHR.OTTO.STNDRD/frames/1/SLON.LEATHR.OTTO.STNDRD.JPG?background=FFFFFF&feature=COLOR:LTHR-03&feature=FINISH:Leg008-3', 695, 10, 'SLON.LEATHR.OTTO.STNDRD - LTHR-03 - Leg008-3'),
    (14, 19, 'https://content.cylindo.com/api/v2/4472/products/SLON.LEATHR.OTTO.STNDRD/frames/1/SLON.LEATHR.OTTO.STNDRD.JPG?background=FFFFFF&feature=COLOR:LTHR-03&feature=FINISH:Leg008-2', 695, 10, 'SLON.LEATHR.OTTO.STNDRD - LTHR-03 - Leg008-2'),
    (14, 20, 'https://content.cylindo.com/api/v2/4472/products/SLON.LEATHR.OTTO.STNDRD/frames/1/SLON.LEATHR.OTTO.STNDRD.JPG?background=FFFFFF&feature=COLOR:LTHR-03&feature=FINISH:Leg001-1', 695, 10, 'SLON.LEATHR.OTTO.STNDRD - LTHR-03 - Leg001-1'),
    (15, 1, 'https://content.cylindo.com/api/v2/4472/products/SLON.FABRIC.OTTO.STNDRD.STORAGE/frames/1/SLON.FABRIC.OTTO.STNDRD.STORAGE.JPG?background=FFFFFF&feature=1:BI-132&feature=2:Leg001-1&feature=STORAGE:CLOSE', 745, 10, 'SLON.FABRIC.OTTO.STNDRD.STORAGE - BI-132 - Leg001-1'),
    (15, 2, 'https://content.cylindo.com/api/v2/4472/products/SLON.FABRIC.OTTO.STNDRD.STORAGE/frames/1/SLON.FABRIC.OTTO.STNDRD.STORAGE.JPG?background=FFFFFF&feature=1:BI-132&feature=2:Leg001-2&feature=STORAGE:CLOSE', 745, 10, 'SLON.FABRIC.OTTO.STNDRD.STORAGE - BI-132 - Leg001-2'),
    (15, 3, 'https://content.cylindo.com/api/v2/4472/products/SLON.FABRIC.OTTO.STNDRD.STORAGE/frames/1/SLON.FABRIC.OTTO.STNDRD.STORAGE.JPG?background=FFFFFF&feature=1:BI-132&feature=2:Leg001-3&feature=STORAGE:CLOSE', 745, 10, 'SLON.FABRIC.OTTO.STNDRD.STORAGE - BI-132 - Leg001-3'),
    (15, 4, 'https://content.cylindo.com/api/v2/4472/products/SLON.FABRIC.OTTO.STNDRD.STORAGE/frames/1/SLON.FABRIC.OTTO.STNDRD.STORAGE.JPG?background=FFFFFF&feature=1:BI-132&feature=2:Leg008-1&feature=STORAGE:CLOSE', 745, 10, 'SLON.FABRIC.OTTO.STNDRD.STORAGE - BI-132 - Leg008-1'),
    (15, 5, 'https://content.cylindo.com/api/v2/4472/products/SLON.FABRIC.OTTO.STNDRD.STORAGE/frames/1/SLON.FABRIC.OTTO.STNDRD.STORAGE.JPG?background=FFFFFF&feature=1:BI-134&feature=2:Leg001-1&feature=STORAGE:CLOSE', 745, 10, 'SLON.FABRIC.OTTO.STNDRD.STORAGE - BI-134 - Leg001-1'),
    (15, 6, 'https://content.cylindo.com/api/v2/4472/products/SLON.FABRIC.OTTO.STNDRD.STORAGE/frames/1/SLON.FABRIC.OTTO.STNDRD.STORAGE.JPG?background=FFFFFF&feature=1:BI-134&feature=2:Leg001-2&feature=STORAGE:CLOSE', 745, 10, 'SLON.FABRIC.OTTO.STNDRD.STORAGE - BI-134 - Leg001-2'),
    (15, 7, 'https://content.cylindo.com/api/v2/4472/products/SLON.FABRIC.OTTO.STNDRD.STORAGE/frames/1/SLON.FABRIC.OTTO.STNDRD.STORAGE.JPG?background=FFFFFF&feature=1:BI-134&feature=2:Leg001-3&feature=STORAGE:CLOSE', 745, 10, 'SLON.FABRIC.OTTO.STNDRD.STORAGE - BI-134 - Leg001-3'),
    (15, 8, 'https://content.cylindo.com/api/v2/4472/products/SLON.FABRIC.OTTO.STNDRD.STORAGE/frames/1/SLON.FABRIC.OTTO.STNDRD.STORAGE.JPG?background=FFFFFF&feature=1:BI-134&feature=2:Leg008-1&feature=STORAGE:CLOSE', 745, 10, 'SLON.FABRIC.OTTO.STNDRD.STORAGE - BI-134 - Leg008-1'),
    (15, 9, 'https://content.cylindo.com/api/v2/4472/products/SLON.FABRIC.OTTO.STNDRD.STORAGE/frames/1/SLON.FABRIC.OTTO.STNDRD.STORAGE.JPG?background=FFFFFF&feature=1:BI-133&feature=2:Leg001-1&feature=STORAGE:CLOSE', 745, 10, 'SLON.FABRIC.OTTO.STNDRD.STORAGE - BI-133 - Leg001-1'),
    (15, 10, 'https://content.cylindo.com/api/v2/4472/products/SLON.FABRIC.OTTO.STNDRD.STORAGE/frames/1/SLON.FABRIC.OTTO.STNDRD.STORAGE.JPG?background=FFFFFF&feature=1:BI-133&feature=2:Leg001-2&feature=STORAGE:CLOSE', 745, 10, 'SLON.FABRIC.OTTO.STNDRD.STORAGE - BI-133 - Leg001-2'),
    (15, 11, 'https://content.cylindo.com/api/v2/4472/products/SLON.FABRIC.OTTO.STNDRD.STORAGE/frames/1/SLON.FABRIC.OTTO.STNDRD.STORAGE.JPG?background=FFFFFF&feature=1:BI-133&feature=2:Leg001-3&feature=STORAGE:CLOSE', 745, 10, 'SLON.FABRIC.OTTO.STNDRD.STORAGE - BI-133 - Leg001-3'),
    (15, 12, 'https://content.cylindo.com/api/v2/4472/products/SLON.FABRIC.OTTO.STNDRD.STORAGE/frames/1/SLON.FABRIC.OTTO.STNDRD.STORAGE.JPG?background=FFFFFF&feature=1:BI-133&feature=2:Leg008-1&feature=STORAGE:CLOSE', 745, 10, 'SLON.FABRIC.OTTO.STNDRD.STORAGE - BI-133 - Leg008-1'),
    (15, 13, 'https://content.cylindo.com/api/v2/4472/products/SLON.FABRIC.OTTO.STNDRD.STORAGE/frames/1/SLON.FABRIC.OTTO.STNDRD.STORAGE.JPG?background=FFFFFF&feature=1:SE-161&feature=2:Leg001-1&feature=STORAGE:CLOSE', 745, 10, 'SLON.FABRIC.OTTO.STNDRD.STORAGE - SE-161 - Leg001-1'),
    (15, 14, 'https://content.cylindo.com/api/v2/4472/products/SLON.FABRIC.OTTO.STNDRD.STORAGE/frames/1/SLON.FABRIC.OTTO.STNDRD.STORAGE.JPG?background=FFFFFF&feature=1:SE-161&feature=2:Leg001-2&feature=STORAGE:CLOSE', 745, 10, 'SLON.FABRIC.OTTO.STNDRD.STORAGE - SE-161 - Leg001-2'),
    (15, 15, 'https://content.cylindo.com/api/v2/4472/products/SLON.FABRIC.OTTO.STNDRD.STORAGE/frames/1/SLON.FABRIC.OTTO.STNDRD.STORAGE.JPG?background=FFFFFF&feature=1:SE-161&feature=2:Leg001-3&feature=STORAGE:CLOSE', 745, 10, 'SLON.FABRIC.OTTO.STNDRD.STORAGE - SE-161 - Leg001-3'),
    (15, 16, 'https://content.cylindo.com/api/v2/4472/products/SLON.FABRIC.OTTO.STNDRD.STORAGE/frames/1/SLON.FABRIC.OTTO.STNDRD.STORAGE.JPG?background=FFFFFF&feature=1:SE-161&feature=2:Leg008-1&feature=STORAGE:CLOSE', 745, 10, 'SLON.FABRIC.OTTO.STNDRD.STORAGE - SE-161 - Leg008-1'),
    (15, 17, 'https://content.cylindo.com/api/v2/4472/products/SLON.FABRIC.OTTO.STNDRD.STORAGE/frames/1/SLON.FABRIC.OTTO.STNDRD.STORAGE.JPG?background=FFFFFF&feature=1:SE-167&feature=2:Leg001-1&feature=STORAGE:CLOSE', 745, 10, 'SLON.FABRIC.OTTO.STNDRD.STORAGE - SE-167 - Leg001-1'),
    (15, 18, 'https://content.cylindo.com/api/v2/4472/products/SLON.FABRIC.OTTO.STNDRD.STORAGE/frames/1/SLON.FABRIC.OTTO.STNDRD.STORAGE.JPG?background=FFFFFF&feature=1:SE-167&feature=2:Leg001-2&feature=STORAGE:CLOSE', 745, 10, 'SLON.FABRIC.OTTO.STNDRD.STORAGE - SE-167 - Leg001-2'),
    (15, 19, 'https://content.cylindo.com/api/v2/4472/products/SLON.FABRIC.OTTO.STNDRD.STORAGE/frames/1/SLON.FABRIC.OTTO.STNDRD.STORAGE.JPG?background=FFFFFF&feature=1:SE-167&feature=2:Leg001-3&feature=STORAGE:CLOSE', 745, 10, 'SLON.FABRIC.OTTO.STNDRD.STORAGE - SE-167 - Leg001-3'),
    (15, 20, 'https://content.cylindo.com/api/v2/4472/products/SLON.FABRIC.OTTO.STNDRD.STORAGE/frames/1/SLON.FABRIC.OTTO.STNDRD.STORAGE.JPG?background=FFFFFF&feature=1:SE-167&feature=2:Leg008-1&feature=STORAGE:CLOSE', 745, 10, 'SLON.FABRIC.OTTO.STNDRD.STORAGE - SE-167 - Leg008-1'),
    (16, 1, 'https://content.cylindo.com/api/v2/4472/products/SLON.LEATHR.OTTO.STNDRD.STORAGE/frames/1/SLON.LEATHR.OTTO.STNDRD.STORAGE.JPG?background=FFFFFF&feature=1:2210A&feature=2:Leg008-1&feature=STORAGE:CLOSE', 995, 10, 'SLON.LEATHR.OTTO.STNDRD.STORAGE - 2210A - Leg008-1'),
    (16, 2, 'https://content.cylindo.com/api/v2/4472/products/SLON.LEATHR.OTTO.STNDRD.STORAGE/frames/1/SLON.LEATHR.OTTO.STNDRD.STORAGE.JPG?background=FFFFFF&feature=1:2210A&feature=2:Leg008-3&feature=STORAGE:CLOSE', 995, 10, 'SLON.LEATHR.OTTO.STNDRD.STORAGE - 2210A - Leg008-3'),
    (16, 3, 'https://content.cylindo.com/api/v2/4472/products/SLON.LEATHR.OTTO.STNDRD.STORAGE/frames/1/SLON.LEATHR.OTTO.STNDRD.STORAGE.JPG?background=FFFFFF&feature=1:2210A&feature=2:Leg008-2&feature=STORAGE:CLOSE', 995, 10, 'SLON.LEATHR.OTTO.STNDRD.STORAGE - 2210A - Leg008-2'),
    (16, 4, 'https://content.cylindo.com/api/v2/4472/products/SLON.LEATHR.OTTO.STNDRD.STORAGE/frames/1/SLON.LEATHR.OTTO.STNDRD.STORAGE.JPG?background=FFFFFF&feature=1:2210A&feature=2:Leg001-1&feature=STORAGE:CLOSE', 995, 10, 'SLON.LEATHR.OTTO.STNDRD.STORAGE - 2210A - Leg001-1'),
    (16, 5, 'https://content.cylindo.com/api/v2/4472/products/SLON.LEATHR.OTTO.STNDRD.STORAGE/frames/1/SLON.LEATHR.OTTO.STNDRD.STORAGE.JPG?background=FFFFFF&feature=1:LTHR-02&feature=2:Leg008-1&feature=STORAGE:CLOSE', 995, 10, 'SLON.LEATHR.OTTO.STNDRD.STORAGE - LTHR-02 - Leg008-1'),
    (16, 6, 'https://content.cylindo.com/api/v2/4472/products/SLON.LEATHR.OTTO.STNDRD.STORAGE/frames/1/SLON.LEATHR.OTTO.STNDRD.STORAGE.JPG?background=FFFFFF&feature=1:LTHR-02&feature=2:Leg008-3&feature=STORAGE:CLOSE', 995, 10, 'SLON.LEATHR.OTTO.STNDRD.STORAGE - LTHR-02 - Leg008-3'),
    (16, 7, 'https://content.cylindo.com/api/v2/4472/products/SLON.LEATHR.OTTO.STNDRD.STORAGE/frames/1/SLON.LEATHR.OTTO.STNDRD.STORAGE.JPG?background=FFFFFF&feature=1:LTHR-02&feature=2:Leg008-2&feature=STORAGE:CLOSE', 995, 10, 'SLON.LEATHR.OTTO.STNDRD.STORAGE - LTHR-02 - Leg008-2'),
    (16, 8, 'https://content.cylindo.com/api/v2/4472/products/SLON.LEATHR.OTTO.STNDRD.STORAGE/frames/1/SLON.LEATHR.OTTO.STNDRD.STORAGE.JPG?background=FFFFFF&feature=1:LTHR-02&feature=2:Leg001-1&feature=STORAGE:CLOSE', 995, 10, 'SLON.LEATHR.OTTO.STNDRD.STORAGE - LTHR-02 - Leg001-1'),
    (16, 9, 'https://content.cylindo.com/api/v2/4472/products/SLON.LEATHR.OTTO.STNDRD.STORAGE/frames/1/SLON.LEATHR.OTTO.STNDRD.STORAGE.JPG?background=FFFFFF&feature=1:8519A&feature=2:Leg008-1&feature=STORAGE:CLOSE', 995, 10, 'SLON.LEATHR.OTTO.STNDRD.STORAGE - 8519A - Leg008-1'),
    (16, 10, 'https://content.cylindo.com/api/v2/4472/products/SLON.LEATHR.OTTO.STNDRD.STORAGE/frames/1/SLON.LEATHR.OTTO.STNDRD.STORAGE.JPG?background=FFFFFF&feature=1:8519A&feature=2:Leg008-3&feature=STORAGE:CLOSE', 995, 10, 'SLON.LEATHR.OTTO.STNDRD.STORAGE - 8519A - Leg008-3'),
    (16, 11, 'https://content.cylindo.com/api/v2/4472/products/SLON.LEATHR.OTTO.STNDRD.STORAGE/frames/1/SLON.LEATHR.OTTO.STNDRD.STORAGE.JPG?background=FFFFFF&feature=1:8519A&feature=2:Leg008-2&feature=STORAGE:CLOSE', 995, 10, 'SLON.LEATHR.OTTO.STNDRD.STORAGE - 8519A - Leg008-2'),
    (16, 12, 'https://content.cylindo.com/api/v2/4472/products/SLON.LEATHR.OTTO.STNDRD.STORAGE/frames/1/SLON.LEATHR.OTTO.STNDRD.STORAGE.JPG?background=FFFFFF&feature=1:8519A&feature=2:Leg001-1&feature=STORAGE:CLOSE', 995, 10, 'SLON.LEATHR.OTTO.STNDRD.STORAGE - 8519A - Leg001-1'),
    (16, 13, 'https://content.cylindo.com/api/v2/4472/products/SLON.LEATHR.OTTO.STNDRD.STORAGE/frames/1/SLON.LEATHR.OTTO.STNDRD.STORAGE.JPG?background=FFFFFF&feature=1:LTHR-01&feature=2:Leg008-1&feature=STORAGE:CLOSE', 995, 10, 'SLON.LEATHR.OTTO.STNDRD.STORAGE - LTHR-01 - Leg008-1'),
    (16, 14, 'https://content.cylindo.com/api/v2/4472/products/SLON.LEATHR.OTTO.STNDRD.STORAGE/frames/1/SLON.LEATHR.OTTO.STNDRD.STORAGE.JPG?background=FFFFFF&feature=1:LTHR-01&feature=2:Leg008-3&feature=STORAGE:CLOSE', 995, 10, 'SLON.LEATHR.OTTO.STNDRD.STORAGE - LTHR-01 - Leg008-3'),
    (16, 15, 'https://content.cylindo.com/api/v2/4472/products/SLON.LEATHR.OTTO.STNDRD.STORAGE/frames/1/SLON.LEATHR.OTTO.STNDRD.STORAGE.JPG?background=FFFFFF&feature=1:LTHR-01&feature=2:Leg008-2&feature=STORAGE:CLOSE', 995, 10, 'SLON.LEATHR.OTTO.STNDRD.STORAGE - LTHR-01 - Leg008-2'),
    (16, 16, 'https://content.cylindo.com/api/v2/4472/products/SLON.LEATHR.OTTO.STNDRD.STORAGE/frames/1/SLON.LEATHR.OTTO.STNDRD.STORAGE.JPG?background=FFFFFF&feature=1:LTHR-01&feature=2:Leg001-1&feature=STORAGE:CLOSE', 995, 10, 'SLON.LEATHR.OTTO.STNDRD.STORAGE - LTHR-01 - Leg001-1'),
    (16, 17, 'https://content.cylindo.com/api/v2/4472/products/SLON.LEATHR.OTTO.STNDRD.STORAGE/frames/1/SLON.LEATHR.OTTO.STNDRD.STORAGE.JPG?background=FFFFFF&feature=1:LTHR-03&feature=2:Leg008-1&feature=STORAGE:CLOSE', 995, 10, 'SLON.LEATHR.OTTO.STNDRD.STORAGE - LTHR-03 - Leg008-1'),
    (16, 18, 'https://content.cylindo.com/api/v2/4472/products/SLON.LEATHR.OTTO.STNDRD.STORAGE/frames/1/SLON.LEATHR.OTTO.STNDRD.STORAGE.JPG?background=FFFFFF&feature=1:LTHR-03&feature=2:Leg008-3&feature=STORAGE:CLOSE', 995, 10, 'SLON.LEATHR.OTTO.STNDRD.STORAGE - LTHR-03 - Leg008-3'),
    (16, 19, 'https://content.cylindo.com/api/v2/4472/products/SLON.LEATHR.OTTO.STNDRD.STORAGE/frames/1/SLON.LEATHR.OTTO.STNDRD.STORAGE.JPG?background=FFFFFF&feature=1:LTHR-03&feature=2:Leg008-2&feature=STORAGE:CLOSE', 995, 10, 'SLON.LEATHR.OTTO.STNDRD.STORAGE - LTHR-03 - Leg008-2'),
    (16, 20, 'https://content.cylindo.com/api/v2/4472/products/SLON.LEATHR.OTTO.STNDRD.STORAGE/frames/1/SLON.LEATHR.OTTO.STNDRD.STORAGE.JPG?background=FFFFFF&feature=1:LTHR-03&feature=2:Leg001-1&feature=STORAGE:CLOSE', 995, 10, 'SLON.LEATHR.OTTO.STNDRD.STORAGE - LTHR-03 - Leg001-1');
INSERT INTO "variant_value"(product_id, option_id, variant_id, category_id, option_value)
VALUES
    (13, 1, 1, 3, 'Opal'),
    (13, 2, 1, 3, 'Oiled Walnut'),
    (13, 1, 2, 3, 'Opal'),
    (13, 2, 2, 3, 'Natural Oak'),
    (13, 1, 3, 3, 'Abyss'),
    (13, 2, 3, 3, 'Oiled Walnut'),
    (13, 1, 4, 3, 'Abyss'),
    (13, 2, 4, 3, 'Natural Oak'),
    (14, 1, 1, 3, 'Palomino'),
    (14, 2, 1, 3, 'Chrome Plated'),
    (14, 1, 2, 3, 'Palomino'),
    (14, 2, 2, 3, 'Brass Plated'),
    (14, 1, 3, 3, 'Fossil'),
    (14, 2, 3, 3, 'Chrome Plated'),
    (14, 1, 4, 3, 'Fossil'),
    (14, 2, 4, 3, 'Brass Plated'),
    (15, 1, 1, 3, 'Opal'),
    (15, 2, 1, 3, 'Oiled Walnut'),
    (15, 1, 2, 3, 'Opal'),
    (15, 2, 2, 3, 'Natural Oak'),
    (15, 1, 3, 3, 'Abyss'),
    (15, 2, 3, 3, 'Oiled Walnut'),
    (15, 1, 4, 3, 'Abyss'),
    (15, 2, 4, 3, 'Natural Oak'),
    (16, 1, 1, 3, 'Palomino'),
    (16, 2, 1, 3, 'Chrome Plated'),
    (16, 1, 2, 3, 'Palomino'),
    (16, 2, 2, 3, 'Brass Plated'),
    (16, 1, 3, 3, 'Fossil'),
    (16, 2, 3, 3, 'Chrome Plated'),
    (16, 1, 4, 3, 'Fossil'),
    (16, 2, 4, 3, 'Brass Plated');
INSERT INTO "product"(product_id, product_name, brand_id, category_id, image)
VALUES
    (5, 'Sofa vải hai chỗ', 1, 5, 'https://content.cylindo.com/api/v2/4472/products/SLON.FABRIC.SOFA.STNDRD/frames/1/SLON.FABRIC.SOFA.STNDRD.JPG?background=FFFFFF&feature=COLOR:BI-132&feature=FINISH:LEG001-1&feature=CUSHIONS:CUSHION-2&feature=DEPTH:DEPTH-36'),
    (6, 'Sofa da hai chỗ', 1, 5, 'https://content.cylindo.com/api/v2/4472/products/SLON.LEATHR.SOFA.STNDRD/frames/1/SLON.LEATHR.SOFA.STNDRD.JPG?background=FFFFFF&feature=COLOR:2210A&feature=FINISH:LEG008-3&feature=CUSHIONS:CUSHION-2&feature=DEPTH:DEPTH-36'),
    (7, 'Sofa tình yêu', 1, 5, 'https://content.cylindo.com/api/v2/4472/products/SLON.FABRIC.SOFA.APRTMT/frames/1/SLON.FABRIC.SOFA.APRTMT.JPG?background=FFFFFF&feature=COLOR:BI-132&feature=FINISH:LEG001-1&feature=CUSHIONS:CUSHION-2&feature=DEPTH:DEPTH-36'),
    (8, 'Sofa vải tình yêu', 1, 5, 'https://content.cylindo.com/api/v2/4472/products/SLON.LEATHR.SOFA.APRTMT/frames/1/SLON.LEATHR.SOFA.APRTMT.JPG?background=FFFFFF&feature=COLOR:2210A&feature=FINISH:LEG008-3&feature=CUSHIONS:CUSHION-2&feature=DEPTH:DEPTH-36');
INSERT INTO "options"(option_id, category_id, option_name)
VALUES
    (1, 5, 'Chất liệu'),
    (2, 5, 'Chất liệu chân');
INSERT INTO "product_variant"(product_id, variant_id, image, price, quantity, sku)
VALUES
    (5, 1, 'https://content.cylindo.com/api/v2/4472/products/SLON.FABRIC.SOFA.STNDRD/frames/1/SLON.FABRIC.SOFA.STNDRD.JPG?background=FFFFFF&feature=COLOR:BI-132&feature=FINISH:Leg001-1&feature=CUSHIONS:CUSHION-2&feature=DEPTH:DEPTH-36', 1395, 10, 'SLON.FABRIC.SOFA.STNDRD - BI-132 - Leg001-1'),
    (5, 2, 'https://content.cylindo.com/api/v2/4472/products/SLON.FABRIC.SOFA.STNDRD/frames/1/SLON.FABRIC.SOFA.STNDRD.JPG?background=FFFFFF&feature=COLOR:BI-132&feature=FINISH:Leg001-2&feature=CUSHIONS:CUSHION-2&feature=DEPTH:DEPTH-36', 1395, 10, 'SLON.FABRIC.SOFA.STNDRD - BI-132 - Leg001-2'),
    (5, 3, 'https://content.cylindo.com/api/v2/4472/products/SLON.FABRIC.SOFA.STNDRD/frames/1/SLON.FABRIC.SOFA.STNDRD.JPG?background=FFFFFF&feature=COLOR:BI-132&feature=FINISH:Leg001-3&feature=CUSHIONS:CUSHION-2&feature=DEPTH:DEPTH-36', 1395, 10, 'SLON.FABRIC.SOFA.STNDRD - BI-132 - Leg001-3'),
    (5, 4, 'https://content.cylindo.com/api/v2/4472/products/SLON.FABRIC.SOFA.STNDRD/frames/1/SLON.FABRIC.SOFA.STNDRD.JPG?background=FFFFFF&feature=COLOR:BI-132&feature=FINISH:Leg008-1&feature=CUSHIONS:CUSHION-2&feature=DEPTH:DEPTH-36', 1395, 10, 'SLON.FABRIC.SOFA.STNDRD - BI-132 - Leg008-1'),
    (5, 5, 'https://content.cylindo.com/api/v2/4472/products/SLON.FABRIC.SOFA.STNDRD/frames/1/SLON.FABRIC.SOFA.STNDRD.JPG?background=FFFFFF&feature=COLOR:BI-134&feature=FINISH:Leg001-1&feature=CUSHIONS:CUSHION-2&feature=DEPTH:DEPTH-36', 1395, 10, 'SLON.FABRIC.SOFA.STNDRD - BI-134 - Leg001-1'),
    (5, 6, 'https://content.cylindo.com/api/v2/4472/products/SLON.FABRIC.SOFA.STNDRD/frames/1/SLON.FABRIC.SOFA.STNDRD.JPG?background=FFFFFF&feature=COLOR:BI-134&feature=FINISH:Leg001-2&feature=CUSHIONS:CUSHION-2&feature=DEPTH:DEPTH-36', 1395, 10, 'SLON.FABRIC.SOFA.STNDRD - BI-134 - Leg001-2'),
    (5, 7, 'https://content.cylindo.com/api/v2/4472/products/SLON.FABRIC.SOFA.STNDRD/frames/1/SLON.FABRIC.SOFA.STNDRD.JPG?background=FFFFFF&feature=COLOR:BI-134&feature=FINISH:Leg001-3&feature=CUSHIONS:CUSHION-2&feature=DEPTH:DEPTH-36', 1395, 10, 'SLON.FABRIC.SOFA.STNDRD - BI-134 - Leg001-3'),
    (5, 8, 'https://content.cylindo.com/api/v2/4472/products/SLON.FABRIC.SOFA.STNDRD/frames/1/SLON.FABRIC.SOFA.STNDRD.JPG?background=FFFFFF&feature=COLOR:BI-134&feature=FINISH:Leg008-1&feature=CUSHIONS:CUSHION-2&feature=DEPTH:DEPTH-36', 1395, 10, 'SLON.FABRIC.SOFA.STNDRD - BI-134 - Leg008-1'),
    (5, 9, 'https://content.cylindo.com/api/v2/4472/products/SLON.FABRIC.SOFA.STNDRD/frames/1/SLON.FABRIC.SOFA.STNDRD.JPG?background=FFFFFF&feature=COLOR:BI-133&feature=FINISH:Leg001-1&feature=CUSHIONS:CUSHION-2&feature=DEPTH:DEPTH-36', 1395, 10, 'SLON.FABRIC.SOFA.STNDRD - BI-133 - Leg001-1'),
    (5, 10, 'https://content.cylindo.com/api/v2/4472/products/SLON.FABRIC.SOFA.STNDRD/frames/1/SLON.FABRIC.SOFA.STNDRD.JPG?background=FFFFFF&feature=COLOR:BI-133&feature=FINISH:Leg001-2&feature=CUSHIONS:CUSHION-2&feature=DEPTH:DEPTH-36', 1395, 10, 'SLON.FABRIC.SOFA.STNDRD - BI-133 - Leg001-2'),
    (5, 11, 'https://content.cylindo.com/api/v2/4472/products/SLON.FABRIC.SOFA.STNDRD/frames/1/SLON.FABRIC.SOFA.STNDRD.JPG?background=FFFFFF&feature=COLOR:BI-133&feature=FINISH:Leg001-3&feature=CUSHIONS:CUSHION-2&feature=DEPTH:DEPTH-36', 1395, 10, 'SLON.FABRIC.SOFA.STNDRD - BI-133 - Leg001-3'),
    (5, 12, 'https://content.cylindo.com/api/v2/4472/products/SLON.FABRIC.SOFA.STNDRD/frames/1/SLON.FABRIC.SOFA.STNDRD.JPG?background=FFFFFF&feature=COLOR:BI-133&feature=FINISH:Leg008-1&feature=CUSHIONS:CUSHION-2&feature=DEPTH:DEPTH-36', 1395, 10, 'SLON.FABRIC.SOFA.STNDRD - BI-133 - Leg008-1'),
    (5, 13, 'https://content.cylindo.com/api/v2/4472/products/SLON.FABRIC.SOFA.STNDRD/frames/1/SLON.FABRIC.SOFA.STNDRD.JPG?background=FFFFFF&feature=COLOR:SE-161&feature=FINISH:Leg001-1&feature=CUSHIONS:CUSHION-2&feature=DEPTH:DEPTH-36', 1395, 10, 'SLON.FABRIC.SOFA.STNDRD - SE-161 - Leg001-1'),
    (5, 14, 'https://content.cylindo.com/api/v2/4472/products/SLON.FABRIC.SOFA.STNDRD/frames/1/SLON.FABRIC.SOFA.STNDRD.JPG?background=FFFFFF&feature=COLOR:SE-161&feature=FINISH:Leg001-2&feature=CUSHIONS:CUSHION-2&feature=DEPTH:DEPTH-36', 1395, 10, 'SLON.FABRIC.SOFA.STNDRD - SE-161 - Leg001-2'),
    (5, 15, 'https://content.cylindo.com/api/v2/4472/products/SLON.FABRIC.SOFA.STNDRD/frames/1/SLON.FABRIC.SOFA.STNDRD.JPG?background=FFFFFF&feature=COLOR:SE-161&feature=FINISH:Leg001-3&feature=CUSHIONS:CUSHION-2&feature=DEPTH:DEPTH-36', 1395, 10, 'SLON.FABRIC.SOFA.STNDRD - SE-161 - Leg001-3'),
    (5, 16, 'https://content.cylindo.com/api/v2/4472/products/SLON.FABRIC.SOFA.STNDRD/frames/1/SLON.FABRIC.SOFA.STNDRD.JPG?background=FFFFFF&feature=COLOR:SE-161&feature=FINISH:Leg008-1&feature=CUSHIONS:CUSHION-2&feature=DEPTH:DEPTH-36', 1395, 10, 'SLON.FABRIC.SOFA.STNDRD - SE-161 - Leg008-1'),
    (5, 17, 'https://content.cylindo.com/api/v2/4472/products/SLON.FABRIC.SOFA.STNDRD/frames/1/SLON.FABRIC.SOFA.STNDRD.JPG?background=FFFFFF&feature=COLOR:SE-167&feature=FINISH:Leg001-1&feature=CUSHIONS:CUSHION-2&feature=DEPTH:DEPTH-36', 1395, 10, 'SLON.FABRIC.SOFA.STNDRD - SE-167 - Leg001-1'),
    (5, 18, 'https://content.cylindo.com/api/v2/4472/products/SLON.FABRIC.SOFA.STNDRD/frames/1/SLON.FABRIC.SOFA.STNDRD.JPG?background=FFFFFF&feature=COLOR:SE-167&feature=FINISH:Leg001-2&feature=CUSHIONS:CUSHION-2&feature=DEPTH:DEPTH-36', 1395, 10, 'SLON.FABRIC.SOFA.STNDRD - SE-167 - Leg001-2'),
    (5, 19, 'https://content.cylindo.com/api/v2/4472/products/SLON.FABRIC.SOFA.STNDRD/frames/1/SLON.FABRIC.SOFA.STNDRD.JPG?background=FFFFFF&feature=COLOR:SE-167&feature=FINISH:Leg001-3&feature=CUSHIONS:CUSHION-2&feature=DEPTH:DEPTH-36', 1395, 10, 'SLON.FABRIC.SOFA.STNDRD - SE-167 - Leg001-3'),
    (5, 20, 'https://content.cylindo.com/api/v2/4472/products/SLON.FABRIC.SOFA.STNDRD/frames/1/SLON.FABRIC.SOFA.STNDRD.JPG?background=FFFFFF&feature=COLOR:SE-167&feature=FINISH:Leg008-1&feature=CUSHIONS:CUSHION-2&feature=DEPTH:DEPTH-36', 1395, 10, 'SLON.FABRIC.SOFA.STNDRD - SE-167 - Leg008-1'),
    (6, 1, 'https://content.cylindo.com/api/v2/4472/products/SLON.LEATHR.SOFA.STNDRD/frames/1/SLON.LEATHR.SOFA.STNDRD.JPG?background=FFFFFF&feature=COLOR:2210A&feature=FINISH:Leg008-1&feature=CUSHIONS:CUSHION-2&feature=DEPTH:DEPTH-36', 2695, 10, 'SLON.LEATHR.SOFA.STNDRD - 2210A - Leg008-1'),
    (6, 2, 'https://content.cylindo.com/api/v2/4472/products/SLON.LEATHR.SOFA.STNDRD/frames/1/SLON.LEATHR.SOFA.STNDRD.JPG?background=FFFFFF&feature=COLOR:2210A&feature=FINISH:Leg008-3&feature=CUSHIONS:CUSHION-2&feature=DEPTH:DEPTH-36', 2695, 10, 'SLON.LEATHR.SOFA.STNDRD - 2210A - Leg008-3'),
    (6, 3, 'https://content.cylindo.com/api/v2/4472/products/SLON.LEATHR.SOFA.STNDRD/frames/1/SLON.LEATHR.SOFA.STNDRD.JPG?background=FFFFFF&feature=COLOR:2210A&feature=FINISH:Leg008-2&feature=CUSHIONS:CUSHION-2&feature=DEPTH:DEPTH-36', 2695, 10, 'SLON.LEATHR.SOFA.STNDRD - 2210A - Leg008-2'),
    (6, 4, 'https://content.cylindo.com/api/v2/4472/products/SLON.LEATHR.SOFA.STNDRD/frames/1/SLON.LEATHR.SOFA.STNDRD.JPG?background=FFFFFF&feature=COLOR:2210A&feature=FINISH:Leg001-1&feature=CUSHIONS:CUSHION-2&feature=DEPTH:DEPTH-36', 2695, 10, 'SLON.LEATHR.SOFA.STNDRD - 2210A - Leg001-1'),
    (6, 5, 'https://content.cylindo.com/api/v2/4472/products/SLON.LEATHR.SOFA.STNDRD/frames/1/SLON.LEATHR.SOFA.STNDRD.JPG?background=FFFFFF&feature=COLOR:LTHR-02&feature=FINISH:Leg008-1&feature=CUSHIONS:CUSHION-2&feature=DEPTH:DEPTH-36', 2695, 10, 'SLON.LEATHR.SOFA.STNDRD - LTHR-02 - Leg008-1'),
    (6, 6, 'https://content.cylindo.com/api/v2/4472/products/SLON.LEATHR.SOFA.STNDRD/frames/1/SLON.LEATHR.SOFA.STNDRD.JPG?background=FFFFFF&feature=COLOR:LTHR-02&feature=FINISH:Leg008-3&feature=CUSHIONS:CUSHION-2&feature=DEPTH:DEPTH-36', 2695, 10, 'SLON.LEATHR.SOFA.STNDRD - LTHR-02 - Leg008-3'),
    (6, 7, 'https://content.cylindo.com/api/v2/4472/products/SLON.LEATHR.SOFA.STNDRD/frames/1/SLON.LEATHR.SOFA.STNDRD.JPG?background=FFFFFF&feature=COLOR:LTHR-02&feature=FINISH:Leg008-2&feature=CUSHIONS:CUSHION-2&feature=DEPTH:DEPTH-36', 2695, 10, 'SLON.LEATHR.SOFA.STNDRD - LTHR-02 - Leg008-2'),
    (6, 8, 'https://content.cylindo.com/api/v2/4472/products/SLON.LEATHR.SOFA.STNDRD/frames/1/SLON.LEATHR.SOFA.STNDRD.JPG?background=FFFFFF&feature=COLOR:LTHR-02&feature=FINISH:Leg001-1&feature=CUSHIONS:CUSHION-2&feature=DEPTH:DEPTH-36', 2695, 10, 'SLON.LEATHR.SOFA.STNDRD - LTHR-02 - Leg001-1'),
    (6, 9, 'https://content.cylindo.com/api/v2/4472/products/SLON.LEATHR.SOFA.STNDRD/frames/1/SLON.LEATHR.SOFA.STNDRD.JPG?background=FFFFFF&feature=COLOR:8519A&feature=FINISH:Leg008-1&feature=CUSHIONS:CUSHION-2&feature=DEPTH:DEPTH-36', 2695, 10, 'SLON.LEATHR.SOFA.STNDRD - 8519A - Leg008-1'),
    (6, 10, 'https://content.cylindo.com/api/v2/4472/products/SLON.LEATHR.SOFA.STNDRD/frames/1/SLON.LEATHR.SOFA.STNDRD.JPG?background=FFFFFF&feature=COLOR:8519A&feature=FINISH:Leg008-3&feature=CUSHIONS:CUSHION-2&feature=DEPTH:DEPTH-36', 2695, 10, 'SLON.LEATHR.SOFA.STNDRD - 8519A - Leg008-3'),
    (6, 11, 'https://content.cylindo.com/api/v2/4472/products/SLON.LEATHR.SOFA.STNDRD/frames/1/SLON.LEATHR.SOFA.STNDRD.JPG?background=FFFFFF&feature=COLOR:8519A&feature=FINISH:Leg008-2&feature=CUSHIONS:CUSHION-2&feature=DEPTH:DEPTH-36', 2695, 10, 'SLON.LEATHR.SOFA.STNDRD - 8519A - Leg008-2'),
    (6, 12, 'https://content.cylindo.com/api/v2/4472/products/SLON.LEATHR.SOFA.STNDRD/frames/1/SLON.LEATHR.SOFA.STNDRD.JPG?background=FFFFFF&feature=COLOR:8519A&feature=FINISH:Leg001-1&feature=CUSHIONS:CUSHION-2&feature=DEPTH:DEPTH-36', 2695, 10, 'SLON.LEATHR.SOFA.STNDRD - 8519A - Leg001-1'),
    (6, 13, 'https://content.cylindo.com/api/v2/4472/products/SLON.LEATHR.SOFA.STNDRD/frames/1/SLON.LEATHR.SOFA.STNDRD.JPG?background=FFFFFF&feature=COLOR:LTHR-01&feature=FINISH:Leg008-1&feature=CUSHIONS:CUSHION-2&feature=DEPTH:DEPTH-36', 2695, 10, 'SLON.LEATHR.SOFA.STNDRD - LTHR-01 - Leg008-1'),
    (6, 14, 'https://content.cylindo.com/api/v2/4472/products/SLON.LEATHR.SOFA.STNDRD/frames/1/SLON.LEATHR.SOFA.STNDRD.JPG?background=FFFFFF&feature=COLOR:LTHR-01&feature=FINISH:Leg008-3&feature=CUSHIONS:CUSHION-2&feature=DEPTH:DEPTH-36', 2695, 10, 'SLON.LEATHR.SOFA.STNDRD - LTHR-01 - Leg008-3'),
    (6, 15, 'https://content.cylindo.com/api/v2/4472/products/SLON.LEATHR.SOFA.STNDRD/frames/1/SLON.LEATHR.SOFA.STNDRD.JPG?background=FFFFFF&feature=COLOR:LTHR-01&feature=FINISH:Leg008-2&feature=CUSHIONS:CUSHION-2&feature=DEPTH:DEPTH-36', 2695, 10, 'SLON.LEATHR.SOFA.STNDRD - LTHR-01 - Leg008-2'),
    (6, 16, 'https://content.cylindo.com/api/v2/4472/products/SLON.LEATHR.SOFA.STNDRD/frames/1/SLON.LEATHR.SOFA.STNDRD.JPG?background=FFFFFF&feature=COLOR:LTHR-01&feature=FINISH:Leg001-1&feature=CUSHIONS:CUSHION-2&feature=DEPTH:DEPTH-36', 2695, 10, 'SLON.LEATHR.SOFA.STNDRD - LTHR-01 - Leg001-1'),
    (6, 17, 'https://content.cylindo.com/api/v2/4472/products/SLON.LEATHR.SOFA.STNDRD/frames/1/SLON.LEATHR.SOFA.STNDRD.JPG?background=FFFFFF&feature=COLOR:LTHR-03&feature=FINISH:Leg008-1&feature=CUSHIONS:CUSHION-2&feature=DEPTH:DEPTH-36', 2695, 10, 'SLON.LEATHR.SOFA.STNDRD - LTHR-03 - Leg008-1'),
    (6, 18, 'https://content.cylindo.com/api/v2/4472/products/SLON.LEATHR.SOFA.STNDRD/frames/1/SLON.LEATHR.SOFA.STNDRD.JPG?background=FFFFFF&feature=COLOR:LTHR-03&feature=FINISH:Leg008-3&feature=CUSHIONS:CUSHION-2&feature=DEPTH:DEPTH-36', 2695, 10, 'SLON.LEATHR.SOFA.STNDRD - LTHR-03 - Leg008-3'),
    (6, 19, 'https://content.cylindo.com/api/v2/4472/products/SLON.LEATHR.SOFA.STNDRD/frames/1/SLON.LEATHR.SOFA.STNDRD.JPG?background=FFFFFF&feature=COLOR:LTHR-03&feature=FINISH:Leg008-2&feature=CUSHIONS:CUSHION-2&feature=DEPTH:DEPTH-36', 2695, 10, 'SLON.LEATHR.SOFA.STNDRD - LTHR-03 - Leg008-2'),
    (6, 20, 'https://content.cylindo.com/api/v2/4472/products/SLON.LEATHR.SOFA.STNDRD/frames/1/SLON.LEATHR.SOFA.STNDRD.JPG?background=FFFFFF&feature=COLOR:LTHR-03&feature=FINISH:Leg001-1&feature=CUSHIONS:CUSHION-2&feature=DEPTH:DEPTH-36', 2695, 10, 'SLON.LEATHR.SOFA.STNDRD - LTHR-03 - Leg001-1'),
    (7, 1, 'https://content.cylindo.com/api/v2/4472/products/SLON.FABRIC.SOFA.APRTMT/frames/1/SLON.FABRIC.SOFA.APRTMT.JPG?background=FFFFFF&feature=COLOR:BI-132&feature=FINISH:Leg001-1&feature=CUSHIONS:CUSHION-2&feature=DEPTH:DEPTH-36', 1095, 10, 'SLON.FABRIC.SOFA.APRTMT - BI-132 - Leg001-1'),
    (7, 2, 'https://content.cylindo.com/api/v2/4472/products/SLON.FABRIC.SOFA.APRTMT/frames/1/SLON.FABRIC.SOFA.APRTMT.JPG?background=FFFFFF&feature=COLOR:BI-132&feature=FINISH:Leg001-2&feature=CUSHIONS:CUSHION-2&feature=DEPTH:DEPTH-36', 1095, 10, 'SLON.FABRIC.SOFA.APRTMT - BI-132 - Leg001-2'),
    (7, 3, 'https://content.cylindo.com/api/v2/4472/products/SLON.FABRIC.SOFA.APRTMT/frames/1/SLON.FABRIC.SOFA.APRTMT.JPG?background=FFFFFF&feature=COLOR:BI-132&feature=FINISH:Leg001-3&feature=CUSHIONS:CUSHION-2&feature=DEPTH:DEPTH-36', 1095, 10, 'SLON.FABRIC.SOFA.APRTMT - BI-132 - Leg001-3'),
    (7, 4, 'https://content.cylindo.com/api/v2/4472/products/SLON.FABRIC.SOFA.APRTMT/frames/1/SLON.FABRIC.SOFA.APRTMT.JPG?background=FFFFFF&feature=COLOR:BI-132&feature=FINISH:Leg008-1&feature=CUSHIONS:CUSHION-2&feature=DEPTH:DEPTH-36', 1095, 10, 'SLON.FABRIC.SOFA.APRTMT - BI-132 - Leg008-1'),
    (7, 5, 'https://content.cylindo.com/api/v2/4472/products/SLON.FABRIC.SOFA.APRTMT/frames/1/SLON.FABRIC.SOFA.APRTMT.JPG?background=FFFFFF&feature=COLOR:BI-134&feature=FINISH:Leg001-1&feature=CUSHIONS:CUSHION-2&feature=DEPTH:DEPTH-36', 1095, 10, 'SLON.FABRIC.SOFA.APRTMT - BI-134 - Leg001-1'),
    (7, 6, 'https://content.cylindo.com/api/v2/4472/products/SLON.FABRIC.SOFA.APRTMT/frames/1/SLON.FABRIC.SOFA.APRTMT.JPG?background=FFFFFF&feature=COLOR:BI-134&feature=FINISH:Leg001-2&feature=CUSHIONS:CUSHION-2&feature=DEPTH:DEPTH-36', 1095, 10, 'SLON.FABRIC.SOFA.APRTMT - BI-134 - Leg001-2'),
    (7, 7, 'https://content.cylindo.com/api/v2/4472/products/SLON.FABRIC.SOFA.APRTMT/frames/1/SLON.FABRIC.SOFA.APRTMT.JPG?background=FFFFFF&feature=COLOR:BI-134&feature=FINISH:Leg001-3&feature=CUSHIONS:CUSHION-2&feature=DEPTH:DEPTH-36', 1095, 10, 'SLON.FABRIC.SOFA.APRTMT - BI-134 - Leg001-3'),
    (7, 8, 'https://content.cylindo.com/api/v2/4472/products/SLON.FABRIC.SOFA.APRTMT/frames/1/SLON.FABRIC.SOFA.APRTMT.JPG?background=FFFFFF&feature=COLOR:BI-134&feature=FINISH:Leg008-1&feature=CUSHIONS:CUSHION-2&feature=DEPTH:DEPTH-36', 1095, 10, 'SLON.FABRIC.SOFA.APRTMT - BI-134 - Leg008-1'),
    (7, 9, 'https://content.cylindo.com/api/v2/4472/products/SLON.FABRIC.SOFA.APRTMT/frames/1/SLON.FABRIC.SOFA.APRTMT.JPG?background=FFFFFF&feature=COLOR:BI-133&feature=FINISH:Leg001-1&feature=CUSHIONS:CUSHION-2&feature=DEPTH:DEPTH-36', 1095, 10, 'SLON.FABRIC.SOFA.APRTMT - BI-133 - Leg001-1'),
    (7, 10, 'https://content.cylindo.com/api/v2/4472/products/SLON.FABRIC.SOFA.APRTMT/frames/1/SLON.FABRIC.SOFA.APRTMT.JPG?background=FFFFFF&feature=COLOR:BI-133&feature=FINISH:Leg001-2&feature=CUSHIONS:CUSHION-2&feature=DEPTH:DEPTH-36', 1095, 10, 'SLON.FABRIC.SOFA.APRTMT - BI-133 - Leg001-2'),
    (7, 11, 'https://content.cylindo.com/api/v2/4472/products/SLON.FABRIC.SOFA.APRTMT/frames/1/SLON.FABRIC.SOFA.APRTMT.JPG?background=FFFFFF&feature=COLOR:BI-133&feature=FINISH:Leg001-3&feature=CUSHIONS:CUSHION-2&feature=DEPTH:DEPTH-36', 1095, 10, 'SLON.FABRIC.SOFA.APRTMT - BI-133 - Leg001-3'),
    (7, 12, 'https://content.cylindo.com/api/v2/4472/products/SLON.FABRIC.SOFA.APRTMT/frames/1/SLON.FABRIC.SOFA.APRTMT.JPG?background=FFFFFF&feature=COLOR:BI-133&feature=FINISH:Leg008-1&feature=CUSHIONS:CUSHION-2&feature=DEPTH:DEPTH-36', 1095, 10, 'SLON.FABRIC.SOFA.APRTMT - BI-133 - Leg008-1'),
    (7, 13, 'https://content.cylindo.com/api/v2/4472/products/SLON.FABRIC.SOFA.APRTMT/frames/1/SLON.FABRIC.SOFA.APRTMT.JPG?background=FFFFFF&feature=COLOR:SE-161&feature=FINISH:Leg001-1&feature=CUSHIONS:CUSHION-2&feature=DEPTH:DEPTH-36', 1095, 10, 'SLON.FABRIC.SOFA.APRTMT - SE-161 - Leg001-1'),
    (7, 14, 'https://content.cylindo.com/api/v2/4472/products/SLON.FABRIC.SOFA.APRTMT/frames/1/SLON.FABRIC.SOFA.APRTMT.JPG?background=FFFFFF&feature=COLOR:SE-161&feature=FINISH:Leg001-2&feature=CUSHIONS:CUSHION-2&feature=DEPTH:DEPTH-36', 1095, 10, 'SLON.FABRIC.SOFA.APRTMT - SE-161 - Leg001-2'),
    (7, 15, 'https://content.cylindo.com/api/v2/4472/products/SLON.FABRIC.SOFA.APRTMT/frames/1/SLON.FABRIC.SOFA.APRTMT.JPG?background=FFFFFF&feature=COLOR:SE-161&feature=FINISH:Leg001-3&feature=CUSHIONS:CUSHION-2&feature=DEPTH:DEPTH-36', 1095, 10, 'SLON.FABRIC.SOFA.APRTMT - SE-161 - Leg001-3'),
    (7, 16, 'https://content.cylindo.com/api/v2/4472/products/SLON.FABRIC.SOFA.APRTMT/frames/1/SLON.FABRIC.SOFA.APRTMT.JPG?background=FFFFFF&feature=COLOR:SE-161&feature=FINISH:Leg008-1&feature=CUSHIONS:CUSHION-2&feature=DEPTH:DEPTH-36', 1095, 10, 'SLON.FABRIC.SOFA.APRTMT - SE-161 - Leg008-1'),
    (7, 17, 'https://content.cylindo.com/api/v2/4472/products/SLON.FABRIC.SOFA.APRTMT/frames/1/SLON.FABRIC.SOFA.APRTMT.JPG?background=FFFFFF&feature=COLOR:SE-167&feature=FINISH:Leg001-1&feature=CUSHIONS:CUSHION-2&feature=DEPTH:DEPTH-36', 1095, 10, 'SLON.FABRIC.SOFA.APRTMT - SE-167 - Leg001-1'),
    (7, 18, 'https://content.cylindo.com/api/v2/4472/products/SLON.FABRIC.SOFA.APRTMT/frames/1/SLON.FABRIC.SOFA.APRTMT.JPG?background=FFFFFF&feature=COLOR:SE-167&feature=FINISH:Leg001-2&feature=CUSHIONS:CUSHION-2&feature=DEPTH:DEPTH-36', 1095, 10, 'SLON.FABRIC.SOFA.APRTMT - SE-167 - Leg001-2'),
    (7, 19, 'https://content.cylindo.com/api/v2/4472/products/SLON.FABRIC.SOFA.APRTMT/frames/1/SLON.FABRIC.SOFA.APRTMT.JPG?background=FFFFFF&feature=COLOR:SE-167&feature=FINISH:Leg001-3&feature=CUSHIONS:CUSHION-2&feature=DEPTH:DEPTH-36', 1095, 10, 'SLON.FABRIC.SOFA.APRTMT - SE-167 - Leg001-3'),
    (7, 20, 'https://content.cylindo.com/api/v2/4472/products/SLON.FABRIC.SOFA.APRTMT/frames/1/SLON.FABRIC.SOFA.APRTMT.JPG?background=FFFFFF&feature=COLOR:SE-167&feature=FINISH:Leg008-1&feature=CUSHIONS:CUSHION-2&feature=DEPTH:DEPTH-36', 1095, 10, 'SLON.FABRIC.SOFA.APRTMT - SE-167 - Leg008-1'),
    (8, 1, 'https://content.cylindo.com/api/v2/4472/products/SLON.LEATHR.SOFA.APRTMT/frames/1/SLON.LEATHR.SOFA.APRTMT.JPG?background=FFFFFF&feature=COLOR:2210A&feature=FINISH:Leg008-1&feature=CUSHIONS:CUSHION-2&feature=DEPTH:DEPTH-36', 2395, 10, 'SLON.LEATHR.SOFA.APRTMT - 2210A - Leg008-1'),
    (8, 2, 'https://content.cylindo.com/api/v2/4472/products/SLON.LEATHR.SOFA.APRTMT/frames/1/SLON.LEATHR.SOFA.APRTMT.JPG?background=FFFFFF&feature=COLOR:2210A&feature=FINISH:Leg008-3&feature=CUSHIONS:CUSHION-2&feature=DEPTH:DEPTH-36', 2395, 10, 'SLON.LEATHR.SOFA.APRTMT - 2210A - Leg008-3'),
    (8, 3, 'https://content.cylindo.com/api/v2/4472/products/SLON.LEATHR.SOFA.APRTMT/frames/1/SLON.LEATHR.SOFA.APRTMT.JPG?background=FFFFFF&feature=COLOR:2210A&feature=FINISH:Leg008-2&feature=CUSHIONS:CUSHION-2&feature=DEPTH:DEPTH-36', 2395, 10, 'SLON.LEATHR.SOFA.APRTMT - 2210A - Leg008-2'),
    (8, 4, 'https://content.cylindo.com/api/v2/4472/products/SLON.LEATHR.SOFA.APRTMT/frames/1/SLON.LEATHR.SOFA.APRTMT.JPG?background=FFFFFF&feature=COLOR:2210A&feature=FINISH:Leg001-1&feature=CUSHIONS:CUSHION-2&feature=DEPTH:DEPTH-36', 2395, 10, 'SLON.LEATHR.SOFA.APRTMT - 2210A - Leg001-1'),
    (8, 5, 'https://content.cylindo.com/api/v2/4472/products/SLON.LEATHR.SOFA.APRTMT/frames/1/SLON.LEATHR.SOFA.APRTMT.JPG?background=FFFFFF&feature=COLOR:LTHR-02&feature=FINISH:Leg008-1&feature=CUSHIONS:CUSHION-2&feature=DEPTH:DEPTH-36', 2395, 10, 'SLON.LEATHR.SOFA.APRTMT - LTHR-02 - Leg008-1'),
    (8, 6, 'https://content.cylindo.com/api/v2/4472/products/SLON.LEATHR.SOFA.APRTMT/frames/1/SLON.LEATHR.SOFA.APRTMT.JPG?background=FFFFFF&feature=COLOR:LTHR-02&feature=FINISH:Leg008-3&feature=CUSHIONS:CUSHION-2&feature=DEPTH:DEPTH-36', 2395, 10, 'SLON.LEATHR.SOFA.APRTMT - LTHR-02 - Leg008-3'),
    (8, 7, 'https://content.cylindo.com/api/v2/4472/products/SLON.LEATHR.SOFA.APRTMT/frames/1/SLON.LEATHR.SOFA.APRTMT.JPG?background=FFFFFF&feature=COLOR:LTHR-02&feature=FINISH:Leg008-2&feature=CUSHIONS:CUSHION-2&feature=DEPTH:DEPTH-36', 2395, 10, 'SLON.LEATHR.SOFA.APRTMT - LTHR-02 - Leg008-2'),
    (8, 8, 'https://content.cylindo.com/api/v2/4472/products/SLON.LEATHR.SOFA.APRTMT/frames/1/SLON.LEATHR.SOFA.APRTMT.JPG?background=FFFFFF&feature=COLOR:LTHR-02&feature=FINISH:Leg001-1&feature=CUSHIONS:CUSHION-2&feature=DEPTH:DEPTH-36', 2395, 10, 'SLON.LEATHR.SOFA.APRTMT - LTHR-02 - Leg001-1'),
    (8, 9, 'https://content.cylindo.com/api/v2/4472/products/SLON.LEATHR.SOFA.APRTMT/frames/1/SLON.LEATHR.SOFA.APRTMT.JPG?background=FFFFFF&feature=COLOR:8519A&feature=FINISH:Leg008-1&feature=CUSHIONS:CUSHION-2&feature=DEPTH:DEPTH-36', 2395, 10, 'SLON.LEATHR.SOFA.APRTMT - 8519A - Leg008-1'),
    (8, 10, 'https://content.cylindo.com/api/v2/4472/products/SLON.LEATHR.SOFA.APRTMT/frames/1/SLON.LEATHR.SOFA.APRTMT.JPG?background=FFFFFF&feature=COLOR:8519A&feature=FINISH:Leg008-3&feature=CUSHIONS:CUSHION-2&feature=DEPTH:DEPTH-36', 2395, 10, 'SLON.LEATHR.SOFA.APRTMT - 8519A - Leg008-3'),
    (8, 11, 'https://content.cylindo.com/api/v2/4472/products/SLON.LEATHR.SOFA.APRTMT/frames/1/SLON.LEATHR.SOFA.APRTMT.JPG?background=FFFFFF&feature=COLOR:8519A&feature=FINISH:Leg008-2&feature=CUSHIONS:CUSHION-2&feature=DEPTH:DEPTH-36', 2395, 10, 'SLON.LEATHR.SOFA.APRTMT - 8519A - Leg008-2'),
    (8, 12, 'https://content.cylindo.com/api/v2/4472/products/SLON.LEATHR.SOFA.APRTMT/frames/1/SLON.LEATHR.SOFA.APRTMT.JPG?background=FFFFFF&feature=COLOR:8519A&feature=FINISH:Leg001-1&feature=CUSHIONS:CUSHION-2&feature=DEPTH:DEPTH-36', 2395, 10, 'SLON.LEATHR.SOFA.APRTMT - 8519A - Leg001-1'),
    (8, 13, 'https://content.cylindo.com/api/v2/4472/products/SLON.LEATHR.SOFA.APRTMT/frames/1/SLON.LEATHR.SOFA.APRTMT.JPG?background=FFFFFF&feature=COLOR:LTHR-01&feature=FINISH:Leg008-1&feature=CUSHIONS:CUSHION-2&feature=DEPTH:DEPTH-36', 2395, 10, 'SLON.LEATHR.SOFA.APRTMT - LTHR-01 - Leg008-1'),
    (8, 14, 'https://content.cylindo.com/api/v2/4472/products/SLON.LEATHR.SOFA.APRTMT/frames/1/SLON.LEATHR.SOFA.APRTMT.JPG?background=FFFFFF&feature=COLOR:LTHR-01&feature=FINISH:Leg008-3&feature=CUSHIONS:CUSHION-2&feature=DEPTH:DEPTH-36', 2395, 10, 'SLON.LEATHR.SOFA.APRTMT - LTHR-01 - Leg008-3'),
    (8, 15, 'https://content.cylindo.com/api/v2/4472/products/SLON.LEATHR.SOFA.APRTMT/frames/1/SLON.LEATHR.SOFA.APRTMT.JPG?background=FFFFFF&feature=COLOR:LTHR-01&feature=FINISH:Leg008-2&feature=CUSHIONS:CUSHION-2&feature=DEPTH:DEPTH-36', 2395, 10, 'SLON.LEATHR.SOFA.APRTMT - LTHR-01 - Leg008-2'),
    (8, 16, 'https://content.cylindo.com/api/v2/4472/products/SLON.LEATHR.SOFA.APRTMT/frames/1/SLON.LEATHR.SOFA.APRTMT.JPG?background=FFFFFF&feature=COLOR:LTHR-01&feature=FINISH:Leg001-1&feature=CUSHIONS:CUSHION-2&feature=DEPTH:DEPTH-36', 2395, 10, 'SLON.LEATHR.SOFA.APRTMT - LTHR-01 - Leg001-1'),
    (8, 17, 'https://content.cylindo.com/api/v2/4472/products/SLON.LEATHR.SOFA.APRTMT/frames/1/SLON.LEATHR.SOFA.APRTMT.JPG?background=FFFFFF&feature=COLOR:LTHR-03&feature=FINISH:Leg008-1&feature=CUSHIONS:CUSHION-2&feature=DEPTH:DEPTH-36', 2395, 10, 'SLON.LEATHR.SOFA.APRTMT - LTHR-03 - Leg008-1'),
    (8, 18, 'https://content.cylindo.com/api/v2/4472/products/SLON.LEATHR.SOFA.APRTMT/frames/1/SLON.LEATHR.SOFA.APRTMT.JPG?background=FFFFFF&feature=COLOR:LTHR-03&feature=FINISH:Leg008-3&feature=CUSHIONS:CUSHION-2&feature=DEPTH:DEPTH-36', 2395, 10, 'SLON.LEATHR.SOFA.APRTMT - LTHR-03 - Leg008-3'),
    (8, 19, 'https://content.cylindo.com/api/v2/4472/products/SLON.LEATHR.SOFA.APRTMT/frames/1/SLON.LEATHR.SOFA.APRTMT.JPG?background=FFFFFF&feature=COLOR:LTHR-03&feature=FINISH:Leg008-2&feature=CUSHIONS:CUSHION-2&feature=DEPTH:DEPTH-36', 2395, 10, 'SLON.LEATHR.SOFA.APRTMT - LTHR-03 - Leg008-2'),
    (8, 20, 'https://content.cylindo.com/api/v2/4472/products/SLON.LEATHR.SOFA.APRTMT/frames/1/SLON.LEATHR.SOFA.APRTMT.JPG?background=FFFFFF&feature=COLOR:LTHR-03&feature=FINISH:Leg001-1&feature=CUSHIONS:CUSHION-2&feature=DEPTH:DEPTH-36', 2395, 10, 'SLON.LEATHR.SOFA.APRTMT - LTHR-03 - Leg001-1');
INSERT INTO "variant_value"(product_id, option_id, variant_id, category_id, option_value)
VALUES
    (5, 1, 1, 3, 'Opal'),
    (5, 2, 1, 3, 'Oiled Walnut'),
    (5, 1, 2, 3, 'Opal'),
    (5, 2, 2, 3, 'Natural Oak'),
    (5, 1, 3, 3, 'Abyss'),
    (5, 2, 3, 3, 'Oiled Walnut'),
    (5, 1, 4, 3, 'Abyss'),
    (5, 2, 4, 3, 'Natural Oak'),
    (6, 1, 1, 3, 'Palomino'),
    (6, 2, 1, 3, 'Chrome Plated'),
    (6, 1, 2, 3, 'Palomino'),
    (6, 2, 2, 3, 'Brass Plated'),
    (6, 1, 3, 3, 'Fossil'),
    (6, 2, 3, 3, 'Chrome Plated'),
    (6, 1, 4, 3, 'Fossil'),
    (6, 2, 4, 3, 'Brass Plated'),
    (7, 1, 1, 3, 'Opal'),
    (7, 2, 1, 3, 'Oiled Walnut'),
    (7, 1, 2, 3, 'Opal'),
    (7, 2, 2, 3, 'Natural Oak'),
    (7, 1, 3, 3, 'Abyss'),
    (7, 2, 3, 3, 'Oiled Walnut'),
    (7, 1, 4, 3, 'Abyss'),
    (7, 2, 4, 3, 'Natural Oak'),
    (8, 1, 1, 3, 'Palomino'),
    (8, 2, 1, 3, 'Chrome Plated'),
    (8, 1, 2, 3, 'Palomino'),
    (8, 2, 2, 3, 'Brass Plated'),
    (8, 1, 3, 3, 'Fossil'),
    (8, 2, 3, 3, 'Chrome Plated'),
    (8, 1, 4, 3, 'Fossil'),
    (8, 2, 4, 3, 'Brass Plated');
INSERT INTO "product"(product_id, product_name, brand_id, category_id, image)
VALUES
    (17, 'Maxwell Accent Chair', 1, 7, 'https://content.cylindo.com/api/v2/4472/products/MXWL.FABRIC.CHAR.ACCENT/frames/1/MXWL.FABRIC.CHAR.ACCENT.JPG?background=FFFFFF&feature=COLOR:AK-618-16&feature=FINISH:LEG014-3'),
    (18, 'Maxwell Slipcovered Accent Chair', 1, 7, 'https://content.cylindo.com/api/v2/4472/products/MXWL.SLPCOV.CHAR.ACCENT/frames/1/MXWL.SLPCOV.CHAR.ACCENT.JPG?background=FFFFFF&feature=COLOR:CW-001&feature=FINISH:LEG016-1'),
    (19, 'Maxwell Chaise Lounge', 1, 7, 'https://content.cylindo.com/api/v2/4472/products/MXWL.FABRIC.CHSE.CHAISE/frames/1/MXWL.FABRIC.CHSE.CHAISE.JPG?background=FFFFFF&feature=COLOR:AK-618-16&feature=FINISH:LEG014-3'),
    (20, ' Sloan Petite Chair', 1, 7, 'https://content.cylindo.com/api/v2/4472/products/SLON.FABRIC.CHAR.PETITE/frames/1/SLON.FABRIC.CHAR.PETITE.JPG?background=FFFFFF&feature=COLOR:BI-132&feature=FINISH:LEG001-1');
INSERT INTO "options"(option_id, category_id, option_name)
VALUES
    (1, 7, 'Chất liệu'),
    (2, 7, 'Chất liệu chân');
INSERT INTO "product_variant"(product_id, variant_id, image, price, quantity, sku)
VALUES
    (17, 1, 'https://content.cylindo.com/api/v2/4472/products/MXWL.FABRIC.CHAR.ACCENT/frames/1/MXWL.FABRIC.CHAR.ACCENT.JPG?background=FFFFFF&feature=COLOR:AK-618-16&feature=FINISH:LEG014-3', 895, 10, 'MXWL.FABRIC.CHAR.ACCENT - AK-618-16 - Leg014-2'),
    (17, 2, 'https://content.cylindo.com/api/v2/4472/products/MXWL.FABRIC.CHAR.ACCENT/frames/1/MXWL.FABRIC.CHAR.ACCENT.JPG?background=FFFFFF&feature=COLOR:AK-618-16&feature=FINISH:LEG014-3', 895, 10, 'MXWL.FABRIC.CHAR.ACCENT - AK-618-16 - Leg014-1'),
    (17, 3, 'https://content.cylindo.com/api/v2/4472/products/MXWL.FABRIC.CHAR.ACCENT/frames/1/MXWL.FABRIC.CHAR.ACCENT.JPG?background=FFFFFF&feature=COLOR:AK-618-16&feature=FINISH:LEG014-3', 895, 10, 'MXWL.FABRIC.CHAR.ACCENT - AK-618-16 - Leg014-3'),
    (17, 4, 'https://content.cylindo.com/api/v2/4472/products/MXWL.FABRIC.CHAR.ACCENT/frames/1/MXWL.FABRIC.CHAR.ACCENT.JPG?background=FFFFFF&feature=COLOR:AK-618-16&feature=FINISH:LEG014-3', 895, 10, 'MXWL.FABRIC.CHAR.ACCENT - AK-618-16 - Leg001-1'),
    (17, 5, 'https://content.cylindo.com/api/v2/4472/products/MXWL.FABRIC.CHAR.ACCENT/frames/1/MXWL.FABRIC.CHAR.ACCENT.JPG?background=FFFFFF&feature=COLOR:AK-618-16&feature=FINISH:LEG014-3', 895, 10, 'MXWL.FABRIC.CHAR.ACCENT - AK-618-175 - Leg014-2'),
    (17, 6, 'https://content.cylindo.com/api/v2/4472/products/MXWL.FABRIC.CHAR.ACCENT/frames/1/MXWL.FABRIC.CHAR.ACCENT.JPG?background=FFFFFF&feature=COLOR:AK-618-16&feature=FINISH:LEG014-3', 895, 10, 'MXWL.FABRIC.CHAR.ACCENT - AK-618-175 - Leg014-1'),
    (17, 7, 'https://content.cylindo.com/api/v2/4472/products/MXWL.FABRIC.CHAR.ACCENT/frames/1/MXWL.FABRIC.CHAR.ACCENT.JPG?background=FFFFFF&feature=COLOR:AK-618-16&feature=FINISH:LEG014-3', 895, 10, 'MXWL.FABRIC.CHAR.ACCENT - AK-618-175 - Leg014-3'),
    (17, 8, 'https://content.cylindo.com/api/v2/4472/products/MXWL.FABRIC.CHAR.ACCENT/frames/1/MXWL.FABRIC.CHAR.ACCENT.JPG?background=FFFFFF&feature=COLOR:AK-618-16&feature=FINISH:LEG014-3', 895, 10, 'MXWL.FABRIC.CHAR.ACCENT - AK-618-175 - Leg001-1'),
    (17, 9, 'https://content.cylindo.com/api/v2/4472/products/MXWL.FABRIC.CHAR.ACCENT/frames/1/MXWL.FABRIC.CHAR.ACCENT.JPG?background=FFFFFF&feature=COLOR:AK-618-16&feature=FINISH:LEG014-3', 895, 10, 'MXWL.FABRIC.CHAR.ACCENT - AK-618-21 - Leg014-2'),
    (17, 10, 'https://content.cylindo.com/api/v2/4472/products/MXWL.FABRIC.CHAR.ACCENT/frames/1/MXWL.FABRIC.CHAR.ACCENT.JPG?background=FFFFFF&feature=COLOR:AK-618-16&feature=FINISH:LEG014-3', 895, 10, 'MXWL.FABRIC.CHAR.ACCENT - AK-618-21 - Leg014-1'),
    (17, 11, 'https://content.cylindo.com/api/v2/4472/products/MXWL.FABRIC.CHAR.ACCENT/frames/1/MXWL.FABRIC.CHAR.ACCENT.JPG?background=FFFFFF&feature=COLOR:AK-618-16&feature=FINISH:LEG014-3', 895, 10, 'MXWL.FABRIC.CHAR.ACCENT - AK-618-21 - Leg014-3'),
    (17, 12, 'https://content.cylindo.com/api/v2/4472/products/MXWL.FABRIC.CHAR.ACCENT/frames/1/MXWL.FABRIC.CHAR.ACCENT.JPG?background=FFFFFF&feature=COLOR:AK-618-16&feature=FINISH:LEG014-3', 895, 10, 'MXWL.FABRIC.CHAR.ACCENT - AK-618-21 - Leg001-1'),
    (17, 13, 'https://content.cylindo.com/api/v2/4472/products/MXWL.FABRIC.CHAR.ACCENT/frames/1/MXWL.FABRIC.CHAR.ACCENT.JPG?background=FFFFFF&feature=COLOR:AK-618-16&feature=FINISH:LEG014-3', 895, 10, 'MXWL.FABRIC.CHAR.ACCENT - AK-618-134 - Leg014-2'),
    (17, 14, 'https://content.cylindo.com/api/v2/4472/products/MXWL.FABRIC.CHAR.ACCENT/frames/1/MXWL.FABRIC.CHAR.ACCENT.JPG?background=FFFFFF&feature=COLOR:AK-618-16&feature=FINISH:LEG014-3', 895, 10, 'MXWL.FABRIC.CHAR.ACCENT - AK-618-134 - Leg014-1'),
    (17, 15, 'https://content.cylindo.com/api/v2/4472/products/MXWL.FABRIC.CHAR.ACCENT/frames/1/MXWL.FABRIC.CHAR.ACCENT.JPG?background=FFFFFF&feature=COLOR:AK-618-16&feature=FINISH:LEG014-3', 895, 10, 'MXWL.FABRIC.CHAR.ACCENT - AK-618-134 - Leg014-3'),
    (17, 16, 'https://content.cylindo.com/api/v2/4472/products/MXWL.FABRIC.CHAR.ACCENT/frames/1/MXWL.FABRIC.CHAR.ACCENT.JPG?background=FFFFFF&feature=COLOR:AK-618-16&feature=FINISH:LEG014-3', 895, 10, 'MXWL.FABRIC.CHAR.ACCENT - AK-618-134 - Leg001-1'),
    (17, 17, 'https://content.cylindo.com/api/v2/4472/products/MXWL.FABRIC.CHAR.ACCENT/frames/1/MXWL.FABRIC.CHAR.ACCENT.JPG?background=FFFFFF&feature=COLOR:AK-618-16&feature=FINISH:LEG014-3', 895, 10, 'MXWL.FABRIC.CHAR.ACCENT - AK-618-184 - Leg014-2'),
    (17, 18, 'https://content.cylindo.com/api/v2/4472/products/MXWL.FABRIC.CHAR.ACCENT/frames/1/MXWL.FABRIC.CHAR.ACCENT.JPG?background=FFFFFF&feature=COLOR:AK-618-16&feature=FINISH:LEG014-3', 895, 10, 'MXWL.FABRIC.CHAR.ACCENT - AK-618-184 - Leg014-1'),
    (17, 19, 'https://content.cylindo.com/api/v2/4472/products/MXWL.FABRIC.CHAR.ACCENT/frames/1/MXWL.FABRIC.CHAR.ACCENT.JPG?background=FFFFFF&feature=COLOR:AK-618-16&feature=FINISH:LEG014-3', 895, 10, 'MXWL.FABRIC.CHAR.ACCENT - AK-618-184 - Leg014-3'),
    (17, 20, 'https://content.cylindo.com/api/v2/4472/products/MXWL.FABRIC.CHAR.ACCENT/frames/1/MXWL.FABRIC.CHAR.ACCENT.JPG?background=FFFFFF&feature=COLOR:AK-618-16&feature=FINISH:LEG014-3', 895, 10, 'MXWL.FABRIC.CHAR.ACCENT - AK-618-184 - Leg001-1'),
    (18, 1, 'https://content.cylindo.com/api/v2/4472/products/MXWL.SLPCOV.CHAR.ACCENT/frames/1/MXWL.SLPCOV.CHAR.ACCENT.JPG?background=FFFFFF&feature=COLOR:CW-001&feature=FINISH:LEG016-1', 895, 10, 'MXWL.SLPCOV.CHAR.ACCENT - CW-001 - Leg016-1'),
    (18, 2, 'https://content.cylindo.com/api/v2/4472/products/MXWL.SLPCOV.CHAR.ACCENT/frames/1/MXWL.SLPCOV.CHAR.ACCENT.JPG?background=FFFFFF&feature=COLOR:CW-001&feature=FINISH:LEG016-1', 895, 10, 'MXWL.SLPCOV.CHAR.ACCENT - CW-001 - Leg016-2'),
    (18, 3, 'https://content.cylindo.com/api/v2/4472/products/MXWL.SLPCOV.CHAR.ACCENT/frames/1/MXWL.SLPCOV.CHAR.ACCENT.JPG?background=FFFFFF&feature=COLOR:CW-001&feature=FINISH:LEG016-1', 895, 10, 'MXWL.SLPCOV.CHAR.ACCENT - CW-001 - Leg016-3'),
    (18, 4, 'https://content.cylindo.com/api/v2/4472/products/MXWL.SLPCOV.CHAR.ACCENT/frames/1/MXWL.SLPCOV.CHAR.ACCENT.JPG?background=FFFFFF&feature=COLOR:CW-001&feature=FINISH:LEG016-1', 895, 10, 'MXWL.SLPCOV.CHAR.ACCENT - CW-002 - Leg016-1'),
    (18, 5, 'https://content.cylindo.com/api/v2/4472/products/MXWL.SLPCOV.CHAR.ACCENT/frames/1/MXWL.SLPCOV.CHAR.ACCENT.JPG?background=FFFFFF&feature=COLOR:CW-001&feature=FINISH:LEG016-1', 895, 10, 'MXWL.SLPCOV.CHAR.ACCENT - CW-002 - Leg016-2'),
    (18, 6, 'https://content.cylindo.com/api/v2/4472/products/MXWL.SLPCOV.CHAR.ACCENT/frames/1/MXWL.SLPCOV.CHAR.ACCENT.JPG?background=FFFFFF&feature=COLOR:CW-001&feature=FINISH:LEG016-1', 895, 10, 'MXWL.SLPCOV.CHAR.ACCENT - CW-002 - Leg016-3'),
    (18, 7, 'https://content.cylindo.com/api/v2/4472/products/MXWL.SLPCOV.CHAR.ACCENT/frames/1/MXWL.SLPCOV.CHAR.ACCENT.JPG?background=FFFFFF&feature=COLOR:CW-001&feature=FINISH:LEG016-1', 895, 10, 'MXWL.SLPCOV.CHAR.ACCENT - CW-006 - Leg016-1'),
    (18, 8, 'https://content.cylindo.com/api/v2/4472/products/MXWL.SLPCOV.CHAR.ACCENT/frames/1/MXWL.SLPCOV.CHAR.ACCENT.JPG?background=FFFFFF&feature=COLOR:CW-001&feature=FINISH:LEG016-1', 895, 10, 'MXWL.SLPCOV.CHAR.ACCENT - CW-006 - Leg016-2'),
    (18, 9, 'https://content.cylindo.com/api/v2/4472/products/MXWL.SLPCOV.CHAR.ACCENT/frames/1/MXWL.SLPCOV.CHAR.ACCENT.JPG?background=FFFFFF&feature=COLOR:CW-001&feature=FINISH:LEG016-1', 895, 10, 'MXWL.SLPCOV.CHAR.ACCENT - CW-006 - Leg016-3'),
    (18, 10, 'https://content.cylindo.com/api/v2/4472/products/MXWL.SLPCOV.CHAR.ACCENT/frames/1/MXWL.SLPCOV.CHAR.ACCENT.JPG?background=FFFFFF&feature=COLOR:CW-001&feature=FINISH:LEG016-1', 945, 10, 'MXWL.SLPCOV.CHAR.ACCENT - MER-002 - Leg016-1'),
    (18, 11, 'https://content.cylindo.com/api/v2/4472/products/MXWL.SLPCOV.CHAR.ACCENT/frames/1/MXWL.SLPCOV.CHAR.ACCENT.JPG?background=FFFFFF&feature=COLOR:CW-001&feature=FINISH:LEG016-1', 945, 10, 'MXWL.SLPCOV.CHAR.ACCENT - MER-002 - Leg016-2'),
    (18, 12, 'https://content.cylindo.com/api/v2/4472/products/MXWL.SLPCOV.CHAR.ACCENT/frames/1/MXWL.SLPCOV.CHAR.ACCENT.JPG?background=FFFFFF&feature=COLOR:CW-001&feature=FINISH:LEG016-1', 945, 10, 'MXWL.SLPCOV.CHAR.ACCENT - MER-002 - Leg016-3'),
    (18, 13, 'https://content.cylindo.com/api/v2/4472/products/MXWL.SLPCOV.CHAR.ACCENT/frames/1/MXWL.SLPCOV.CHAR.ACCENT.JPG?background=FFFFFF&feature=COLOR:CW-001&feature=FINISH:LEG016-1', 945, 10, 'MXWL.SLPCOV.CHAR.ACCENT - MER-006 - Leg016-1'),
    (18, 14, 'https://content.cylindo.com/api/v2/4472/products/MXWL.SLPCOV.CHAR.ACCENT/frames/1/MXWL.SLPCOV.CHAR.ACCENT.JPG?background=FFFFFF&feature=COLOR:CW-001&feature=FINISH:LEG016-1', 945, 10, 'MXWL.SLPCOV.CHAR.ACCENT - MER-006 - Leg016-2'),
    (18, 15, 'https://content.cylindo.com/api/v2/4472/products/MXWL.SLPCOV.CHAR.ACCENT/frames/1/MXWL.SLPCOV.CHAR.ACCENT.JPG?background=FFFFFF&feature=COLOR:CW-001&feature=FINISH:LEG016-1', 945, 10, 'MXWL.SLPCOV.CHAR.ACCENT - MER-006 - Leg016-3'),
    (19, 1, 'https://content.cylindo.com/api/v2/4472/products/MXWL.FABRIC.CHSE.CHAISE/frames/1/MXWL.FABRIC.CHSE.CHAISE.JPG?background=FFFFFF&feature=COLOR:AK-618-16&feature=FINISH:LEG014-3', 1295, 10, 'MXWL.FABRIC.CHSE.CHAISE - AK-618-16 - Leg014-2'),
    (19, 2, 'https://content.cylindo.com/api/v2/4472/products/MXWL.FABRIC.CHSE.CHAISE/frames/1/MXWL.FABRIC.CHSE.CHAISE.JPG?background=FFFFFF&feature=COLOR:AK-618-16&feature=FINISH:LEG014-3', 1295, 10, 'MXWL.FABRIC.CHSE.CHAISE - AK-618-16 - Leg014-1'),
    (19, 3, 'https://content.cylindo.com/api/v2/4472/products/MXWL.FABRIC.CHSE.CHAISE/frames/1/MXWL.FABRIC.CHSE.CHAISE.JPG?background=FFFFFF&feature=COLOR:AK-618-16&feature=FINISH:LEG014-3', 1295, 10, 'MXWL.FABRIC.CHSE.CHAISE - AK-618-16 - Leg014-3'),
    (19, 4, 'https://content.cylindo.com/api/v2/4472/products/MXWL.FABRIC.CHSE.CHAISE/frames/1/MXWL.FABRIC.CHSE.CHAISE.JPG?background=FFFFFF&feature=COLOR:AK-618-16&feature=FINISH:LEG014-3', 1295, 10, 'MXWL.FABRIC.CHSE.CHAISE - AK-618-16 - Leg001-1'),
    (19, 5, 'https://content.cylindo.com/api/v2/4472/products/MXWL.FABRIC.CHSE.CHAISE/frames/1/MXWL.FABRIC.CHSE.CHAISE.JPG?background=FFFFFF&feature=COLOR:AK-618-16&feature=FINISH:LEG014-3', 1295, 10, 'MXWL.FABRIC.CHSE.CHAISE - AK-618-175 - Leg014-2'),
    (19, 6, 'https://content.cylindo.com/api/v2/4472/products/MXWL.FABRIC.CHSE.CHAISE/frames/1/MXWL.FABRIC.CHSE.CHAISE.JPG?background=FFFFFF&feature=COLOR:AK-618-16&feature=FINISH:LEG014-3', 1295, 10, 'MXWL.FABRIC.CHSE.CHAISE - AK-618-175 - Leg014-1'),
    (19, 7, 'https://content.cylindo.com/api/v2/4472/products/MXWL.FABRIC.CHSE.CHAISE/frames/1/MXWL.FABRIC.CHSE.CHAISE.JPG?background=FFFFFF&feature=COLOR:AK-618-16&feature=FINISH:LEG014-3', 1295, 10, 'MXWL.FABRIC.CHSE.CHAISE - AK-618-175 - Leg014-3'),
    (19, 8, 'https://content.cylindo.com/api/v2/4472/products/MXWL.FABRIC.CHSE.CHAISE/frames/1/MXWL.FABRIC.CHSE.CHAISE.JPG?background=FFFFFF&feature=COLOR:AK-618-16&feature=FINISH:LEG014-3', 1295, 10, 'MXWL.FABRIC.CHSE.CHAISE - AK-618-175 - Leg001-1'),
    (19, 9, 'https://content.cylindo.com/api/v2/4472/products/MXWL.FABRIC.CHSE.CHAISE/frames/1/MXWL.FABRIC.CHSE.CHAISE.JPG?background=FFFFFF&feature=COLOR:AK-618-16&feature=FINISH:LEG014-3', 1295, 10, 'MXWL.FABRIC.CHSE.CHAISE - AK-618-21 - Leg014-2'),
    (19, 10, 'https://content.cylindo.com/api/v2/4472/products/MXWL.FABRIC.CHSE.CHAISE/frames/1/MXWL.FABRIC.CHSE.CHAISE.JPG?background=FFFFFF&feature=COLOR:AK-618-16&feature=FINISH:LEG014-3', 1295, 10, 'MXWL.FABRIC.CHSE.CHAISE - AK-618-21 - Leg014-1'),
    (19, 11, 'https://content.cylindo.com/api/v2/4472/products/MXWL.FABRIC.CHSE.CHAISE/frames/1/MXWL.FABRIC.CHSE.CHAISE.JPG?background=FFFFFF&feature=COLOR:AK-618-16&feature=FINISH:LEG014-3', 1295, 10, 'MXWL.FABRIC.CHSE.CHAISE - AK-618-21 - Leg014-3'),
    (19, 12, 'https://content.cylindo.com/api/v2/4472/products/MXWL.FABRIC.CHSE.CHAISE/frames/1/MXWL.FABRIC.CHSE.CHAISE.JPG?background=FFFFFF&feature=COLOR:AK-618-16&feature=FINISH:LEG014-3', 1295, 10, 'MXWL.FABRIC.CHSE.CHAISE - AK-618-21 - Leg001-1'),
    (19, 13, 'https://content.cylindo.com/api/v2/4472/products/MXWL.FABRIC.CHSE.CHAISE/frames/1/MXWL.FABRIC.CHSE.CHAISE.JPG?background=FFFFFF&feature=COLOR:AK-618-16&feature=FINISH:LEG014-3', 1295, 10, 'MXWL.FABRIC.CHSE.CHAISE - AK-618-134 - Leg014-2'),
    (19, 14, 'https://content.cylindo.com/api/v2/4472/products/MXWL.FABRIC.CHSE.CHAISE/frames/1/MXWL.FABRIC.CHSE.CHAISE.JPG?background=FFFFFF&feature=COLOR:AK-618-16&feature=FINISH:LEG014-3', 1295, 10, 'MXWL.FABRIC.CHSE.CHAISE - AK-618-134 - Leg014-1'),
    (19, 15, 'https://content.cylindo.com/api/v2/4472/products/MXWL.FABRIC.CHSE.CHAISE/frames/1/MXWL.FABRIC.CHSE.CHAISE.JPG?background=FFFFFF&feature=COLOR:AK-618-16&feature=FINISH:LEG014-3', 1295, 10, 'MXWL.FABRIC.CHSE.CHAISE - AK-618-134 - Leg014-3'),
    (19, 16, 'https://content.cylindo.com/api/v2/4472/products/MXWL.FABRIC.CHSE.CHAISE/frames/1/MXWL.FABRIC.CHSE.CHAISE.JPG?background=FFFFFF&feature=COLOR:AK-618-16&feature=FINISH:LEG014-3', 1295, 10, 'MXWL.FABRIC.CHSE.CHAISE - AK-618-134 - Leg001-1'),
    (19, 17, 'https://content.cylindo.com/api/v2/4472/products/MXWL.FABRIC.CHSE.CHAISE/frames/1/MXWL.FABRIC.CHSE.CHAISE.JPG?background=FFFFFF&feature=COLOR:AK-618-16&feature=FINISH:LEG014-3', 1295, 10, 'MXWL.FABRIC.CHSE.CHAISE - AK-618-184 - Leg014-2'),
    (19, 18, 'https://content.cylindo.com/api/v2/4472/products/MXWL.FABRIC.CHSE.CHAISE/frames/1/MXWL.FABRIC.CHSE.CHAISE.JPG?background=FFFFFF&feature=COLOR:AK-618-16&feature=FINISH:LEG014-3', 1295, 10, 'MXWL.FABRIC.CHSE.CHAISE - AK-618-184 - Leg014-1'),
    (19, 19, 'https://content.cylindo.com/api/v2/4472/products/MXWL.FABRIC.CHSE.CHAISE/frames/1/MXWL.FABRIC.CHSE.CHAISE.JPG?background=FFFFFF&feature=COLOR:AK-618-16&feature=FINISH:LEG014-3', 1295, 10, 'MXWL.FABRIC.CHSE.CHAISE - AK-618-184 - Leg014-3'),
    (19, 20, 'https://content.cylindo.com/api/v2/4472/products/MXWL.FABRIC.CHSE.CHAISE/frames/1/MXWL.FABRIC.CHSE.CHAISE.JPG?background=FFFFFF&feature=COLOR:AK-618-16&feature=FINISH:LEG014-3', 1295, 10, 'MXWL.FABRIC.CHSE.CHAISE - AK-618-184 - Leg001-1'),
    (20, 1, 'https://content.cylindo.com/api/v2/4472/products/SLON.FABRIC.CHAR.PETITE/frames/1/SLON.FABRIC.CHAR.PETITE.JPG?background=FFFFFF&feature=COLOR:BI-132&feature=FINISH:Leg001-1', 845, 10, 'SLON.FABRIC.CHAR.PETITE - BI-132 - Leg001-1'),
    (20, 2, 'https://content.cylindo.com/api/v2/4472/products/SLON.FABRIC.CHAR.PETITE/frames/1/SLON.FABRIC.CHAR.PETITE.JPG?background=FFFFFF&feature=COLOR:BI-132&feature=FINISH:Leg001-2', 845, 10, 'SLON.FABRIC.CHAR.PETITE - BI-132 - Leg001-2'),
    (20, 3, 'https://content.cylindo.com/api/v2/4472/products/SLON.FABRIC.CHAR.PETITE/frames/1/SLON.FABRIC.CHAR.PETITE.JPG?background=FFFFFF&feature=COLOR:BI-132&feature=FINISH:Leg001-3', 845, 10, 'SLON.FABRIC.CHAR.PETITE - BI-132 - Leg001-3'),
    (20, 4, 'https://content.cylindo.com/api/v2/4472/products/SLON.FABRIC.CHAR.PETITE/frames/1/SLON.FABRIC.CHAR.PETITE.JPG?background=FFFFFF&feature=COLOR:BI-132&feature=FINISH:Leg008-1', 845, 10, 'SLON.FABRIC.CHAR.PETITE - BI-132 - Leg008-1'),
    (20, 5, 'https://content.cylindo.com/api/v2/4472/products/SLON.FABRIC.CHAR.PETITE/frames/1/SLON.FABRIC.CHAR.PETITE.JPG?background=FFFFFF&feature=COLOR:BI-134&feature=FINISH:Leg001-1', 845, 10, 'SLON.FABRIC.CHAR.PETITE - BI-134 - Leg001-1'),
    (20, 6, 'https://content.cylindo.com/api/v2/4472/products/SLON.FABRIC.CHAR.PETITE/frames/1/SLON.FABRIC.CHAR.PETITE.JPG?background=FFFFFF&feature=COLOR:BI-134&feature=FINISH:Leg001-2', 845, 10, 'SLON.FABRIC.CHAR.PETITE - BI-134 - Leg001-2'),
    (20, 7, 'https://content.cylindo.com/api/v2/4472/products/SLON.FABRIC.CHAR.PETITE/frames/1/SLON.FABRIC.CHAR.PETITE.JPG?background=FFFFFF&feature=COLOR:BI-134&feature=FINISH:Leg001-3', 845, 10, 'SLON.FABRIC.CHAR.PETITE - BI-134 - Leg001-3'),
    (20, 8, 'https://content.cylindo.com/api/v2/4472/products/SLON.FABRIC.CHAR.PETITE/frames/1/SLON.FABRIC.CHAR.PETITE.JPG?background=FFFFFF&feature=COLOR:BI-134&feature=FINISH:Leg008-1', 845, 10, 'SLON.FABRIC.CHAR.PETITE - BI-134 - Leg008-1'),
    (20, 9, 'https://content.cylindo.com/api/v2/4472/products/SLON.FABRIC.CHAR.PETITE/frames/1/SLON.FABRIC.CHAR.PETITE.JPG?background=FFFFFF&feature=COLOR:BI-133&feature=FINISH:Leg001-1', 845, 10, 'SLON.FABRIC.CHAR.PETITE - BI-133 - Leg001-1'),
    (20, 10, 'https://content.cylindo.com/api/v2/4472/products/SLON.FABRIC.CHAR.PETITE/frames/1/SLON.FABRIC.CHAR.PETITE.JPG?background=FFFFFF&feature=COLOR:BI-133&feature=FINISH:Leg001-2', 845, 10, 'SLON.FABRIC.CHAR.PETITE - BI-133 - Leg001-2'),
    (20, 11, 'https://content.cylindo.com/api/v2/4472/products/SLON.FABRIC.CHAR.PETITE/frames/1/SLON.FABRIC.CHAR.PETITE.JPG?background=FFFFFF&feature=COLOR:BI-133&feature=FINISH:Leg001-3', 845, 10, 'SLON.FABRIC.CHAR.PETITE - BI-133 - Leg001-3'),
    (20, 12, 'https://content.cylindo.com/api/v2/4472/products/SLON.FABRIC.CHAR.PETITE/frames/1/SLON.FABRIC.CHAR.PETITE.JPG?background=FFFFFF&feature=COLOR:BI-133&feature=FINISH:Leg008-1', 845, 10, 'SLON.FABRIC.CHAR.PETITE - BI-133 - Leg008-1'),
    (20, 13, 'https://content.cylindo.com/api/v2/4472/products/SLON.FABRIC.CHAR.PETITE/frames/1/SLON.FABRIC.CHAR.PETITE.JPG?background=FFFFFF&feature=COLOR:SE-161&feature=FINISH:Leg001-1', 845, 10, 'SLON.FABRIC.CHAR.PETITE - SE-161 - Leg001-1'),
    (20, 14, 'https://content.cylindo.com/api/v2/4472/products/SLON.FABRIC.CHAR.PETITE/frames/1/SLON.FABRIC.CHAR.PETITE.JPG?background=FFFFFF&feature=COLOR:SE-161&feature=FINISH:Leg001-2', 845, 10, 'SLON.FABRIC.CHAR.PETITE - SE-161 - Leg001-2'),
    (20, 15, 'https://content.cylindo.com/api/v2/4472/products/SLON.FABRIC.CHAR.PETITE/frames/1/SLON.FABRIC.CHAR.PETITE.JPG?background=FFFFFF&feature=COLOR:SE-161&feature=FINISH:Leg001-3', 845, 10, 'SLON.FABRIC.CHAR.PETITE - SE-161 - Leg001-3'),
    (20, 16, 'https://content.cylindo.com/api/v2/4472/products/SLON.FABRIC.CHAR.PETITE/frames/1/SLON.FABRIC.CHAR.PETITE.JPG?background=FFFFFF&feature=COLOR:SE-161&feature=FINISH:Leg008-1', 845, 10, 'SLON.FABRIC.CHAR.PETITE - SE-161 - Leg008-1'),
    (20, 17, 'https://content.cylindo.com/api/v2/4472/products/SLON.FABRIC.CHAR.PETITE/frames/1/SLON.FABRIC.CHAR.PETITE.JPG?background=FFFFFF&feature=COLOR:SE-167&feature=FINISH:Leg001-1', 845, 10, 'SLON.FABRIC.CHAR.PETITE - SE-167 - Leg001-1'),
    (20, 18, 'https://content.cylindo.com/api/v2/4472/products/SLON.FABRIC.CHAR.PETITE/frames/1/SLON.FABRIC.CHAR.PETITE.JPG?background=FFFFFF&feature=COLOR:SE-167&feature=FINISH:Leg001-2', 845, 10, 'SLON.FABRIC.CHAR.PETITE - SE-167 - Leg001-2'),
    (20, 19, 'https://content.cylindo.com/api/v2/4472/products/SLON.FABRIC.CHAR.PETITE/frames/1/SLON.FABRIC.CHAR.PETITE.JPG?background=FFFFFF&feature=COLOR:SE-167&feature=FINISH:Leg001-3', 845, 10, 'SLON.FABRIC.CHAR.PETITE - SE-167 - Leg001-3'),
    (20, 20, 'https://content.cylindo.com/api/v2/4472/products/SLON.FABRIC.CHAR.PETITE/frames/1/SLON.FABRIC.CHAR.PETITE.JPG?background=FFFFFF&feature=COLOR:SE-167&feature=FINISH:Leg008-1', 845, 10, 'SLON.FABRIC.CHAR.PETITE - SE-167 - Leg008-1');
INSERT INTO "variant_value"(product_id, option_id, variant_id, category_id, option_value)
VALUES
    (17, 1, 1, 3, 'Greige'),
    (17, 2, 1, 3, 'Matte Black'),
    (17, 1, 2, 3, 'Greige'),
    (17, 2, 2, 3, 'Natural Oak'),
    (17, 1, 3, 3, 'Blush'),
    (17, 2, 3, 3, 'Matte Black'),
    (17, 1, 4, 3, 'Blush'),
    (17, 2, 4, 3, 'Natural Oak'),
    (18, 1, 1, 3, 'Wheat'),
    (18, 2, 1, 3, 'Oiled Walnut with Brass Cap'),
    (18, 1, 2, 3, 'Wheat'),
    (18, 2, 2, 3, 'Natural Oak with Antique Cap'),
    (18, 1, 3, 3, 'Earth'),
    (18, 2, 3, 3, 'Oiled Walnut with Brass Cap'),
    (18, 1, 4, 3, 'Earth'),
    (18, 2, 4, 3, 'Natural Oak with Antique Cap'),
    (19, 1, 1, 3, 'Greige'),
    (19, 2, 1, 3, 'Matte Black'),
    (19, 1, 2, 3, 'Greige'),
    (19, 2, 2, 3, 'Natural Oak'),
    (19, 1, 3, 3, 'Blush'),
    (19, 2, 3, 3, 'Matte Black'),
    (19, 1, 4, 3, 'Blush'),
    (19, 2, 4, 3, 'Natural Oak'),
    (20, 1, 1, 3, 'Opal'),
    (20, 2, 1, 3, 'Oiled Walnut'),
    (20, 1, 2, 3, 'Opal'),
    (20, 2, 2, 3, 'Natural Oak'),
    (20, 1, 3, 3, 'Abyss'),
    (20, 2, 3, 3, 'Oiled Walnut'),
    (20, 1, 4, 3, 'Abyss'),
    (20, 2, 4, 3, 'Natural Oak');
